Analysis & Synthesis report for cpu
Mon Jun 30 17:39:47 2025
Quartus Prime Version 18.1.0 Build 625 09/12/2018 SJ Lite Edition


---------------------
; Table of Contents ;
---------------------
  1. Legal Notice
  2. Analysis & Synthesis Summary
  3. Analysis & Synthesis Settings
  4. Parallel Compilation
  5. Analysis & Synthesis Source Files Read
  6. Analysis & Synthesis Resource Usage Summary
  7. Analysis & Synthesis Resource Utilization by Entity
  8. Analysis & Synthesis RAM Summary
  9. State Machine - |cpu|Multiplicador:multiplicador|CONTROL:control|state
 10. Registers Removed During Synthesis
 11. General Register Statistics
 12. Inverted Register Statistics
 13. Multiplexer Restructuring Statistics (Restructuring Performed)
 14. Source assignments for Top-level Entity: |cpu
 15. Source assignments for InstMem:IM|altsyncram:altsyncram_component|altsyncram_jv91:auto_generated
 16. Source assignments for datamemory:Data_Memory|altsyncram:altsyncram_component|altsyncram_28i1:auto_generated
 17. Parameter Settings for User Entity Instance: PLL:pll|altpll:altpll_component
 18. Parameter Settings for User Entity Instance: InstMem:IM|altsyncram:altsyncram_component
 19. Parameter Settings for User Entity Instance: register:IMM
 20. Parameter Settings for User Entity Instance: register:CTRL1
 21. Parameter Settings for User Entity Instance: Multiplicador:multiplicador|CONTROL:control
 22. Parameter Settings for User Entity Instance: datamemory:Data_Memory|altsyncram:altsyncram_component
 23. Parameter Settings for User Entity Instance: register:D
 24. Parameter Settings for User Entity Instance: register:CTRL2
 25. altpll Parameter Settings by Entity Instance
 26. altsyncram Parameter Settings by Entity Instance
 27. Port Connectivity Checks: "register:CTRL2"
 28. Port Connectivity Checks: "ADDRDecoding:AddrDecoding"
 29. Port Connectivity Checks: "Multiplicador:multiplicador|ACC:acc"
 30. Port Connectivity Checks: "Multiplicador:multiplicador"
 31. Port Connectivity Checks: "register:CTRL1"
 32. Port Connectivity Checks: "extend:Extend"
 33. Port Connectivity Checks: "InstMem:IM"
 34. Post-Synthesis Netlist Statistics for Top Partition
 35. Elapsed Time Per Partition
 36. Analysis & Synthesis Messages
 37. Analysis & Synthesis Suppressed Messages



----------------
; Legal Notice ;
----------------
Copyright (C) 2018  Intel Corporation. All rights reserved.
Your use of Intel Corporation's design tools, logic functions 
and other software and tools, and its AMPP partner logic 
functions, and any output files from any of the foregoing 
(including device programming or simulation files), and any 
associated documentation or information are expressly subject 
to the terms and conditions of the Intel Program License 
Subscription Agreement, the Intel Quartus Prime License Agreement,
the Intel FPGA IP License Agreement, or other applicable license
agreement, including, without limitation, that your use is for
the sole purpose of programming logic devices manufactured by
Intel and sold by Intel or its authorized distributors.  Please
refer to the applicable agreement for further details.



+----------------------------------------------------------------------------------+
; Analysis & Synthesis Summary                                                     ;
+------------------------------------+---------------------------------------------+
; Analysis & Synthesis Status        ; Successful - Mon Jun 30 17:39:47 2025       ;
; Quartus Prime Version              ; 18.1.0 Build 625 09/12/2018 SJ Lite Edition ;
; Revision Name                      ; cpu                                         ;
; Top-level Entity Name              ; cpu                                         ;
; Family                             ; Cyclone IV GX                               ;
; Total logic elements               ; 3,325                                       ;
;     Total combinational functions  ; 2,332                                       ;
;     Dedicated logic registers      ; 1,250                                       ;
; Total registers                    ; 1250                                        ;
; Total pins                         ; 263                                         ;
; Total virtual pins                 ; 0                                           ;
; Total memory bits                  ; 65,536                                      ;
; Embedded Multiplier 9-bit elements ; 0                                           ;
; Total GXB Receiver Channel PCS     ; 0                                           ;
; Total GXB Receiver Channel PMA     ; 0                                           ;
; Total GXB Transmitter Channel PCS  ; 0                                           ;
; Total GXB Transmitter Channel PMA  ; 0                                           ;
; Total PLLs                         ; 1                                           ;
+------------------------------------+---------------------------------------------+


+------------------------------------------------------------------------------------------------------------+
; Analysis & Synthesis Settings                                                                              ;
+------------------------------------------------------------------+--------------------+--------------------+
; Option                                                           ; Setting            ; Default Value      ;
+------------------------------------------------------------------+--------------------+--------------------+
; Device                                                           ; EP4CGX150DF31I7AD  ;                    ;
; Top-level entity name                                            ; cpu                ; cpu                ;
; Family name                                                      ; Cyclone IV GX      ; Cyclone V          ;
; Use smart compilation                                            ; Off                ; Off                ;
; Enable parallel Assembler and Timing Analyzer during compilation ; On                 ; On                 ;
; Enable compact report table                                      ; Off                ; Off                ;
; Restructure Multiplexers                                         ; Auto               ; Auto               ;
; Create Debugging Nodes for IP Cores                              ; Off                ; Off                ;
; Preserve fewer node names                                        ; On                 ; On                 ;
; Intel FPGA IP Evaluation Mode                                    ; Enable             ; Enable             ;
; Verilog Version                                                  ; Verilog_2001       ; Verilog_2001       ;
; VHDL Version                                                     ; VHDL_1993          ; VHDL_1993          ;
; State Machine Processing                                         ; Auto               ; Auto               ;
; Safe State Machine                                               ; Off                ; Off                ;
; Extract Verilog State Machines                                   ; On                 ; On                 ;
; Extract VHDL State Machines                                      ; On                 ; On                 ;
; Ignore Verilog initial constructs                                ; Off                ; Off                ;
; Iteration limit for constant Verilog loops                       ; 5000               ; 5000               ;
; Iteration limit for non-constant Verilog loops                   ; 250                ; 250                ;
; Add Pass-Through Logic to Inferred RAMs                          ; On                 ; On                 ;
; Infer RAMs from Raw Logic                                        ; On                 ; On                 ;
; Parallel Synthesis                                               ; On                 ; On                 ;
; DSP Block Balancing                                              ; Auto               ; Auto               ;
; NOT Gate Push-Back                                               ; On                 ; On                 ;
; Power-Up Don't Care                                              ; On                 ; On                 ;
; Remove Redundant Logic Cells                                     ; Off                ; Off                ;
; Remove Duplicate Registers                                       ; On                 ; On                 ;
; Ignore CARRY Buffers                                             ; Off                ; Off                ;
; Ignore CASCADE Buffers                                           ; Off                ; Off                ;
; Ignore GLOBAL Buffers                                            ; Off                ; Off                ;
; Ignore ROW GLOBAL Buffers                                        ; Off                ; Off                ;
; Ignore LCELL Buffers                                             ; Off                ; Off                ;
; Ignore SOFT Buffers                                              ; On                 ; On                 ;
; Limit AHDL Integers to 32 Bits                                   ; Off                ; Off                ;
; Optimization Technique                                           ; Balanced           ; Balanced           ;
; Carry Chain Length                                               ; 70                 ; 70                 ;
; Auto Carry Chains                                                ; On                 ; On                 ;
; Auto Open-Drain Pins                                             ; On                 ; On                 ;
; Perform WYSIWYG Primitive Resynthesis                            ; Off                ; Off                ;
; Auto ROM Replacement                                             ; On                 ; On                 ;
; Auto RAM Replacement                                             ; On                 ; On                 ;
; Auto DSP Block Replacement                                       ; On                 ; On                 ;
; Auto Shift Register Replacement                                  ; Auto               ; Auto               ;
; Allow Shift Register Merging across Hierarchies                  ; Auto               ; Auto               ;
; Auto Clock Enable Replacement                                    ; On                 ; On                 ;
; Strict RAM Replacement                                           ; Off                ; Off                ;
; Allow Synchronous Control Signals                                ; On                 ; On                 ;
; Force Use of Synchronous Clear Signals                           ; Off                ; Off                ;
; Auto RAM Block Balancing                                         ; On                 ; On                 ;
; Auto RAM to Logic Cell Conversion                                ; Off                ; Off                ;
; Auto Resource Sharing                                            ; Off                ; Off                ;
; Allow Any RAM Size For Recognition                               ; Off                ; Off                ;
; Allow Any ROM Size For Recognition                               ; Off                ; Off                ;
; Allow Any Shift Register Size For Recognition                    ; Off                ; Off                ;
; Use LogicLock Constraints during Resource Balancing              ; On                 ; On                 ;
; Ignore translate_off and synthesis_off directives                ; Off                ; Off                ;
; Timing-Driven Synthesis                                          ; On                 ; On                 ;
; Report Parameter Settings                                        ; On                 ; On                 ;
; Report Source Assignments                                        ; On                 ; On                 ;
; Report Connectivity Checks                                       ; On                 ; On                 ;
; Ignore Maximum Fan-Out Assignments                               ; Off                ; Off                ;
; Synchronization Register Chain Length                            ; 2                  ; 2                  ;
; Power Optimization During Synthesis                              ; Normal compilation ; Normal compilation ;
; HDL message level                                                ; Level2             ; Level2             ;
; Suppress Register Optimization Related Messages                  ; Off                ; Off                ;
; Number of Removed Registers Reported in Synthesis Report         ; 5000               ; 5000               ;
; Number of Swept Nodes Reported in Synthesis Report               ; 5000               ; 5000               ;
; Number of Inverted Registers Reported in Synthesis Report        ; 100                ; 100                ;
; Clock MUX Protection                                             ; On                 ; On                 ;
; Auto Gated Clock Conversion                                      ; Off                ; Off                ;
; Block Design Naming                                              ; Auto               ; Auto               ;
; SDC constraint protection                                        ; Off                ; Off                ;
; Synthesis Effort                                                 ; Auto               ; Auto               ;
; Shift Register Replacement - Allow Asynchronous Clear Signal     ; On                 ; On                 ;
; Pre-Mapping Resynthesis Optimization                             ; Off                ; Off                ;
; Analysis & Synthesis Message Level                               ; Medium             ; Medium             ;
; Disable Register Merging Across Hierarchies                      ; Auto               ; Auto               ;
; Resource Aware Inference For Block RAM                           ; On                 ; On                 ;
+------------------------------------------------------------------+--------------------+--------------------+


+------------------------------------------+
; Parallel Compilation                     ;
+----------------------------+-------------+
; Processors                 ; Number      ;
+----------------------------+-------------+
; Number detected on machine ; 8           ;
; Maximum allowed            ; 4           ;
;                            ;             ;
; Average used               ; 1.00        ;
; Maximum used               ; 4           ;
;                            ;             ;
; Usage by Processor         ; % Time Used ;
;     Processor 1            ; 100.0%      ;
;     Processor 2            ;   0.1%      ;
;     Processor 3            ;   0.1%      ;
;     Processor 4            ;   0.1%      ;
+----------------------------+-------------+


+---------------------------------------------------------------------------------------------------------------------------------------------------------------------------------+
; Analysis & Synthesis Source Files Read                                                                                                                                          ;
+---------------------------------------+-----------------+------------------------------+------------------------------------------------------------------------------+---------+
; File Name with User-Entered Path      ; Used in Netlist ; File Type                    ; File Name with Absolute Path                                                 ; Library ;
+---------------------------------------+-----------------+------------------------------+------------------------------------------------------------------------------+---------+
; PLL/PLL.v                             ; yes             ; User Wizard-Generated File   ; C:/Projects/RISCV-ELTD05/PLL/PLL.v                                           ;         ;
; RegisterFile/registerfile.v           ; yes             ; User Verilog HDL File        ; C:/Projects/RISCV-ELTD05/RegisterFile/registerfile.v                         ;         ;
; Register/register.v                   ; yes             ; User Verilog HDL File        ; C:/Projects/RISCV-ELTD05/Register/register.v                                 ;         ;
; PC/PC.v                               ; yes             ; User Verilog HDL File        ; C:/Projects/RISCV-ELTD05/PC/PC.v                                             ;         ;
; MUX/mux.v                             ; yes             ; User Verilog HDL File        ; C:/Projects/RISCV-ELTD05/MUX/mux.v                                           ;         ;
; Multiplicador/Counter/Counter.v       ; yes             ; User Verilog HDL File        ; C:/Projects/RISCV-ELTD05/Multiplicador/Counter/Counter.v                     ;         ;
; Multiplicador/CONTROL/CONTROL.v       ; yes             ; User Verilog HDL File        ; C:/Projects/RISCV-ELTD05/Multiplicador/CONTROL/CONTROL.v                     ;         ;
; Multiplicador/Adder/Adder.v           ; yes             ; User Verilog HDL File        ; C:/Projects/RISCV-ELTD05/Multiplicador/Adder/Adder.v                         ;         ;
; Multiplicador/ACC/ACC.v               ; yes             ; User Verilog HDL File        ; C:/Projects/RISCV-ELTD05/Multiplicador/ACC/ACC.v                             ;         ;
; Multiplicador/Multiplicador.v         ; yes             ; User Verilog HDL File        ; C:/Projects/RISCV-ELTD05/Multiplicador/Multiplicador.v                       ;         ;
; InstMem/InstMem.v                     ; yes             ; User Wizard-Generated File   ; C:/Projects/RISCV-ELTD05/InstMem/InstMem.v                                   ;         ;
; Extend/extend.v                       ; yes             ; User Verilog HDL File        ; C:/Projects/RISCV-ELTD05/Extend/extend.v                                     ;         ;
; DataMemory/datamemory.v               ; yes             ; User Wizard-Generated File   ; C:/Projects/RISCV-ELTD05/DataMemory/datamemory.v                             ;         ;
; Control/control.v                     ; yes             ; User Verilog HDL File        ; C:/Projects/RISCV-ELTD05/Control/control.v                                   ;         ;
; ALU/alu.v                             ; yes             ; User Verilog HDL File        ; C:/Projects/RISCV-ELTD05/ALU/alu.v                                           ;         ;
; ADDRDecoding_Prog/ADDRDecoding_Prog.v ; yes             ; User Verilog HDL File        ; C:/Projects/RISCV-ELTD05/ADDRDecoding_Prog/ADDRDecoding_Prog.v               ;         ;
; ADDRDecoding/ADDRDecoding.v           ; yes             ; User Verilog HDL File        ; C:/Projects/RISCV-ELTD05/ADDRDecoding/ADDRDecoding.v                         ;         ;
; cpu.v                                 ; yes             ; User Verilog HDL File        ; C:/Projects/RISCV-ELTD05/cpu.v                                               ;         ;
; altpll.tdf                            ; yes             ; Megafunction                 ; c:/intelfpga_lite/18.1/quartus/libraries/megafunctions/altpll.tdf            ;         ;
; aglobal181.inc                        ; yes             ; Megafunction                 ; c:/intelfpga_lite/18.1/quartus/libraries/megafunctions/aglobal181.inc        ;         ;
; stratix_pll.inc                       ; yes             ; Megafunction                 ; c:/intelfpga_lite/18.1/quartus/libraries/megafunctions/stratix_pll.inc       ;         ;
; stratixii_pll.inc                     ; yes             ; Megafunction                 ; c:/intelfpga_lite/18.1/quartus/libraries/megafunctions/stratixii_pll.inc     ;         ;
; cycloneii_pll.inc                     ; yes             ; Megafunction                 ; c:/intelfpga_lite/18.1/quartus/libraries/megafunctions/cycloneii_pll.inc     ;         ;
; db/pll_altpll.v                       ; yes             ; Auto-Generated Megafunction  ; C:/Projects/RISCV-ELTD05/db/pll_altpll.v                                     ;         ;
; altsyncram.tdf                        ; yes             ; Megafunction                 ; c:/intelfpga_lite/18.1/quartus/libraries/megafunctions/altsyncram.tdf        ;         ;
; stratix_ram_block.inc                 ; yes             ; Megafunction                 ; c:/intelfpga_lite/18.1/quartus/libraries/megafunctions/stratix_ram_block.inc ;         ;
; lpm_mux.inc                           ; yes             ; Megafunction                 ; c:/intelfpga_lite/18.1/quartus/libraries/megafunctions/lpm_mux.inc           ;         ;
; lpm_decode.inc                        ; yes             ; Megafunction                 ; c:/intelfpga_lite/18.1/quartus/libraries/megafunctions/lpm_decode.inc        ;         ;
; a_rdenreg.inc                         ; yes             ; Megafunction                 ; c:/intelfpga_lite/18.1/quartus/libraries/megafunctions/a_rdenreg.inc         ;         ;
; altrom.inc                            ; yes             ; Megafunction                 ; c:/intelfpga_lite/18.1/quartus/libraries/megafunctions/altrom.inc            ;         ;
; altram.inc                            ; yes             ; Megafunction                 ; c:/intelfpga_lite/18.1/quartus/libraries/megafunctions/altram.inc            ;         ;
; altdpram.inc                          ; yes             ; Megafunction                 ; c:/intelfpga_lite/18.1/quartus/libraries/megafunctions/altdpram.inc          ;         ;
; db/altsyncram_jv91.tdf                ; yes             ; Auto-Generated Megafunction  ; C:/Projects/RISCV-ELTD05/db/altsyncram_jv91.tdf                              ;         ;
; db/altsyncram_28i1.tdf                ; yes             ; Auto-Generated Megafunction  ; C:/Projects/RISCV-ELTD05/db/altsyncram_28i1.tdf                              ;         ;
+---------------------------------------+-----------------+------------------------------+------------------------------------------------------------------------------+---------+


+---------------------------------------------+
; Analysis & Synthesis Resource Usage Summary ;
+--------------------------+------------------+
; Resource                 ; Usage            ;
+--------------------------+------------------+
; I/O pins                 ; 263              ;
; Total memory bits        ; 65536            ;
;                          ;                  ;
; DSP block 9-bit elements ; 0                ;
;                          ;                  ;
; Total PLLs               ; 1                ;
;     -- PLLs              ; 1                ;
;                          ;                  ;
; Maximum fan-out node     ; CLK_SYS          ;
; Maximum fan-out          ; 1315             ;
; Total fan-out            ; 12793            ;
; Average fan-out          ; 3.07             ;
+--------------------------+------------------+


+------------------------------------------------------------------------------------------------------------------------------------------------------------------------------------------------------------------------------------------------------------------------------------------------------------------+
; Analysis & Synthesis Resource Utilization by Entity                                                                                                                                                                                                                                                              ;
+-------------------------------------------+---------------------+---------------------------+-------------+--------------+---------+-----------+-----------+------+--------------+--------------------------------------------------------------------------------------------+-------------------+--------------+
; Compilation Hierarchy Node                ; Combinational ALUTs ; Dedicated Logic Registers ; Memory Bits ; DSP Elements ; DSP 9x9 ; DSP 18x18 ; DSP 36x36 ; Pins ; Virtual Pins ; Full Hierarchy Name                                                                        ; Entity Name       ; Library Name ;
+-------------------------------------------+---------------------+---------------------------+-------------+--------------+---------+-----------+-----------+------+--------------+--------------------------------------------------------------------------------------------+-------------------+--------------+
; |cpu                                      ; 2332 (521)          ; 1250 (0)                  ; 65536       ; 0            ; 0       ; 0         ; 0         ; 263  ; 0            ; |cpu                                                                                       ; cpu               ; work         ;
;    |ADDRDecoding:AddrDecoding|            ; 12 (12)             ; 0 (0)                     ; 0           ; 0            ; 0       ; 0         ; 0         ; 0    ; 0            ; |cpu|ADDRDecoding:AddrDecoding                                                             ; ADDRDecoding      ; work         ;
;    |ADDRDecoding_Prog:addrDecoding_Prog|  ; 13 (13)             ; 0 (0)                     ; 0           ; 0            ; 0       ; 0         ; 0         ; 0    ; 0            ; |cpu|ADDRDecoding_Prog:addrDecoding_Prog                                                   ; ADDRDecoding_Prog ; work         ;
;    |InstMem:IM|                           ; 0 (0)               ; 0 (0)                     ; 32768       ; 0            ; 0       ; 0         ; 0         ; 0    ; 0            ; |cpu|InstMem:IM                                                                            ; InstMem           ; work         ;
;       |altsyncram:altsyncram_component|   ; 0 (0)               ; 0 (0)                     ; 32768       ; 0            ; 0       ; 0         ; 0         ; 0    ; 0            ; |cpu|InstMem:IM|altsyncram:altsyncram_component                                            ; altsyncram        ; work         ;
;          |altsyncram_jv91:auto_generated| ; 0 (0)               ; 0 (0)                     ; 32768       ; 0            ; 0       ; 0         ; 0         ; 0    ; 0            ; |cpu|InstMem:IM|altsyncram:altsyncram_component|altsyncram_jv91:auto_generated             ; altsyncram_jv91   ; work         ;
;    |Multiplicador:multiplicador|          ; 66 (0)              ; 43 (0)                    ; 0           ; 0            ; 0       ; 0         ; 0         ; 0    ; 0            ; |cpu|Multiplicador:multiplicador                                                           ; Multiplicador     ; work         ;
;       |ACC:acc|                           ; 18 (18)             ; 33 (33)                   ; 0           ; 0            ; 0       ; 0         ; 0         ; 0    ; 0            ; |cpu|Multiplicador:multiplicador|ACC:acc                                                   ; ACC               ; work         ;
;       |Adder:adder|                       ; 35 (35)             ; 0 (0)                     ; 0           ; 0            ; 0       ; 0         ; 0         ; 0    ; 0            ; |cpu|Multiplicador:multiplicador|Adder:adder                                               ; Adder             ; work         ;
;       |CONTROL:control|                   ; 5 (5)               ; 4 (4)                     ; 0           ; 0            ; 0       ; 0         ; 0         ; 0    ; 0            ; |cpu|Multiplicador:multiplicador|CONTROL:control                                           ; CONTROL           ; work         ;
;       |Counter:counter|                   ; 8 (8)               ; 6 (6)                     ; 0           ; 0            ; 0       ; 0         ; 0         ; 0    ; 0            ; |cpu|Multiplicador:multiplicador|Counter:counter                                           ; Counter           ; work         ;
;    |PC:pc|                                ; 152 (152)           ; 33 (33)                   ; 0           ; 0            ; 0       ; 0         ; 0         ; 0    ; 0            ; |cpu|PC:pc                                                                                 ; PC                ; work         ;
;    |PLL:pll|                              ; 0 (0)               ; 0 (0)                     ; 0           ; 0            ; 0       ; 0         ; 0         ; 0    ; 0            ; |cpu|PLL:pll                                                                               ; PLL               ; work         ;
;       |altpll:altpll_component|           ; 0 (0)               ; 0 (0)                     ; 0           ; 0            ; 0       ; 0         ; 0         ; 0    ; 0            ; |cpu|PLL:pll|altpll:altpll_component                                                       ; altpll            ; work         ;
;          |PLL_altpll:auto_generated|      ; 0 (0)               ; 0 (0)                     ; 0           ; 0            ; 0       ; 0         ; 0         ; 0    ; 0            ; |cpu|PLL:pll|altpll:altpll_component|PLL_altpll:auto_generated                             ; PLL_altpll        ; work         ;
;    |alu:ALU|                              ; 107 (107)           ; 0 (0)                     ; 0           ; 0            ; 0       ; 0         ; 0         ; 0    ; 0            ; |cpu|alu:ALU                                                                               ; alu               ; work         ;
;    |control:Control|                      ; 22 (22)             ; 0 (0)                     ; 0           ; 0            ; 0       ; 0         ; 0         ; 0    ; 0            ; |cpu|control:Control                                                                       ; control           ; work         ;
;    |datamemory:Data_Memory|               ; 0 (0)               ; 0 (0)                     ; 32768       ; 0            ; 0       ; 0         ; 0         ; 0    ; 0            ; |cpu|datamemory:Data_Memory                                                                ; datamemory        ; work         ;
;       |altsyncram:altsyncram_component|   ; 0 (0)               ; 0 (0)                     ; 32768       ; 0            ; 0       ; 0         ; 0         ; 0    ; 0            ; |cpu|datamemory:Data_Memory|altsyncram:altsyncram_component                                ; altsyncram        ; work         ;
;          |altsyncram_28i1:auto_generated| ; 0 (0)               ; 0 (0)                     ; 32768       ; 0            ; 0       ; 0         ; 0         ; 0    ; 0            ; |cpu|datamemory:Data_Memory|altsyncram:altsyncram_component|altsyncram_28i1:auto_generated ; altsyncram_28i1   ; work         ;
;    |mux:MuxOp2ALU|                        ; 32 (32)             ; 0 (0)                     ; 0           ; 0            ; 0       ; 0         ; 0         ; 0    ; 0            ; |cpu|mux:MuxOp2ALU                                                                         ; mux               ; work         ;
;    |mux:MuxProgMem|                       ; 6 (6)               ; 0 (0)                     ; 0           ; 0            ; 0       ; 0         ; 0         ; 0    ; 0            ; |cpu|mux:MuxProgMem                                                                        ; mux               ; work         ;
;    |register:CTRL1|                       ; 0 (0)               ; 14 (14)                   ; 0           ; 0            ; 0       ; 0         ; 0         ; 0    ; 0            ; |cpu|register:CTRL1                                                                        ; register          ; work         ;
;    |register:CTRL2|                       ; 1 (1)               ; 8 (8)                     ; 0           ; 0            ; 0       ; 0         ; 0         ; 0    ; 0            ; |cpu|register:CTRL2                                                                        ; register          ; work         ;
;    |register:D|                           ; 0 (0)               ; 32 (32)                   ; 0           ; 0            ; 0       ; 0         ; 0         ; 0    ; 0            ; |cpu|register:D                                                                            ; register          ; work         ;
;    |register:IMM|                         ; 0 (0)               ; 32 (32)                   ; 0           ; 0            ; 0       ; 0         ; 0         ; 0    ; 0            ; |cpu|register:IMM                                                                          ; register          ; work         ;
;    |registerfile:RegisterFile|            ; 1400 (1400)         ; 1088 (1088)               ; 0           ; 0            ; 0       ; 0         ; 0         ; 0    ; 0            ; |cpu|registerfile:RegisterFile                                                             ; registerfile      ; work         ;
+-------------------------------------------+---------------------+---------------------------+-------------+--------------+---------+-----------+-----------+------+--------------+--------------------------------------------------------------------------------------------+-------------------+--------------+
Note: For table entries with two numbers listed, the numbers in parentheses indicate the number of resources of the given type used by the specific entity alone. The numbers listed outside of parentheses indicate the total resources of the given type used by the specific entity and all of its sub-entities in the hierarchy.


+------------------------------------------------------------------------------------------------------------------------------------------------------------------------------------------------------+
; Analysis & Synthesis RAM Summary                                                                                                                                                                     ;
+--------------------------------------------------------------------------------------------------+------+-------------+--------------+--------------+--------------+--------------+-------+----------+
; Name                                                                                             ; Type ; Mode        ; Port A Depth ; Port A Width ; Port B Depth ; Port B Width ; Size  ; MIF      ;
+--------------------------------------------------------------------------------------------------+------+-------------+--------------+--------------+--------------+--------------+-------+----------+
; InstMem:IM|altsyncram:altsyncram_component|altsyncram_jv91:auto_generated|ALTSYNCRAM             ; AUTO ; ROM         ; 1024         ; 32           ; --           ; --           ; 32768 ; Code.hex ;
; datamemory:Data_Memory|altsyncram:altsyncram_component|altsyncram_28i1:auto_generated|ALTSYNCRAM ; AUTO ; Single Port ; 1024         ; 32           ; --           ; --           ; 32768 ; Data.hex ;
+--------------------------------------------------------------------------------------------------+------+-------------+--------------+--------------+--------------+--------------+-------+----------+


Encoding Type:  One-Hot
+------------------------------------------------------------------------+
; State Machine - |cpu|Multiplicador:multiplicador|CONTROL:control|state ;
+----------+----------+----------+----------+----------------------------+
; Name     ; state.S3 ; state.S2 ; state.S1 ; state.S0                   ;
+----------+----------+----------+----------+----------------------------+
; state.S0 ; 0        ; 0        ; 0        ; 0                          ;
; state.S1 ; 0        ; 0        ; 1        ; 1                          ;
; state.S2 ; 0        ; 1        ; 0        ; 1                          ;
; state.S3 ; 1        ; 0        ; 0        ; 1                          ;
+----------+----------+----------+----------+----------------------------+


+--------------------------------------------------------------------------+
; Registers Removed During Synthesis                                       ;
+-----------------------------------------------------+--------------------+
; Register name                                       ; Reason for Removal ;
+-----------------------------------------------------+--------------------+
; Multiplicador:multiplicador|CONTROL:control|state~2 ; Lost fanout        ;
; Multiplicador:multiplicador|CONTROL:control|state~3 ; Lost fanout        ;
; Total Number of Removed Registers = 2               ;                    ;
+-----------------------------------------------------+--------------------+


+------------------------------------------------------+
; General Register Statistics                          ;
+----------------------------------------------+-------+
; Statistic                                    ; Value ;
+----------------------------------------------+-------+
; Total registers                              ; 1250  ;
; Number of registers using Synchronous Clear  ; 5     ;
; Number of registers using Synchronous Load   ; 30    ;
; Number of registers using Asynchronous Clear ; 119   ;
; Number of registers using Asynchronous Load  ; 0     ;
; Number of registers using Clock Enable       ; 1058  ;
; Number of registers using Preset             ; 0     ;
+----------------------------------------------+-------+


+--------------------------------------------------+
; Inverted Register Statistics                     ;
+----------------------------------------+---------+
; Inverted Register                      ; Fan out ;
+----------------------------------------+---------+
; PC:pc|addr[6]                          ; 3       ;
; PC:pc|addr[9]                          ; 3       ;
; Total number of inverted registers = 2 ;         ;
+----------------------------------------+---------+


+-------------------------------------------------------------------------------------------------------------------------------------------------------------------------+
; Multiplexer Restructuring Statistics (Restructuring Performed)                                                                                                          ;
+--------------------+-----------+---------------+----------------------+------------------------+------------+-----------------------------------------------------------+
; Multiplexer Inputs ; Bus Width ; Baseline Area ; Area if Restructured ; Saving if Restructured ; Registered ; Example Multiplexer Output                                ;
+--------------------+-----------+---------------+----------------------+------------------------+------------+-----------------------------------------------------------+
; 3:1                ; 5 bits    ; 10 LEs        ; 5 LEs                ; 5 LEs                  ; Yes        ; |cpu|Multiplicador:multiplicador|Counter:counter|count[1] ;
; 3:1                ; 32 bits   ; 64 LEs        ; 32 LEs               ; 32 LEs                 ; Yes        ; |cpu|registerfile:RegisterFile|B[4]                       ;
; 3:1                ; 2 bits    ; 4 LEs         ; 2 LEs                ; 2 LEs                  ; Yes        ; |cpu|PC:pc|addr[0]                                        ;
; 3:1                ; 28 bits   ; 56 LEs        ; 56 LEs               ; 0 LEs                  ; Yes        ; |cpu|PC:pc|addr[8]                                        ;
; 3:1                ; 16 bits   ; 32 LEs        ; 16 LEs               ; 16 LEs                 ; Yes        ; |cpu|Multiplicador:multiplicador|ACC:acc|Saidas[1]        ;
; 3:1                ; 32 bits   ; 64 LEs        ; 32 LEs               ; 32 LEs                 ; Yes        ; |cpu|registerfile:RegisterFile|A[1]                       ;
; 4:1                ; 16 bits   ; 32 LEs        ; 32 LEs               ; 0 LEs                  ; Yes        ; |cpu|Multiplicador:multiplicador|ACC:acc|Saidas[29]       ;
; 3:1                ; 2 bits    ; 4 LEs         ; 4 LEs                ; 0 LEs                  ; Yes        ; |cpu|PC:pc|addr[9]                                        ;
; 4:1                ; 32 bits   ; 64 LEs        ; 64 LEs               ; 0 LEs                  ; No         ; |cpu|alu:ALU|Mux12                                        ;
; 64:1               ; 4 bits    ; 168 LEs       ; 32 LEs               ; 136 LEs                ; No         ; |cpu|control:Control|Selector0                            ;
; 64:1               ; 5 bits    ; 210 LEs       ; 10 LEs               ; 200 LEs                ; No         ; |cpu|control:Control|Selector4                            ;
+--------------------+-----------+---------------+----------------------+------------------------+------------+-----------------------------------------------------------+


+------------------------------------------------------------------+
; Source assignments for Top-level Entity: |cpu                    ;
+------------------------------+-------+------+--------------------+
; Assignment                   ; Value ; From ; To                 ;
+------------------------------+-------+------+--------------------+
; IGNORE_LCELL_BUFFERS         ; off   ; -    ; CS_WB              ;
; REMOVE_REDUNDANT_LOGIC_CELLS ; off   ; -    ; CS_WB              ;
; IGNORE_LCELL_BUFFERS         ; off   ; -    ; iAddress[9]        ;
; REMOVE_REDUNDANT_LOGIC_CELLS ; off   ; -    ; iAddress[9]        ;
; IGNORE_LCELL_BUFFERS         ; off   ; -    ; iAddress[8]        ;
; REMOVE_REDUNDANT_LOGIC_CELLS ; off   ; -    ; iAddress[8]        ;
; IGNORE_LCELL_BUFFERS         ; off   ; -    ; iAddress[7]        ;
; REMOVE_REDUNDANT_LOGIC_CELLS ; off   ; -    ; iAddress[7]        ;
; IGNORE_LCELL_BUFFERS         ; off   ; -    ; iAddress[6]        ;
; REMOVE_REDUNDANT_LOGIC_CELLS ; off   ; -    ; iAddress[6]        ;
; IGNORE_LCELL_BUFFERS         ; off   ; -    ; iAddress[5]        ;
; REMOVE_REDUNDANT_LOGIC_CELLS ; off   ; -    ; iAddress[5]        ;
; IGNORE_LCELL_BUFFERS         ; off   ; -    ; iAddress[4]        ;
; REMOVE_REDUNDANT_LOGIC_CELLS ; off   ; -    ; iAddress[4]        ;
; IGNORE_LCELL_BUFFERS         ; off   ; -    ; iAddress[3]        ;
; REMOVE_REDUNDANT_LOGIC_CELLS ; off   ; -    ; iAddress[3]        ;
; IGNORE_LCELL_BUFFERS         ; off   ; -    ; iAddress[2]        ;
; REMOVE_REDUNDANT_LOGIC_CELLS ; off   ; -    ; iAddress[2]        ;
; IGNORE_LCELL_BUFFERS         ; off   ; -    ; iAddress[1]        ;
; REMOVE_REDUNDANT_LOGIC_CELLS ; off   ; -    ; iAddress[1]        ;
; IGNORE_LCELL_BUFFERS         ; off   ; -    ; iAddress[0]        ;
; REMOVE_REDUNDANT_LOGIC_CELLS ; off   ; -    ; iAddress[0]        ;
; IGNORE_LCELL_BUFFERS         ; off   ; -    ; dataOut_Imm[31]    ;
; REMOVE_REDUNDANT_LOGIC_CELLS ; off   ; -    ; dataOut_Imm[31]    ;
; IGNORE_LCELL_BUFFERS         ; off   ; -    ; dataOut_Imm[30]    ;
; REMOVE_REDUNDANT_LOGIC_CELLS ; off   ; -    ; dataOut_Imm[30]    ;
; IGNORE_LCELL_BUFFERS         ; off   ; -    ; dataOut_Imm[29]    ;
; REMOVE_REDUNDANT_LOGIC_CELLS ; off   ; -    ; dataOut_Imm[29]    ;
; IGNORE_LCELL_BUFFERS         ; off   ; -    ; dataOut_Imm[28]    ;
; REMOVE_REDUNDANT_LOGIC_CELLS ; off   ; -    ; dataOut_Imm[28]    ;
; IGNORE_LCELL_BUFFERS         ; off   ; -    ; dataOut_Imm[27]    ;
; REMOVE_REDUNDANT_LOGIC_CELLS ; off   ; -    ; dataOut_Imm[27]    ;
; IGNORE_LCELL_BUFFERS         ; off   ; -    ; dataOut_Imm[26]    ;
; REMOVE_REDUNDANT_LOGIC_CELLS ; off   ; -    ; dataOut_Imm[26]    ;
; IGNORE_LCELL_BUFFERS         ; off   ; -    ; dataOut_Imm[25]    ;
; REMOVE_REDUNDANT_LOGIC_CELLS ; off   ; -    ; dataOut_Imm[25]    ;
; IGNORE_LCELL_BUFFERS         ; off   ; -    ; dataOut_Imm[24]    ;
; REMOVE_REDUNDANT_LOGIC_CELLS ; off   ; -    ; dataOut_Imm[24]    ;
; IGNORE_LCELL_BUFFERS         ; off   ; -    ; dataOut_Imm[23]    ;
; REMOVE_REDUNDANT_LOGIC_CELLS ; off   ; -    ; dataOut_Imm[23]    ;
; IGNORE_LCELL_BUFFERS         ; off   ; -    ; dataOut_Imm[22]    ;
; REMOVE_REDUNDANT_LOGIC_CELLS ; off   ; -    ; dataOut_Imm[22]    ;
; IGNORE_LCELL_BUFFERS         ; off   ; -    ; dataOut_Imm[21]    ;
; REMOVE_REDUNDANT_LOGIC_CELLS ; off   ; -    ; dataOut_Imm[21]    ;
; IGNORE_LCELL_BUFFERS         ; off   ; -    ; dataOut_Imm[20]    ;
; REMOVE_REDUNDANT_LOGIC_CELLS ; off   ; -    ; dataOut_Imm[20]    ;
; IGNORE_LCELL_BUFFERS         ; off   ; -    ; dataOut_Imm[19]    ;
; REMOVE_REDUNDANT_LOGIC_CELLS ; off   ; -    ; dataOut_Imm[19]    ;
; IGNORE_LCELL_BUFFERS         ; off   ; -    ; dataOut_Imm[18]    ;
; REMOVE_REDUNDANT_LOGIC_CELLS ; off   ; -    ; dataOut_Imm[18]    ;
; IGNORE_LCELL_BUFFERS         ; off   ; -    ; dataOut_Imm[17]    ;
; REMOVE_REDUNDANT_LOGIC_CELLS ; off   ; -    ; dataOut_Imm[17]    ;
; IGNORE_LCELL_BUFFERS         ; off   ; -    ; dataOut_Imm[16]    ;
; REMOVE_REDUNDANT_LOGIC_CELLS ; off   ; -    ; dataOut_Imm[16]    ;
; IGNORE_LCELL_BUFFERS         ; off   ; -    ; dataOut_Imm[15]    ;
; REMOVE_REDUNDANT_LOGIC_CELLS ; off   ; -    ; dataOut_Imm[15]    ;
; IGNORE_LCELL_BUFFERS         ; off   ; -    ; dataOut_Imm[14]    ;
; REMOVE_REDUNDANT_LOGIC_CELLS ; off   ; -    ; dataOut_Imm[14]    ;
; IGNORE_LCELL_BUFFERS         ; off   ; -    ; dataOut_Imm[13]    ;
; REMOVE_REDUNDANT_LOGIC_CELLS ; off   ; -    ; dataOut_Imm[13]    ;
; IGNORE_LCELL_BUFFERS         ; off   ; -    ; dataOut_Imm[12]    ;
; REMOVE_REDUNDANT_LOGIC_CELLS ; off   ; -    ; dataOut_Imm[12]    ;
; IGNORE_LCELL_BUFFERS         ; off   ; -    ; dataOut_Imm[11]    ;
; REMOVE_REDUNDANT_LOGIC_CELLS ; off   ; -    ; dataOut_Imm[11]    ;
; IGNORE_LCELL_BUFFERS         ; off   ; -    ; dataOut_Imm[10]    ;
; REMOVE_REDUNDANT_LOGIC_CELLS ; off   ; -    ; dataOut_Imm[10]    ;
; IGNORE_LCELL_BUFFERS         ; off   ; -    ; dataOut_Imm[9]     ;
; REMOVE_REDUNDANT_LOGIC_CELLS ; off   ; -    ; dataOut_Imm[9]     ;
; IGNORE_LCELL_BUFFERS         ; off   ; -    ; dataOut_Imm[8]     ;
; REMOVE_REDUNDANT_LOGIC_CELLS ; off   ; -    ; dataOut_Imm[8]     ;
; IGNORE_LCELL_BUFFERS         ; off   ; -    ; dataOut_Imm[7]     ;
; REMOVE_REDUNDANT_LOGIC_CELLS ; off   ; -    ; dataOut_Imm[7]     ;
; IGNORE_LCELL_BUFFERS         ; off   ; -    ; dataOut_Imm[6]     ;
; REMOVE_REDUNDANT_LOGIC_CELLS ; off   ; -    ; dataOut_Imm[6]     ;
; IGNORE_LCELL_BUFFERS         ; off   ; -    ; dataOut_Imm[5]     ;
; REMOVE_REDUNDANT_LOGIC_CELLS ; off   ; -    ; dataOut_Imm[5]     ;
; IGNORE_LCELL_BUFFERS         ; off   ; -    ; dataOut_Imm[4]     ;
; REMOVE_REDUNDANT_LOGIC_CELLS ; off   ; -    ; dataOut_Imm[4]     ;
; IGNORE_LCELL_BUFFERS         ; off   ; -    ; dataOut_Imm[3]     ;
; REMOVE_REDUNDANT_LOGIC_CELLS ; off   ; -    ; dataOut_Imm[3]     ;
; IGNORE_LCELL_BUFFERS         ; off   ; -    ; dataOut_Imm[2]     ;
; REMOVE_REDUNDANT_LOGIC_CELLS ; off   ; -    ; dataOut_Imm[2]     ;
; IGNORE_LCELL_BUFFERS         ; off   ; -    ; dataOut_Imm[1]     ;
; REMOVE_REDUNDANT_LOGIC_CELLS ; off   ; -    ; dataOut_Imm[1]     ;
; IGNORE_LCELL_BUFFERS         ; off   ; -    ; dataOut_Imm[0]     ;
; REMOVE_REDUNDANT_LOGIC_CELLS ; off   ; -    ; dataOut_Imm[0]     ;
; IGNORE_LCELL_BUFFERS         ; off   ; -    ; writeBack[31]      ;
; REMOVE_REDUNDANT_LOGIC_CELLS ; off   ; -    ; writeBack[31]      ;
; IGNORE_LCELL_BUFFERS         ; off   ; -    ; writeBack[30]      ;
; REMOVE_REDUNDANT_LOGIC_CELLS ; off   ; -    ; writeBack[30]      ;
; IGNORE_LCELL_BUFFERS         ; off   ; -    ; writeBack[29]      ;
; REMOVE_REDUNDANT_LOGIC_CELLS ; off   ; -    ; writeBack[29]      ;
; IGNORE_LCELL_BUFFERS         ; off   ; -    ; writeBack[28]      ;
; REMOVE_REDUNDANT_LOGIC_CELLS ; off   ; -    ; writeBack[28]      ;
; IGNORE_LCELL_BUFFERS         ; off   ; -    ; writeBack[27]      ;
; REMOVE_REDUNDANT_LOGIC_CELLS ; off   ; -    ; writeBack[27]      ;
; IGNORE_LCELL_BUFFERS         ; off   ; -    ; writeBack[26]      ;
; REMOVE_REDUNDANT_LOGIC_CELLS ; off   ; -    ; writeBack[26]      ;
; IGNORE_LCELL_BUFFERS         ; off   ; -    ; writeBack[25]      ;
; REMOVE_REDUNDANT_LOGIC_CELLS ; off   ; -    ; writeBack[25]      ;
; IGNORE_LCELL_BUFFERS         ; off   ; -    ; writeBack[24]      ;
; REMOVE_REDUNDANT_LOGIC_CELLS ; off   ; -    ; writeBack[24]      ;
; IGNORE_LCELL_BUFFERS         ; off   ; -    ; writeBack[23]      ;
; REMOVE_REDUNDANT_LOGIC_CELLS ; off   ; -    ; writeBack[23]      ;
; IGNORE_LCELL_BUFFERS         ; off   ; -    ; writeBack[22]      ;
; REMOVE_REDUNDANT_LOGIC_CELLS ; off   ; -    ; writeBack[22]      ;
; IGNORE_LCELL_BUFFERS         ; off   ; -    ; writeBack[21]      ;
; REMOVE_REDUNDANT_LOGIC_CELLS ; off   ; -    ; writeBack[21]      ;
; IGNORE_LCELL_BUFFERS         ; off   ; -    ; writeBack[20]      ;
; REMOVE_REDUNDANT_LOGIC_CELLS ; off   ; -    ; writeBack[20]      ;
; IGNORE_LCELL_BUFFERS         ; off   ; -    ; writeBack[19]      ;
; REMOVE_REDUNDANT_LOGIC_CELLS ; off   ; -    ; writeBack[19]      ;
; IGNORE_LCELL_BUFFERS         ; off   ; -    ; writeBack[18]      ;
; REMOVE_REDUNDANT_LOGIC_CELLS ; off   ; -    ; writeBack[18]      ;
; IGNORE_LCELL_BUFFERS         ; off   ; -    ; writeBack[17]      ;
; REMOVE_REDUNDANT_LOGIC_CELLS ; off   ; -    ; writeBack[17]      ;
; IGNORE_LCELL_BUFFERS         ; off   ; -    ; writeBack[16]      ;
; REMOVE_REDUNDANT_LOGIC_CELLS ; off   ; -    ; writeBack[16]      ;
; IGNORE_LCELL_BUFFERS         ; off   ; -    ; writeBack[15]      ;
; REMOVE_REDUNDANT_LOGIC_CELLS ; off   ; -    ; writeBack[15]      ;
; IGNORE_LCELL_BUFFERS         ; off   ; -    ; writeBack[14]      ;
; REMOVE_REDUNDANT_LOGIC_CELLS ; off   ; -    ; writeBack[14]      ;
; IGNORE_LCELL_BUFFERS         ; off   ; -    ; writeBack[13]      ;
; REMOVE_REDUNDANT_LOGIC_CELLS ; off   ; -    ; writeBack[13]      ;
; IGNORE_LCELL_BUFFERS         ; off   ; -    ; writeBack[12]      ;
; REMOVE_REDUNDANT_LOGIC_CELLS ; off   ; -    ; writeBack[12]      ;
; IGNORE_LCELL_BUFFERS         ; off   ; -    ; writeBack[11]      ;
; REMOVE_REDUNDANT_LOGIC_CELLS ; off   ; -    ; writeBack[11]      ;
; IGNORE_LCELL_BUFFERS         ; off   ; -    ; writeBack[10]      ;
; REMOVE_REDUNDANT_LOGIC_CELLS ; off   ; -    ; writeBack[10]      ;
; IGNORE_LCELL_BUFFERS         ; off   ; -    ; writeBack[9]       ;
; REMOVE_REDUNDANT_LOGIC_CELLS ; off   ; -    ; writeBack[9]       ;
; IGNORE_LCELL_BUFFERS         ; off   ; -    ; writeBack[8]       ;
; REMOVE_REDUNDANT_LOGIC_CELLS ; off   ; -    ; writeBack[8]       ;
; IGNORE_LCELL_BUFFERS         ; off   ; -    ; writeBack[7]       ;
; REMOVE_REDUNDANT_LOGIC_CELLS ; off   ; -    ; writeBack[7]       ;
; IGNORE_LCELL_BUFFERS         ; off   ; -    ; writeBack[6]       ;
; REMOVE_REDUNDANT_LOGIC_CELLS ; off   ; -    ; writeBack[6]       ;
; IGNORE_LCELL_BUFFERS         ; off   ; -    ; writeBack[5]       ;
; REMOVE_REDUNDANT_LOGIC_CELLS ; off   ; -    ; writeBack[5]       ;
; IGNORE_LCELL_BUFFERS         ; off   ; -    ; writeBack[4]       ;
; REMOVE_REDUNDANT_LOGIC_CELLS ; off   ; -    ; writeBack[4]       ;
; IGNORE_LCELL_BUFFERS         ; off   ; -    ; writeBack[3]       ;
; REMOVE_REDUNDANT_LOGIC_CELLS ; off   ; -    ; writeBack[3]       ;
; IGNORE_LCELL_BUFFERS         ; off   ; -    ; writeBack[2]       ;
; REMOVE_REDUNDANT_LOGIC_CELLS ; off   ; -    ; writeBack[2]       ;
; IGNORE_LCELL_BUFFERS         ; off   ; -    ; writeBack[1]       ;
; REMOVE_REDUNDANT_LOGIC_CELLS ; off   ; -    ; writeBack[1]       ;
; IGNORE_LCELL_BUFFERS         ; off   ; -    ; writeBack[0]       ;
; REMOVE_REDUNDANT_LOGIC_CELLS ; off   ; -    ; writeBack[0]       ;
; IGNORE_LCELL_BUFFERS         ; off   ; -    ; dataOut_DM[31]     ;
; REMOVE_REDUNDANT_LOGIC_CELLS ; off   ; -    ; dataOut_DM[31]     ;
; IGNORE_LCELL_BUFFERS         ; off   ; -    ; dataOut_DM[30]     ;
; REMOVE_REDUNDANT_LOGIC_CELLS ; off   ; -    ; dataOut_DM[30]     ;
; IGNORE_LCELL_BUFFERS         ; off   ; -    ; dataOut_DM[29]     ;
; REMOVE_REDUNDANT_LOGIC_CELLS ; off   ; -    ; dataOut_DM[29]     ;
; IGNORE_LCELL_BUFFERS         ; off   ; -    ; dataOut_DM[28]     ;
; REMOVE_REDUNDANT_LOGIC_CELLS ; off   ; -    ; dataOut_DM[28]     ;
; IGNORE_LCELL_BUFFERS         ; off   ; -    ; dataOut_DM[27]     ;
; REMOVE_REDUNDANT_LOGIC_CELLS ; off   ; -    ; dataOut_DM[27]     ;
; IGNORE_LCELL_BUFFERS         ; off   ; -    ; dataOut_DM[26]     ;
; REMOVE_REDUNDANT_LOGIC_CELLS ; off   ; -    ; dataOut_DM[26]     ;
; IGNORE_LCELL_BUFFERS         ; off   ; -    ; dataOut_DM[25]     ;
; REMOVE_REDUNDANT_LOGIC_CELLS ; off   ; -    ; dataOut_DM[25]     ;
; IGNORE_LCELL_BUFFERS         ; off   ; -    ; dataOut_DM[24]     ;
; REMOVE_REDUNDANT_LOGIC_CELLS ; off   ; -    ; dataOut_DM[24]     ;
; IGNORE_LCELL_BUFFERS         ; off   ; -    ; dataOut_DM[23]     ;
; REMOVE_REDUNDANT_LOGIC_CELLS ; off   ; -    ; dataOut_DM[23]     ;
; IGNORE_LCELL_BUFFERS         ; off   ; -    ; dataOut_DM[22]     ;
; REMOVE_REDUNDANT_LOGIC_CELLS ; off   ; -    ; dataOut_DM[22]     ;
; IGNORE_LCELL_BUFFERS         ; off   ; -    ; dataOut_DM[21]     ;
; REMOVE_REDUNDANT_LOGIC_CELLS ; off   ; -    ; dataOut_DM[21]     ;
; IGNORE_LCELL_BUFFERS         ; off   ; -    ; dataOut_DM[20]     ;
; REMOVE_REDUNDANT_LOGIC_CELLS ; off   ; -    ; dataOut_DM[20]     ;
; IGNORE_LCELL_BUFFERS         ; off   ; -    ; dataOut_DM[19]     ;
; REMOVE_REDUNDANT_LOGIC_CELLS ; off   ; -    ; dataOut_DM[19]     ;
; IGNORE_LCELL_BUFFERS         ; off   ; -    ; dataOut_DM[18]     ;
; REMOVE_REDUNDANT_LOGIC_CELLS ; off   ; -    ; dataOut_DM[18]     ;
; IGNORE_LCELL_BUFFERS         ; off   ; -    ; dataOut_DM[17]     ;
; REMOVE_REDUNDANT_LOGIC_CELLS ; off   ; -    ; dataOut_DM[17]     ;
; IGNORE_LCELL_BUFFERS         ; off   ; -    ; dataOut_DM[16]     ;
; REMOVE_REDUNDANT_LOGIC_CELLS ; off   ; -    ; dataOut_DM[16]     ;
; IGNORE_LCELL_BUFFERS         ; off   ; -    ; dataOut_DM[15]     ;
; REMOVE_REDUNDANT_LOGIC_CELLS ; off   ; -    ; dataOut_DM[15]     ;
; IGNORE_LCELL_BUFFERS         ; off   ; -    ; dataOut_DM[14]     ;
; REMOVE_REDUNDANT_LOGIC_CELLS ; off   ; -    ; dataOut_DM[14]     ;
; IGNORE_LCELL_BUFFERS         ; off   ; -    ; dataOut_DM[13]     ;
; REMOVE_REDUNDANT_LOGIC_CELLS ; off   ; -    ; dataOut_DM[13]     ;
; IGNORE_LCELL_BUFFERS         ; off   ; -    ; dataOut_DM[12]     ;
; REMOVE_REDUNDANT_LOGIC_CELLS ; off   ; -    ; dataOut_DM[12]     ;
; IGNORE_LCELL_BUFFERS         ; off   ; -    ; dataOut_DM[11]     ;
; REMOVE_REDUNDANT_LOGIC_CELLS ; off   ; -    ; dataOut_DM[11]     ;
; IGNORE_LCELL_BUFFERS         ; off   ; -    ; dataOut_DM[10]     ;
; REMOVE_REDUNDANT_LOGIC_CELLS ; off   ; -    ; dataOut_DM[10]     ;
; IGNORE_LCELL_BUFFERS         ; off   ; -    ; dataOut_DM[9]      ;
; REMOVE_REDUNDANT_LOGIC_CELLS ; off   ; -    ; dataOut_DM[9]      ;
; IGNORE_LCELL_BUFFERS         ; off   ; -    ; dataOut_DM[8]      ;
; REMOVE_REDUNDANT_LOGIC_CELLS ; off   ; -    ; dataOut_DM[8]      ;
; IGNORE_LCELL_BUFFERS         ; off   ; -    ; dataOut_DM[7]      ;
; REMOVE_REDUNDANT_LOGIC_CELLS ; off   ; -    ; dataOut_DM[7]      ;
; IGNORE_LCELL_BUFFERS         ; off   ; -    ; dataOut_DM[6]      ;
; REMOVE_REDUNDANT_LOGIC_CELLS ; off   ; -    ; dataOut_DM[6]      ;
; IGNORE_LCELL_BUFFERS         ; off   ; -    ; dataOut_DM[5]      ;
; REMOVE_REDUNDANT_LOGIC_CELLS ; off   ; -    ; dataOut_DM[5]      ;
; IGNORE_LCELL_BUFFERS         ; off   ; -    ; dataOut_DM[4]      ;
; REMOVE_REDUNDANT_LOGIC_CELLS ; off   ; -    ; dataOut_DM[4]      ;
; IGNORE_LCELL_BUFFERS         ; off   ; -    ; dataOut_DM[3]      ;
; REMOVE_REDUNDANT_LOGIC_CELLS ; off   ; -    ; dataOut_DM[3]      ;
; IGNORE_LCELL_BUFFERS         ; off   ; -    ; dataOut_DM[2]      ;
; REMOVE_REDUNDANT_LOGIC_CELLS ; off   ; -    ; dataOut_DM[2]      ;
; IGNORE_LCELL_BUFFERS         ; off   ; -    ; dataOut_DM[1]      ;
; REMOVE_REDUNDANT_LOGIC_CELLS ; off   ; -    ; dataOut_DM[1]      ;
; IGNORE_LCELL_BUFFERS         ; off   ; -    ; dataOut_DM[0]      ;
; REMOVE_REDUNDANT_LOGIC_CELLS ; off   ; -    ; dataOut_DM[0]      ;
; IGNORE_LCELL_BUFFERS         ; off   ; -    ; dataOut_ALU[31]    ;
; REMOVE_REDUNDANT_LOGIC_CELLS ; off   ; -    ; dataOut_ALU[31]    ;
; IGNORE_LCELL_BUFFERS         ; off   ; -    ; dataOut_ALU[30]    ;
; REMOVE_REDUNDANT_LOGIC_CELLS ; off   ; -    ; dataOut_ALU[30]    ;
; IGNORE_LCELL_BUFFERS         ; off   ; -    ; dataOut_ALU[29]    ;
; REMOVE_REDUNDANT_LOGIC_CELLS ; off   ; -    ; dataOut_ALU[29]    ;
; IGNORE_LCELL_BUFFERS         ; off   ; -    ; dataOut_ALU[28]    ;
; REMOVE_REDUNDANT_LOGIC_CELLS ; off   ; -    ; dataOut_ALU[28]    ;
; IGNORE_LCELL_BUFFERS         ; off   ; -    ; dataOut_ALU[27]    ;
; REMOVE_REDUNDANT_LOGIC_CELLS ; off   ; -    ; dataOut_ALU[27]    ;
; IGNORE_LCELL_BUFFERS         ; off   ; -    ; dataOut_ALU[26]    ;
; REMOVE_REDUNDANT_LOGIC_CELLS ; off   ; -    ; dataOut_ALU[26]    ;
; IGNORE_LCELL_BUFFERS         ; off   ; -    ; dataOut_ALU[25]    ;
; REMOVE_REDUNDANT_LOGIC_CELLS ; off   ; -    ; dataOut_ALU[25]    ;
; IGNORE_LCELL_BUFFERS         ; off   ; -    ; dataOut_ALU[24]    ;
; REMOVE_REDUNDANT_LOGIC_CELLS ; off   ; -    ; dataOut_ALU[24]    ;
; IGNORE_LCELL_BUFFERS         ; off   ; -    ; dataOut_ALU[23]    ;
; REMOVE_REDUNDANT_LOGIC_CELLS ; off   ; -    ; dataOut_ALU[23]    ;
; IGNORE_LCELL_BUFFERS         ; off   ; -    ; dataOut_ALU[22]    ;
; REMOVE_REDUNDANT_LOGIC_CELLS ; off   ; -    ; dataOut_ALU[22]    ;
; IGNORE_LCELL_BUFFERS         ; off   ; -    ; dataOut_ALU[21]    ;
; REMOVE_REDUNDANT_LOGIC_CELLS ; off   ; -    ; dataOut_ALU[21]    ;
; IGNORE_LCELL_BUFFERS         ; off   ; -    ; dataOut_ALU[20]    ;
; REMOVE_REDUNDANT_LOGIC_CELLS ; off   ; -    ; dataOut_ALU[20]    ;
; IGNORE_LCELL_BUFFERS         ; off   ; -    ; dataOut_ALU[19]    ;
; REMOVE_REDUNDANT_LOGIC_CELLS ; off   ; -    ; dataOut_ALU[19]    ;
; IGNORE_LCELL_BUFFERS         ; off   ; -    ; dataOut_ALU[18]    ;
; REMOVE_REDUNDANT_LOGIC_CELLS ; off   ; -    ; dataOut_ALU[18]    ;
; IGNORE_LCELL_BUFFERS         ; off   ; -    ; dataOut_ALU[17]    ;
; REMOVE_REDUNDANT_LOGIC_CELLS ; off   ; -    ; dataOut_ALU[17]    ;
; IGNORE_LCELL_BUFFERS         ; off   ; -    ; dataOut_ALU[16]    ;
; REMOVE_REDUNDANT_LOGIC_CELLS ; off   ; -    ; dataOut_ALU[16]    ;
; IGNORE_LCELL_BUFFERS         ; off   ; -    ; dataOut_ALU[15]    ;
; REMOVE_REDUNDANT_LOGIC_CELLS ; off   ; -    ; dataOut_ALU[15]    ;
; IGNORE_LCELL_BUFFERS         ; off   ; -    ; dataOut_ALU[14]    ;
; REMOVE_REDUNDANT_LOGIC_CELLS ; off   ; -    ; dataOut_ALU[14]    ;
; IGNORE_LCELL_BUFFERS         ; off   ; -    ; dataOut_ALU[13]    ;
; REMOVE_REDUNDANT_LOGIC_CELLS ; off   ; -    ; dataOut_ALU[13]    ;
; IGNORE_LCELL_BUFFERS         ; off   ; -    ; dataOut_ALU[12]    ;
; REMOVE_REDUNDANT_LOGIC_CELLS ; off   ; -    ; dataOut_ALU[12]    ;
; IGNORE_LCELL_BUFFERS         ; off   ; -    ; dataOut_ALU[11]    ;
; REMOVE_REDUNDANT_LOGIC_CELLS ; off   ; -    ; dataOut_ALU[11]    ;
; IGNORE_LCELL_BUFFERS         ; off   ; -    ; dataOut_ALU[10]    ;
; REMOVE_REDUNDANT_LOGIC_CELLS ; off   ; -    ; dataOut_ALU[10]    ;
; IGNORE_LCELL_BUFFERS         ; off   ; -    ; dataOut_ALU[9]     ;
; REMOVE_REDUNDANT_LOGIC_CELLS ; off   ; -    ; dataOut_ALU[9]     ;
; IGNORE_LCELL_BUFFERS         ; off   ; -    ; dataOut_ALU[8]     ;
; REMOVE_REDUNDANT_LOGIC_CELLS ; off   ; -    ; dataOut_ALU[8]     ;
; IGNORE_LCELL_BUFFERS         ; off   ; -    ; dataOut_ALU[7]     ;
; REMOVE_REDUNDANT_LOGIC_CELLS ; off   ; -    ; dataOut_ALU[7]     ;
; IGNORE_LCELL_BUFFERS         ; off   ; -    ; dataOut_ALU[6]     ;
; REMOVE_REDUNDANT_LOGIC_CELLS ; off   ; -    ; dataOut_ALU[6]     ;
; IGNORE_LCELL_BUFFERS         ; off   ; -    ; dataOut_ALU[5]     ;
; REMOVE_REDUNDANT_LOGIC_CELLS ; off   ; -    ; dataOut_ALU[5]     ;
; IGNORE_LCELL_BUFFERS         ; off   ; -    ; dataOut_ALU[4]     ;
; REMOVE_REDUNDANT_LOGIC_CELLS ; off   ; -    ; dataOut_ALU[4]     ;
; IGNORE_LCELL_BUFFERS         ; off   ; -    ; dataOut_ALU[3]     ;
; REMOVE_REDUNDANT_LOGIC_CELLS ; off   ; -    ; dataOut_ALU[3]     ;
; IGNORE_LCELL_BUFFERS         ; off   ; -    ; dataOut_ALU[2]     ;
; REMOVE_REDUNDANT_LOGIC_CELLS ; off   ; -    ; dataOut_ALU[2]     ;
; IGNORE_LCELL_BUFFERS         ; off   ; -    ; dataOut_ALU[1]     ;
; REMOVE_REDUNDANT_LOGIC_CELLS ; off   ; -    ; dataOut_ALU[1]     ;
; IGNORE_LCELL_BUFFERS         ; off   ; -    ; dataOut_ALU[0]     ;
; REMOVE_REDUNDANT_LOGIC_CELLS ; off   ; -    ; dataOut_ALU[0]     ;
; IGNORE_LCELL_BUFFERS         ; off   ; -    ; dataOut_Mult[31]   ;
; REMOVE_REDUNDANT_LOGIC_CELLS ; off   ; -    ; dataOut_Mult[31]   ;
; IGNORE_LCELL_BUFFERS         ; off   ; -    ; dataOut_Mult[30]   ;
; REMOVE_REDUNDANT_LOGIC_CELLS ; off   ; -    ; dataOut_Mult[30]   ;
; IGNORE_LCELL_BUFFERS         ; off   ; -    ; dataOut_Mult[29]   ;
; REMOVE_REDUNDANT_LOGIC_CELLS ; off   ; -    ; dataOut_Mult[29]   ;
; IGNORE_LCELL_BUFFERS         ; off   ; -    ; dataOut_Mult[28]   ;
; REMOVE_REDUNDANT_LOGIC_CELLS ; off   ; -    ; dataOut_Mult[28]   ;
; IGNORE_LCELL_BUFFERS         ; off   ; -    ; dataOut_Mult[27]   ;
; REMOVE_REDUNDANT_LOGIC_CELLS ; off   ; -    ; dataOut_Mult[27]   ;
; IGNORE_LCELL_BUFFERS         ; off   ; -    ; dataOut_Mult[26]   ;
; REMOVE_REDUNDANT_LOGIC_CELLS ; off   ; -    ; dataOut_Mult[26]   ;
; IGNORE_LCELL_BUFFERS         ; off   ; -    ; dataOut_Mult[25]   ;
; REMOVE_REDUNDANT_LOGIC_CELLS ; off   ; -    ; dataOut_Mult[25]   ;
; IGNORE_LCELL_BUFFERS         ; off   ; -    ; dataOut_Mult[24]   ;
; REMOVE_REDUNDANT_LOGIC_CELLS ; off   ; -    ; dataOut_Mult[24]   ;
; IGNORE_LCELL_BUFFERS         ; off   ; -    ; dataOut_Mult[23]   ;
; REMOVE_REDUNDANT_LOGIC_CELLS ; off   ; -    ; dataOut_Mult[23]   ;
; IGNORE_LCELL_BUFFERS         ; off   ; -    ; dataOut_Mult[22]   ;
; REMOVE_REDUNDANT_LOGIC_CELLS ; off   ; -    ; dataOut_Mult[22]   ;
; IGNORE_LCELL_BUFFERS         ; off   ; -    ; dataOut_Mult[21]   ;
; REMOVE_REDUNDANT_LOGIC_CELLS ; off   ; -    ; dataOut_Mult[21]   ;
; IGNORE_LCELL_BUFFERS         ; off   ; -    ; dataOut_Mult[20]   ;
; REMOVE_REDUNDANT_LOGIC_CELLS ; off   ; -    ; dataOut_Mult[20]   ;
; IGNORE_LCELL_BUFFERS         ; off   ; -    ; dataOut_Mult[19]   ;
; REMOVE_REDUNDANT_LOGIC_CELLS ; off   ; -    ; dataOut_Mult[19]   ;
; IGNORE_LCELL_BUFFERS         ; off   ; -    ; dataOut_Mult[18]   ;
; REMOVE_REDUNDANT_LOGIC_CELLS ; off   ; -    ; dataOut_Mult[18]   ;
; IGNORE_LCELL_BUFFERS         ; off   ; -    ; dataOut_Mult[17]   ;
; REMOVE_REDUNDANT_LOGIC_CELLS ; off   ; -    ; dataOut_Mult[17]   ;
; IGNORE_LCELL_BUFFERS         ; off   ; -    ; dataOut_Mult[16]   ;
; REMOVE_REDUNDANT_LOGIC_CELLS ; off   ; -    ; dataOut_Mult[16]   ;
; IGNORE_LCELL_BUFFERS         ; off   ; -    ; dataOut_Mult[15]   ;
; REMOVE_REDUNDANT_LOGIC_CELLS ; off   ; -    ; dataOut_Mult[15]   ;
; IGNORE_LCELL_BUFFERS         ; off   ; -    ; dataOut_Mult[14]   ;
; REMOVE_REDUNDANT_LOGIC_CELLS ; off   ; -    ; dataOut_Mult[14]   ;
; IGNORE_LCELL_BUFFERS         ; off   ; -    ; dataOut_Mult[13]   ;
; REMOVE_REDUNDANT_LOGIC_CELLS ; off   ; -    ; dataOut_Mult[13]   ;
; IGNORE_LCELL_BUFFERS         ; off   ; -    ; dataOut_Mult[12]   ;
; REMOVE_REDUNDANT_LOGIC_CELLS ; off   ; -    ; dataOut_Mult[12]   ;
; IGNORE_LCELL_BUFFERS         ; off   ; -    ; dataOut_Mult[11]   ;
; REMOVE_REDUNDANT_LOGIC_CELLS ; off   ; -    ; dataOut_Mult[11]   ;
; IGNORE_LCELL_BUFFERS         ; off   ; -    ; dataOut_Mult[10]   ;
; REMOVE_REDUNDANT_LOGIC_CELLS ; off   ; -    ; dataOut_Mult[10]   ;
; IGNORE_LCELL_BUFFERS         ; off   ; -    ; dataOut_Mult[9]    ;
; REMOVE_REDUNDANT_LOGIC_CELLS ; off   ; -    ; dataOut_Mult[9]    ;
; IGNORE_LCELL_BUFFERS         ; off   ; -    ; dataOut_Mult[8]    ;
; REMOVE_REDUNDANT_LOGIC_CELLS ; off   ; -    ; dataOut_Mult[8]    ;
; IGNORE_LCELL_BUFFERS         ; off   ; -    ; dataOut_Mult[7]    ;
; REMOVE_REDUNDANT_LOGIC_CELLS ; off   ; -    ; dataOut_Mult[7]    ;
; IGNORE_LCELL_BUFFERS         ; off   ; -    ; dataOut_Mult[6]    ;
; REMOVE_REDUNDANT_LOGIC_CELLS ; off   ; -    ; dataOut_Mult[6]    ;
; IGNORE_LCELL_BUFFERS         ; off   ; -    ; dataOut_Mult[5]    ;
; REMOVE_REDUNDANT_LOGIC_CELLS ; off   ; -    ; dataOut_Mult[5]    ;
; IGNORE_LCELL_BUFFERS         ; off   ; -    ; dataOut_Mult[4]    ;
; REMOVE_REDUNDANT_LOGIC_CELLS ; off   ; -    ; dataOut_Mult[4]    ;
; IGNORE_LCELL_BUFFERS         ; off   ; -    ; dataOut_Mult[3]    ;
; REMOVE_REDUNDANT_LOGIC_CELLS ; off   ; -    ; dataOut_Mult[3]    ;
; IGNORE_LCELL_BUFFERS         ; off   ; -    ; dataOut_Mult[2]    ;
; REMOVE_REDUNDANT_LOGIC_CELLS ; off   ; -    ; dataOut_Mult[2]    ;
; IGNORE_LCELL_BUFFERS         ; off   ; -    ; dataOut_Mult[1]    ;
; REMOVE_REDUNDANT_LOGIC_CELLS ; off   ; -    ; dataOut_Mult[1]    ;
; IGNORE_LCELL_BUFFERS         ; off   ; -    ; dataOut_Mult[0]    ;
; REMOVE_REDUNDANT_LOGIC_CELLS ; off   ; -    ; dataOut_Mult[0]    ;
; IGNORE_LCELL_BUFFERS         ; off   ; -    ; dataOut_Ex[31]     ;
; REMOVE_REDUNDANT_LOGIC_CELLS ; off   ; -    ; dataOut_Ex[31]     ;
; IGNORE_LCELL_BUFFERS         ; off   ; -    ; dataOut_Ex[30]     ;
; REMOVE_REDUNDANT_LOGIC_CELLS ; off   ; -    ; dataOut_Ex[30]     ;
; IGNORE_LCELL_BUFFERS         ; off   ; -    ; dataOut_Ex[29]     ;
; REMOVE_REDUNDANT_LOGIC_CELLS ; off   ; -    ; dataOut_Ex[29]     ;
; IGNORE_LCELL_BUFFERS         ; off   ; -    ; dataOut_Ex[28]     ;
; REMOVE_REDUNDANT_LOGIC_CELLS ; off   ; -    ; dataOut_Ex[28]     ;
; IGNORE_LCELL_BUFFERS         ; off   ; -    ; dataOut_Ex[27]     ;
; REMOVE_REDUNDANT_LOGIC_CELLS ; off   ; -    ; dataOut_Ex[27]     ;
; IGNORE_LCELL_BUFFERS         ; off   ; -    ; dataOut_Ex[26]     ;
; REMOVE_REDUNDANT_LOGIC_CELLS ; off   ; -    ; dataOut_Ex[26]     ;
; IGNORE_LCELL_BUFFERS         ; off   ; -    ; dataOut_Ex[25]     ;
; REMOVE_REDUNDANT_LOGIC_CELLS ; off   ; -    ; dataOut_Ex[25]     ;
; IGNORE_LCELL_BUFFERS         ; off   ; -    ; dataOut_Ex[24]     ;
; REMOVE_REDUNDANT_LOGIC_CELLS ; off   ; -    ; dataOut_Ex[24]     ;
; IGNORE_LCELL_BUFFERS         ; off   ; -    ; dataOut_Ex[23]     ;
; REMOVE_REDUNDANT_LOGIC_CELLS ; off   ; -    ; dataOut_Ex[23]     ;
; IGNORE_LCELL_BUFFERS         ; off   ; -    ; dataOut_Ex[22]     ;
; REMOVE_REDUNDANT_LOGIC_CELLS ; off   ; -    ; dataOut_Ex[22]     ;
; IGNORE_LCELL_BUFFERS         ; off   ; -    ; dataOut_Ex[21]     ;
; REMOVE_REDUNDANT_LOGIC_CELLS ; off   ; -    ; dataOut_Ex[21]     ;
; IGNORE_LCELL_BUFFERS         ; off   ; -    ; dataOut_Ex[20]     ;
; REMOVE_REDUNDANT_LOGIC_CELLS ; off   ; -    ; dataOut_Ex[20]     ;
; IGNORE_LCELL_BUFFERS         ; off   ; -    ; dataOut_Ex[19]     ;
; REMOVE_REDUNDANT_LOGIC_CELLS ; off   ; -    ; dataOut_Ex[19]     ;
; IGNORE_LCELL_BUFFERS         ; off   ; -    ; dataOut_Ex[18]     ;
; REMOVE_REDUNDANT_LOGIC_CELLS ; off   ; -    ; dataOut_Ex[18]     ;
; IGNORE_LCELL_BUFFERS         ; off   ; -    ; dataOut_Ex[17]     ;
; REMOVE_REDUNDANT_LOGIC_CELLS ; off   ; -    ; dataOut_Ex[17]     ;
; IGNORE_LCELL_BUFFERS         ; off   ; -    ; dataOut_Ex[16]     ;
; REMOVE_REDUNDANT_LOGIC_CELLS ; off   ; -    ; dataOut_Ex[16]     ;
; IGNORE_LCELL_BUFFERS         ; off   ; -    ; dataOut_Ex[15]     ;
; REMOVE_REDUNDANT_LOGIC_CELLS ; off   ; -    ; dataOut_Ex[15]     ;
; IGNORE_LCELL_BUFFERS         ; off   ; -    ; dataOut_Ex[14]     ;
; REMOVE_REDUNDANT_LOGIC_CELLS ; off   ; -    ; dataOut_Ex[14]     ;
; IGNORE_LCELL_BUFFERS         ; off   ; -    ; dataOut_Ex[13]     ;
; REMOVE_REDUNDANT_LOGIC_CELLS ; off   ; -    ; dataOut_Ex[13]     ;
; IGNORE_LCELL_BUFFERS         ; off   ; -    ; dataOut_Ex[12]     ;
; REMOVE_REDUNDANT_LOGIC_CELLS ; off   ; -    ; dataOut_Ex[12]     ;
; IGNORE_LCELL_BUFFERS         ; off   ; -    ; dataOut_Ex[11]     ;
; REMOVE_REDUNDANT_LOGIC_CELLS ; off   ; -    ; dataOut_Ex[11]     ;
; IGNORE_LCELL_BUFFERS         ; off   ; -    ; dataOut_Ex[10]     ;
; REMOVE_REDUNDANT_LOGIC_CELLS ; off   ; -    ; dataOut_Ex[10]     ;
; IGNORE_LCELL_BUFFERS         ; off   ; -    ; dataOut_Ex[9]      ;
; REMOVE_REDUNDANT_LOGIC_CELLS ; off   ; -    ; dataOut_Ex[9]      ;
; IGNORE_LCELL_BUFFERS         ; off   ; -    ; dataOut_Ex[8]      ;
; REMOVE_REDUNDANT_LOGIC_CELLS ; off   ; -    ; dataOut_Ex[8]      ;
; IGNORE_LCELL_BUFFERS         ; off   ; -    ; dataOut_Ex[7]      ;
; REMOVE_REDUNDANT_LOGIC_CELLS ; off   ; -    ; dataOut_Ex[7]      ;
; IGNORE_LCELL_BUFFERS         ; off   ; -    ; dataOut_Ex[6]      ;
; REMOVE_REDUNDANT_LOGIC_CELLS ; off   ; -    ; dataOut_Ex[6]      ;
; IGNORE_LCELL_BUFFERS         ; off   ; -    ; dataOut_Ex[5]      ;
; REMOVE_REDUNDANT_LOGIC_CELLS ; off   ; -    ; dataOut_Ex[5]      ;
; IGNORE_LCELL_BUFFERS         ; off   ; -    ; dataOut_Ex[4]      ;
; REMOVE_REDUNDANT_LOGIC_CELLS ; off   ; -    ; dataOut_Ex[4]      ;
; IGNORE_LCELL_BUFFERS         ; off   ; -    ; dataOut_Ex[3]      ;
; REMOVE_REDUNDANT_LOGIC_CELLS ; off   ; -    ; dataOut_Ex[3]      ;
; IGNORE_LCELL_BUFFERS         ; off   ; -    ; dataOut_Ex[2]      ;
; REMOVE_REDUNDANT_LOGIC_CELLS ; off   ; -    ; dataOut_Ex[2]      ;
; IGNORE_LCELL_BUFFERS         ; off   ; -    ; dataOut_Ex[1]      ;
; REMOVE_REDUNDANT_LOGIC_CELLS ; off   ; -    ; dataOut_Ex[1]      ;
; IGNORE_LCELL_BUFFERS         ; off   ; -    ; dataOut_Ex[0]      ;
; REMOVE_REDUNDANT_LOGIC_CELLS ; off   ; -    ; dataOut_Ex[0]      ;
; IGNORE_LCELL_BUFFERS         ; off   ; -    ; dataOut_D[31]      ;
; REMOVE_REDUNDANT_LOGIC_CELLS ; off   ; -    ; dataOut_D[31]      ;
; IGNORE_LCELL_BUFFERS         ; off   ; -    ; dataOut_D[30]      ;
; REMOVE_REDUNDANT_LOGIC_CELLS ; off   ; -    ; dataOut_D[30]      ;
; IGNORE_LCELL_BUFFERS         ; off   ; -    ; dataOut_D[29]      ;
; REMOVE_REDUNDANT_LOGIC_CELLS ; off   ; -    ; dataOut_D[29]      ;
; IGNORE_LCELL_BUFFERS         ; off   ; -    ; dataOut_D[28]      ;
; REMOVE_REDUNDANT_LOGIC_CELLS ; off   ; -    ; dataOut_D[28]      ;
; IGNORE_LCELL_BUFFERS         ; off   ; -    ; dataOut_D[27]      ;
; REMOVE_REDUNDANT_LOGIC_CELLS ; off   ; -    ; dataOut_D[27]      ;
; IGNORE_LCELL_BUFFERS         ; off   ; -    ; dataOut_D[26]      ;
; REMOVE_REDUNDANT_LOGIC_CELLS ; off   ; -    ; dataOut_D[26]      ;
; IGNORE_LCELL_BUFFERS         ; off   ; -    ; dataOut_D[25]      ;
; REMOVE_REDUNDANT_LOGIC_CELLS ; off   ; -    ; dataOut_D[25]      ;
; IGNORE_LCELL_BUFFERS         ; off   ; -    ; dataOut_D[24]      ;
; REMOVE_REDUNDANT_LOGIC_CELLS ; off   ; -    ; dataOut_D[24]      ;
; IGNORE_LCELL_BUFFERS         ; off   ; -    ; dataOut_D[23]      ;
; REMOVE_REDUNDANT_LOGIC_CELLS ; off   ; -    ; dataOut_D[23]      ;
; IGNORE_LCELL_BUFFERS         ; off   ; -    ; dataOut_D[22]      ;
; REMOVE_REDUNDANT_LOGIC_CELLS ; off   ; -    ; dataOut_D[22]      ;
; IGNORE_LCELL_BUFFERS         ; off   ; -    ; dataOut_D[21]      ;
; REMOVE_REDUNDANT_LOGIC_CELLS ; off   ; -    ; dataOut_D[21]      ;
; IGNORE_LCELL_BUFFERS         ; off   ; -    ; dataOut_D[20]      ;
; REMOVE_REDUNDANT_LOGIC_CELLS ; off   ; -    ; dataOut_D[20]      ;
; IGNORE_LCELL_BUFFERS         ; off   ; -    ; dataOut_D[19]      ;
; REMOVE_REDUNDANT_LOGIC_CELLS ; off   ; -    ; dataOut_D[19]      ;
; IGNORE_LCELL_BUFFERS         ; off   ; -    ; dataOut_D[18]      ;
; REMOVE_REDUNDANT_LOGIC_CELLS ; off   ; -    ; dataOut_D[18]      ;
; IGNORE_LCELL_BUFFERS         ; off   ; -    ; dataOut_D[17]      ;
; REMOVE_REDUNDANT_LOGIC_CELLS ; off   ; -    ; dataOut_D[17]      ;
; IGNORE_LCELL_BUFFERS         ; off   ; -    ; dataOut_D[16]      ;
; REMOVE_REDUNDANT_LOGIC_CELLS ; off   ; -    ; dataOut_D[16]      ;
; IGNORE_LCELL_BUFFERS         ; off   ; -    ; dataOut_D[15]      ;
; REMOVE_REDUNDANT_LOGIC_CELLS ; off   ; -    ; dataOut_D[15]      ;
; IGNORE_LCELL_BUFFERS         ; off   ; -    ; dataOut_D[14]      ;
; REMOVE_REDUNDANT_LOGIC_CELLS ; off   ; -    ; dataOut_D[14]      ;
; IGNORE_LCELL_BUFFERS         ; off   ; -    ; dataOut_D[13]      ;
; REMOVE_REDUNDANT_LOGIC_CELLS ; off   ; -    ; dataOut_D[13]      ;
; IGNORE_LCELL_BUFFERS         ; off   ; -    ; dataOut_D[12]      ;
; REMOVE_REDUNDANT_LOGIC_CELLS ; off   ; -    ; dataOut_D[12]      ;
; IGNORE_LCELL_BUFFERS         ; off   ; -    ; dataOut_D[11]      ;
; REMOVE_REDUNDANT_LOGIC_CELLS ; off   ; -    ; dataOut_D[11]      ;
; IGNORE_LCELL_BUFFERS         ; off   ; -    ; dataOut_D[10]      ;
; REMOVE_REDUNDANT_LOGIC_CELLS ; off   ; -    ; dataOut_D[10]      ;
; IGNORE_LCELL_BUFFERS         ; off   ; -    ; dataOut_D[9]       ;
; REMOVE_REDUNDANT_LOGIC_CELLS ; off   ; -    ; dataOut_D[9]       ;
; IGNORE_LCELL_BUFFERS         ; off   ; -    ; dataOut_D[8]       ;
; REMOVE_REDUNDANT_LOGIC_CELLS ; off   ; -    ; dataOut_D[8]       ;
; IGNORE_LCELL_BUFFERS         ; off   ; -    ; dataOut_D[7]       ;
; REMOVE_REDUNDANT_LOGIC_CELLS ; off   ; -    ; dataOut_D[7]       ;
; IGNORE_LCELL_BUFFERS         ; off   ; -    ; dataOut_D[6]       ;
; REMOVE_REDUNDANT_LOGIC_CELLS ; off   ; -    ; dataOut_D[6]       ;
; IGNORE_LCELL_BUFFERS         ; off   ; -    ; dataOut_D[5]       ;
; REMOVE_REDUNDANT_LOGIC_CELLS ; off   ; -    ; dataOut_D[5]       ;
; IGNORE_LCELL_BUFFERS         ; off   ; -    ; dataOut_D[4]       ;
; REMOVE_REDUNDANT_LOGIC_CELLS ; off   ; -    ; dataOut_D[4]       ;
; IGNORE_LCELL_BUFFERS         ; off   ; -    ; dataOut_D[3]       ;
; REMOVE_REDUNDANT_LOGIC_CELLS ; off   ; -    ; dataOut_D[3]       ;
; IGNORE_LCELL_BUFFERS         ; off   ; -    ; dataOut_D[2]       ;
; REMOVE_REDUNDANT_LOGIC_CELLS ; off   ; -    ; dataOut_D[2]       ;
; IGNORE_LCELL_BUFFERS         ; off   ; -    ; dataOut_D[1]       ;
; REMOVE_REDUNDANT_LOGIC_CELLS ; off   ; -    ; dataOut_D[1]       ;
; IGNORE_LCELL_BUFFERS         ; off   ; -    ; dataOut_D[0]       ;
; REMOVE_REDUNDANT_LOGIC_CELLS ; off   ; -    ; dataOut_D[0]       ;
; IGNORE_LCELL_BUFFERS         ; off   ; -    ; ctrl0[24]          ;
; REMOVE_REDUNDANT_LOGIC_CELLS ; off   ; -    ; ctrl0[24]          ;
; IGNORE_LCELL_BUFFERS         ; off   ; -    ; ctrl0[23]          ;
; REMOVE_REDUNDANT_LOGIC_CELLS ; off   ; -    ; ctrl0[23]          ;
; IGNORE_LCELL_BUFFERS         ; off   ; -    ; ctrl0[22]          ;
; REMOVE_REDUNDANT_LOGIC_CELLS ; off   ; -    ; ctrl0[22]          ;
; IGNORE_LCELL_BUFFERS         ; off   ; -    ; ctrl0[21]          ;
; REMOVE_REDUNDANT_LOGIC_CELLS ; off   ; -    ; ctrl0[21]          ;
; IGNORE_LCELL_BUFFERS         ; off   ; -    ; ctrl0[20]          ;
; REMOVE_REDUNDANT_LOGIC_CELLS ; off   ; -    ; ctrl0[20]          ;
; IGNORE_LCELL_BUFFERS         ; off   ; -    ; ctrl0[19]          ;
; REMOVE_REDUNDANT_LOGIC_CELLS ; off   ; -    ; ctrl0[19]          ;
; IGNORE_LCELL_BUFFERS         ; off   ; -    ; ctrl0[18]          ;
; REMOVE_REDUNDANT_LOGIC_CELLS ; off   ; -    ; ctrl0[18]          ;
; IGNORE_LCELL_BUFFERS         ; off   ; -    ; ctrl0[17]          ;
; REMOVE_REDUNDANT_LOGIC_CELLS ; off   ; -    ; ctrl0[17]          ;
; IGNORE_LCELL_BUFFERS         ; off   ; -    ; ctrl0[16]          ;
; REMOVE_REDUNDANT_LOGIC_CELLS ; off   ; -    ; ctrl0[16]          ;
; IGNORE_LCELL_BUFFERS         ; off   ; -    ; ctrl0[15]          ;
; REMOVE_REDUNDANT_LOGIC_CELLS ; off   ; -    ; ctrl0[15]          ;
; IGNORE_LCELL_BUFFERS         ; off   ; -    ; ctrl0[14]          ;
; REMOVE_REDUNDANT_LOGIC_CELLS ; off   ; -    ; ctrl0[14]          ;
; IGNORE_LCELL_BUFFERS         ; off   ; -    ; ctrl0[13]          ;
; REMOVE_REDUNDANT_LOGIC_CELLS ; off   ; -    ; ctrl0[13]          ;
; IGNORE_LCELL_BUFFERS         ; off   ; -    ; ctrl0[12]          ;
; REMOVE_REDUNDANT_LOGIC_CELLS ; off   ; -    ; ctrl0[12]          ;
; IGNORE_LCELL_BUFFERS         ; off   ; -    ; ctrl0[11]          ;
; REMOVE_REDUNDANT_LOGIC_CELLS ; off   ; -    ; ctrl0[11]          ;
; IGNORE_LCELL_BUFFERS         ; off   ; -    ; ctrl0[10]          ;
; REMOVE_REDUNDANT_LOGIC_CELLS ; off   ; -    ; ctrl0[10]          ;
; IGNORE_LCELL_BUFFERS         ; off   ; -    ; ctrl0[9]           ;
; REMOVE_REDUNDANT_LOGIC_CELLS ; off   ; -    ; ctrl0[9]           ;
; IGNORE_LCELL_BUFFERS         ; off   ; -    ; ctrl0[8]           ;
; REMOVE_REDUNDANT_LOGIC_CELLS ; off   ; -    ; ctrl0[8]           ;
; IGNORE_LCELL_BUFFERS         ; off   ; -    ; ctrl0[7]           ;
; REMOVE_REDUNDANT_LOGIC_CELLS ; off   ; -    ; ctrl0[7]           ;
; IGNORE_LCELL_BUFFERS         ; off   ; -    ; ctrl0[6]           ;
; REMOVE_REDUNDANT_LOGIC_CELLS ; off   ; -    ; ctrl0[6]           ;
; IGNORE_LCELL_BUFFERS         ; off   ; -    ; ctrl0[5]           ;
; REMOVE_REDUNDANT_LOGIC_CELLS ; off   ; -    ; ctrl0[5]           ;
; IGNORE_LCELL_BUFFERS         ; off   ; -    ; ctrl0[4]           ;
; REMOVE_REDUNDANT_LOGIC_CELLS ; off   ; -    ; ctrl0[4]           ;
; IGNORE_LCELL_BUFFERS         ; off   ; -    ; ctrl0[3]           ;
; REMOVE_REDUNDANT_LOGIC_CELLS ; off   ; -    ; ctrl0[3]           ;
; IGNORE_LCELL_BUFFERS         ; off   ; -    ; ctrl0[2]           ;
; REMOVE_REDUNDANT_LOGIC_CELLS ; off   ; -    ; ctrl0[2]           ;
; IGNORE_LCELL_BUFFERS         ; off   ; -    ; ctrl0[1]           ;
; REMOVE_REDUNDANT_LOGIC_CELLS ; off   ; -    ; ctrl0[1]           ;
; IGNORE_LCELL_BUFFERS         ; off   ; -    ; ctrl0[0]           ;
; REMOVE_REDUNDANT_LOGIC_CELLS ; off   ; -    ; ctrl0[0]           ;
; IGNORE_LCELL_BUFFERS         ; off   ; -    ; ctrl1[24]          ;
; REMOVE_REDUNDANT_LOGIC_CELLS ; off   ; -    ; ctrl1[24]          ;
; IGNORE_LCELL_BUFFERS         ; off   ; -    ; ctrl1[23]          ;
; REMOVE_REDUNDANT_LOGIC_CELLS ; off   ; -    ; ctrl1[23]          ;
; IGNORE_LCELL_BUFFERS         ; off   ; -    ; ctrl1[22]          ;
; REMOVE_REDUNDANT_LOGIC_CELLS ; off   ; -    ; ctrl1[22]          ;
; IGNORE_LCELL_BUFFERS         ; off   ; -    ; ctrl1[21]          ;
; REMOVE_REDUNDANT_LOGIC_CELLS ; off   ; -    ; ctrl1[21]          ;
; IGNORE_LCELL_BUFFERS         ; off   ; -    ; ctrl1[20]          ;
; REMOVE_REDUNDANT_LOGIC_CELLS ; off   ; -    ; ctrl1[20]          ;
; IGNORE_LCELL_BUFFERS         ; off   ; -    ; ctrl1[19]          ;
; REMOVE_REDUNDANT_LOGIC_CELLS ; off   ; -    ; ctrl1[19]          ;
; IGNORE_LCELL_BUFFERS         ; off   ; -    ; ctrl1[18]          ;
; REMOVE_REDUNDANT_LOGIC_CELLS ; off   ; -    ; ctrl1[18]          ;
; IGNORE_LCELL_BUFFERS         ; off   ; -    ; ctrl1[17]          ;
; REMOVE_REDUNDANT_LOGIC_CELLS ; off   ; -    ; ctrl1[17]          ;
; IGNORE_LCELL_BUFFERS         ; off   ; -    ; ctrl1[16]          ;
; REMOVE_REDUNDANT_LOGIC_CELLS ; off   ; -    ; ctrl1[16]          ;
; IGNORE_LCELL_BUFFERS         ; off   ; -    ; ctrl1[15]          ;
; REMOVE_REDUNDANT_LOGIC_CELLS ; off   ; -    ; ctrl1[15]          ;
; IGNORE_LCELL_BUFFERS         ; off   ; -    ; ctrl1[14]          ;
; REMOVE_REDUNDANT_LOGIC_CELLS ; off   ; -    ; ctrl1[14]          ;
; IGNORE_LCELL_BUFFERS         ; off   ; -    ; ctrl1[13]          ;
; REMOVE_REDUNDANT_LOGIC_CELLS ; off   ; -    ; ctrl1[13]          ;
; IGNORE_LCELL_BUFFERS         ; off   ; -    ; ctrl1[12]          ;
; REMOVE_REDUNDANT_LOGIC_CELLS ; off   ; -    ; ctrl1[12]          ;
; IGNORE_LCELL_BUFFERS         ; off   ; -    ; ctrl1[11]          ;
; REMOVE_REDUNDANT_LOGIC_CELLS ; off   ; -    ; ctrl1[11]          ;
; IGNORE_LCELL_BUFFERS         ; off   ; -    ; ctrl1[10]          ;
; REMOVE_REDUNDANT_LOGIC_CELLS ; off   ; -    ; ctrl1[10]          ;
; IGNORE_LCELL_BUFFERS         ; off   ; -    ; ctrl1[9]           ;
; REMOVE_REDUNDANT_LOGIC_CELLS ; off   ; -    ; ctrl1[9]           ;
; IGNORE_LCELL_BUFFERS         ; off   ; -    ; ctrl1[8]           ;
; REMOVE_REDUNDANT_LOGIC_CELLS ; off   ; -    ; ctrl1[8]           ;
; IGNORE_LCELL_BUFFERS         ; off   ; -    ; ctrl1[7]           ;
; REMOVE_REDUNDANT_LOGIC_CELLS ; off   ; -    ; ctrl1[7]           ;
; IGNORE_LCELL_BUFFERS         ; off   ; -    ; ctrl1[6]           ;
; REMOVE_REDUNDANT_LOGIC_CELLS ; off   ; -    ; ctrl1[6]           ;
; IGNORE_LCELL_BUFFERS         ; off   ; -    ; ctrl1[5]           ;
; REMOVE_REDUNDANT_LOGIC_CELLS ; off   ; -    ; ctrl1[5]           ;
; IGNORE_LCELL_BUFFERS         ; off   ; -    ; ctrl1[4]           ;
; REMOVE_REDUNDANT_LOGIC_CELLS ; off   ; -    ; ctrl1[4]           ;
; IGNORE_LCELL_BUFFERS         ; off   ; -    ; ctrl1[3]           ;
; REMOVE_REDUNDANT_LOGIC_CELLS ; off   ; -    ; ctrl1[3]           ;
; IGNORE_LCELL_BUFFERS         ; off   ; -    ; ctrl1[2]           ;
; REMOVE_REDUNDANT_LOGIC_CELLS ; off   ; -    ; ctrl1[2]           ;
; IGNORE_LCELL_BUFFERS         ; off   ; -    ; ctrl1[1]           ;
; REMOVE_REDUNDANT_LOGIC_CELLS ; off   ; -    ; ctrl1[1]           ;
; IGNORE_LCELL_BUFFERS         ; off   ; -    ; ctrl1[0]           ;
; REMOVE_REDUNDANT_LOGIC_CELLS ; off   ; -    ; ctrl1[0]           ;
; IGNORE_LCELL_BUFFERS         ; off   ; -    ; ctrl2[25]          ;
; REMOVE_REDUNDANT_LOGIC_CELLS ; off   ; -    ; ctrl2[25]          ;
; IGNORE_LCELL_BUFFERS         ; off   ; -    ; ctrl2[14]          ;
; REMOVE_REDUNDANT_LOGIC_CELLS ; off   ; -    ; ctrl2[14]          ;
; IGNORE_LCELL_BUFFERS         ; off   ; -    ; ctrl2[13]          ;
; REMOVE_REDUNDANT_LOGIC_CELLS ; off   ; -    ; ctrl2[13]          ;
; IGNORE_LCELL_BUFFERS         ; off   ; -    ; ctrl2[12]          ;
; REMOVE_REDUNDANT_LOGIC_CELLS ; off   ; -    ; ctrl2[12]          ;
; IGNORE_LCELL_BUFFERS         ; off   ; -    ; ctrl2[11]          ;
; REMOVE_REDUNDANT_LOGIC_CELLS ; off   ; -    ; ctrl2[11]          ;
; IGNORE_LCELL_BUFFERS         ; off   ; -    ; ctrl2[10]          ;
; REMOVE_REDUNDANT_LOGIC_CELLS ; off   ; -    ; ctrl2[10]          ;
; IGNORE_LCELL_BUFFERS         ; off   ; -    ; ctrl2[9]           ;
; REMOVE_REDUNDANT_LOGIC_CELLS ; off   ; -    ; ctrl2[9]           ;
; IGNORE_LCELL_BUFFERS         ; off   ; -    ; ctrl2[2]           ;
; REMOVE_REDUNDANT_LOGIC_CELLS ; off   ; -    ; ctrl2[2]           ;
; IGNORE_LCELL_BUFFERS         ; off   ; -    ; dataOut_IM[31]     ;
; REMOVE_REDUNDANT_LOGIC_CELLS ; off   ; -    ; dataOut_IM[31]     ;
; IGNORE_LCELL_BUFFERS         ; off   ; -    ; dataOut_IM[30]     ;
; REMOVE_REDUNDANT_LOGIC_CELLS ; off   ; -    ; dataOut_IM[30]     ;
; IGNORE_LCELL_BUFFERS         ; off   ; -    ; dataOut_IM[29]     ;
; REMOVE_REDUNDANT_LOGIC_CELLS ; off   ; -    ; dataOut_IM[29]     ;
; IGNORE_LCELL_BUFFERS         ; off   ; -    ; dataOut_IM[28]     ;
; REMOVE_REDUNDANT_LOGIC_CELLS ; off   ; -    ; dataOut_IM[28]     ;
; IGNORE_LCELL_BUFFERS         ; off   ; -    ; dataOut_IM[27]     ;
; REMOVE_REDUNDANT_LOGIC_CELLS ; off   ; -    ; dataOut_IM[27]     ;
; IGNORE_LCELL_BUFFERS         ; off   ; -    ; dataOut_IM[26]     ;
; REMOVE_REDUNDANT_LOGIC_CELLS ; off   ; -    ; dataOut_IM[26]     ;
; IGNORE_LCELL_BUFFERS         ; off   ; -    ; dataOut_IM[25]     ;
; REMOVE_REDUNDANT_LOGIC_CELLS ; off   ; -    ; dataOut_IM[25]     ;
; IGNORE_LCELL_BUFFERS         ; off   ; -    ; dataOut_IM[24]     ;
; REMOVE_REDUNDANT_LOGIC_CELLS ; off   ; -    ; dataOut_IM[24]     ;
; IGNORE_LCELL_BUFFERS         ; off   ; -    ; dataOut_IM[23]     ;
; REMOVE_REDUNDANT_LOGIC_CELLS ; off   ; -    ; dataOut_IM[23]     ;
; IGNORE_LCELL_BUFFERS         ; off   ; -    ; dataOut_IM[22]     ;
; REMOVE_REDUNDANT_LOGIC_CELLS ; off   ; -    ; dataOut_IM[22]     ;
; IGNORE_LCELL_BUFFERS         ; off   ; -    ; dataOut_IM[21]     ;
; REMOVE_REDUNDANT_LOGIC_CELLS ; off   ; -    ; dataOut_IM[21]     ;
; IGNORE_LCELL_BUFFERS         ; off   ; -    ; dataOut_IM[20]     ;
; REMOVE_REDUNDANT_LOGIC_CELLS ; off   ; -    ; dataOut_IM[20]     ;
; IGNORE_LCELL_BUFFERS         ; off   ; -    ; dataOut_IM[19]     ;
; REMOVE_REDUNDANT_LOGIC_CELLS ; off   ; -    ; dataOut_IM[19]     ;
; IGNORE_LCELL_BUFFERS         ; off   ; -    ; dataOut_IM[18]     ;
; REMOVE_REDUNDANT_LOGIC_CELLS ; off   ; -    ; dataOut_IM[18]     ;
; IGNORE_LCELL_BUFFERS         ; off   ; -    ; dataOut_IM[17]     ;
; REMOVE_REDUNDANT_LOGIC_CELLS ; off   ; -    ; dataOut_IM[17]     ;
; IGNORE_LCELL_BUFFERS         ; off   ; -    ; dataOut_IM[16]     ;
; REMOVE_REDUNDANT_LOGIC_CELLS ; off   ; -    ; dataOut_IM[16]     ;
; IGNORE_LCELL_BUFFERS         ; off   ; -    ; dataOut_IM[15]     ;
; REMOVE_REDUNDANT_LOGIC_CELLS ; off   ; -    ; dataOut_IM[15]     ;
; IGNORE_LCELL_BUFFERS         ; off   ; -    ; dataOut_IM[14]     ;
; REMOVE_REDUNDANT_LOGIC_CELLS ; off   ; -    ; dataOut_IM[14]     ;
; IGNORE_LCELL_BUFFERS         ; off   ; -    ; dataOut_IM[13]     ;
; REMOVE_REDUNDANT_LOGIC_CELLS ; off   ; -    ; dataOut_IM[13]     ;
; IGNORE_LCELL_BUFFERS         ; off   ; -    ; dataOut_IM[12]     ;
; REMOVE_REDUNDANT_LOGIC_CELLS ; off   ; -    ; dataOut_IM[12]     ;
; IGNORE_LCELL_BUFFERS         ; off   ; -    ; dataOut_IM[11]     ;
; REMOVE_REDUNDANT_LOGIC_CELLS ; off   ; -    ; dataOut_IM[11]     ;
; IGNORE_LCELL_BUFFERS         ; off   ; -    ; dataOut_IM[10]     ;
; REMOVE_REDUNDANT_LOGIC_CELLS ; off   ; -    ; dataOut_IM[10]     ;
; IGNORE_LCELL_BUFFERS         ; off   ; -    ; dataOut_IM[9]      ;
; REMOVE_REDUNDANT_LOGIC_CELLS ; off   ; -    ; dataOut_IM[9]      ;
; IGNORE_LCELL_BUFFERS         ; off   ; -    ; dataOut_IM[8]      ;
; REMOVE_REDUNDANT_LOGIC_CELLS ; off   ; -    ; dataOut_IM[8]      ;
; IGNORE_LCELL_BUFFERS         ; off   ; -    ; dataOut_IM[7]      ;
; REMOVE_REDUNDANT_LOGIC_CELLS ; off   ; -    ; dataOut_IM[7]      ;
; IGNORE_LCELL_BUFFERS         ; off   ; -    ; dataOut_IM[6]      ;
; REMOVE_REDUNDANT_LOGIC_CELLS ; off   ; -    ; dataOut_IM[6]      ;
; IGNORE_LCELL_BUFFERS         ; off   ; -    ; dataOut_IM[5]      ;
; REMOVE_REDUNDANT_LOGIC_CELLS ; off   ; -    ; dataOut_IM[5]      ;
; IGNORE_LCELL_BUFFERS         ; off   ; -    ; dataOut_IM[4]      ;
; REMOVE_REDUNDANT_LOGIC_CELLS ; off   ; -    ; dataOut_IM[4]      ;
; IGNORE_LCELL_BUFFERS         ; off   ; -    ; dataOut_IM[3]      ;
; REMOVE_REDUNDANT_LOGIC_CELLS ; off   ; -    ; dataOut_IM[3]      ;
; IGNORE_LCELL_BUFFERS         ; off   ; -    ; dataOut_IM[2]      ;
; REMOVE_REDUNDANT_LOGIC_CELLS ; off   ; -    ; dataOut_IM[2]      ;
; IGNORE_LCELL_BUFFERS         ; off   ; -    ; dataOut_IM[1]      ;
; REMOVE_REDUNDANT_LOGIC_CELLS ; off   ; -    ; dataOut_IM[1]      ;
; IGNORE_LCELL_BUFFERS         ; off   ; -    ; dataOut_IM[0]      ;
; REMOVE_REDUNDANT_LOGIC_CELLS ; off   ; -    ; dataOut_IM[0]      ;
; IGNORE_LCELL_BUFFERS         ; off   ; -    ; iAddressInst[31]   ;
; REMOVE_REDUNDANT_LOGIC_CELLS ; off   ; -    ; iAddressInst[31]   ;
; IGNORE_LCELL_BUFFERS         ; off   ; -    ; iAddressInst[30]   ;
; REMOVE_REDUNDANT_LOGIC_CELLS ; off   ; -    ; iAddressInst[30]   ;
; IGNORE_LCELL_BUFFERS         ; off   ; -    ; iAddressInst[29]   ;
; REMOVE_REDUNDANT_LOGIC_CELLS ; off   ; -    ; iAddressInst[29]   ;
; IGNORE_LCELL_BUFFERS         ; off   ; -    ; iAddressInst[28]   ;
; REMOVE_REDUNDANT_LOGIC_CELLS ; off   ; -    ; iAddressInst[28]   ;
; IGNORE_LCELL_BUFFERS         ; off   ; -    ; iAddressInst[27]   ;
; REMOVE_REDUNDANT_LOGIC_CELLS ; off   ; -    ; iAddressInst[27]   ;
; IGNORE_LCELL_BUFFERS         ; off   ; -    ; iAddressInst[26]   ;
; REMOVE_REDUNDANT_LOGIC_CELLS ; off   ; -    ; iAddressInst[26]   ;
; IGNORE_LCELL_BUFFERS         ; off   ; -    ; iAddressInst[25]   ;
; REMOVE_REDUNDANT_LOGIC_CELLS ; off   ; -    ; iAddressInst[25]   ;
; IGNORE_LCELL_BUFFERS         ; off   ; -    ; iAddressInst[24]   ;
; REMOVE_REDUNDANT_LOGIC_CELLS ; off   ; -    ; iAddressInst[24]   ;
; IGNORE_LCELL_BUFFERS         ; off   ; -    ; iAddressInst[23]   ;
; REMOVE_REDUNDANT_LOGIC_CELLS ; off   ; -    ; iAddressInst[23]   ;
; IGNORE_LCELL_BUFFERS         ; off   ; -    ; iAddressInst[22]   ;
; REMOVE_REDUNDANT_LOGIC_CELLS ; off   ; -    ; iAddressInst[22]   ;
; IGNORE_LCELL_BUFFERS         ; off   ; -    ; iAddressInst[21]   ;
; REMOVE_REDUNDANT_LOGIC_CELLS ; off   ; -    ; iAddressInst[21]   ;
; IGNORE_LCELL_BUFFERS         ; off   ; -    ; iAddressInst[20]   ;
; REMOVE_REDUNDANT_LOGIC_CELLS ; off   ; -    ; iAddressInst[20]   ;
; IGNORE_LCELL_BUFFERS         ; off   ; -    ; iAddressInst[19]   ;
; REMOVE_REDUNDANT_LOGIC_CELLS ; off   ; -    ; iAddressInst[19]   ;
; IGNORE_LCELL_BUFFERS         ; off   ; -    ; iAddressInst[18]   ;
; REMOVE_REDUNDANT_LOGIC_CELLS ; off   ; -    ; iAddressInst[18]   ;
; IGNORE_LCELL_BUFFERS         ; off   ; -    ; iAddressInst[17]   ;
; REMOVE_REDUNDANT_LOGIC_CELLS ; off   ; -    ; iAddressInst[17]   ;
; IGNORE_LCELL_BUFFERS         ; off   ; -    ; iAddressInst[16]   ;
; REMOVE_REDUNDANT_LOGIC_CELLS ; off   ; -    ; iAddressInst[16]   ;
; IGNORE_LCELL_BUFFERS         ; off   ; -    ; iAddressInst[15]   ;
; REMOVE_REDUNDANT_LOGIC_CELLS ; off   ; -    ; iAddressInst[15]   ;
; IGNORE_LCELL_BUFFERS         ; off   ; -    ; iAddressInst[14]   ;
; REMOVE_REDUNDANT_LOGIC_CELLS ; off   ; -    ; iAddressInst[14]   ;
; IGNORE_LCELL_BUFFERS         ; off   ; -    ; iAddressInst[13]   ;
; REMOVE_REDUNDANT_LOGIC_CELLS ; off   ; -    ; iAddressInst[13]   ;
; IGNORE_LCELL_BUFFERS         ; off   ; -    ; iAddressInst[12]   ;
; REMOVE_REDUNDANT_LOGIC_CELLS ; off   ; -    ; iAddressInst[12]   ;
; IGNORE_LCELL_BUFFERS         ; off   ; -    ; iAddressInst[11]   ;
; REMOVE_REDUNDANT_LOGIC_CELLS ; off   ; -    ; iAddressInst[11]   ;
; IGNORE_LCELL_BUFFERS         ; off   ; -    ; iAddressInst[10]   ;
; REMOVE_REDUNDANT_LOGIC_CELLS ; off   ; -    ; iAddressInst[10]   ;
; IGNORE_LCELL_BUFFERS         ; off   ; -    ; iAddressInst[9]    ;
; REMOVE_REDUNDANT_LOGIC_CELLS ; off   ; -    ; iAddressInst[9]    ;
; IGNORE_LCELL_BUFFERS         ; off   ; -    ; iAddressInst[8]    ;
; REMOVE_REDUNDANT_LOGIC_CELLS ; off   ; -    ; iAddressInst[8]    ;
; IGNORE_LCELL_BUFFERS         ; off   ; -    ; iAddressInst[7]    ;
; REMOVE_REDUNDANT_LOGIC_CELLS ; off   ; -    ; iAddressInst[7]    ;
; IGNORE_LCELL_BUFFERS         ; off   ; -    ; iAddressInst[6]    ;
; REMOVE_REDUNDANT_LOGIC_CELLS ; off   ; -    ; iAddressInst[6]    ;
; IGNORE_LCELL_BUFFERS         ; off   ; -    ; iAddressInst[5]    ;
; REMOVE_REDUNDANT_LOGIC_CELLS ; off   ; -    ; iAddressInst[5]    ;
; IGNORE_LCELL_BUFFERS         ; off   ; -    ; iAddressInst[4]    ;
; REMOVE_REDUNDANT_LOGIC_CELLS ; off   ; -    ; iAddressInst[4]    ;
; IGNORE_LCELL_BUFFERS         ; off   ; -    ; iAddressInst[3]    ;
; REMOVE_REDUNDANT_LOGIC_CELLS ; off   ; -    ; iAddressInst[3]    ;
; IGNORE_LCELL_BUFFERS         ; off   ; -    ; iAddressInst[2]    ;
; REMOVE_REDUNDANT_LOGIC_CELLS ; off   ; -    ; iAddressInst[2]    ;
; IGNORE_LCELL_BUFFERS         ; off   ; -    ; iAddressInst[1]    ;
; REMOVE_REDUNDANT_LOGIC_CELLS ; off   ; -    ; iAddressInst[1]    ;
; IGNORE_LCELL_BUFFERS         ; off   ; -    ; iAddressInst[0]    ;
; REMOVE_REDUNDANT_LOGIC_CELLS ; off   ; -    ; iAddressInst[0]    ;
; IGNORE_LCELL_BUFFERS         ; off   ; -    ; dataOut_PC[31]     ;
; REMOVE_REDUNDANT_LOGIC_CELLS ; off   ; -    ; dataOut_PC[31]     ;
; IGNORE_LCELL_BUFFERS         ; off   ; -    ; dataOut_PC[30]     ;
; REMOVE_REDUNDANT_LOGIC_CELLS ; off   ; -    ; dataOut_PC[30]     ;
; IGNORE_LCELL_BUFFERS         ; off   ; -    ; dataOut_PC[29]     ;
; REMOVE_REDUNDANT_LOGIC_CELLS ; off   ; -    ; dataOut_PC[29]     ;
; IGNORE_LCELL_BUFFERS         ; off   ; -    ; dataOut_PC[28]     ;
; REMOVE_REDUNDANT_LOGIC_CELLS ; off   ; -    ; dataOut_PC[28]     ;
; IGNORE_LCELL_BUFFERS         ; off   ; -    ; dataOut_PC[27]     ;
; REMOVE_REDUNDANT_LOGIC_CELLS ; off   ; -    ; dataOut_PC[27]     ;
; IGNORE_LCELL_BUFFERS         ; off   ; -    ; dataOut_PC[26]     ;
; REMOVE_REDUNDANT_LOGIC_CELLS ; off   ; -    ; dataOut_PC[26]     ;
; IGNORE_LCELL_BUFFERS         ; off   ; -    ; dataOut_PC[25]     ;
; REMOVE_REDUNDANT_LOGIC_CELLS ; off   ; -    ; dataOut_PC[25]     ;
; IGNORE_LCELL_BUFFERS         ; off   ; -    ; dataOut_PC[24]     ;
; REMOVE_REDUNDANT_LOGIC_CELLS ; off   ; -    ; dataOut_PC[24]     ;
; IGNORE_LCELL_BUFFERS         ; off   ; -    ; dataOut_PC[23]     ;
; REMOVE_REDUNDANT_LOGIC_CELLS ; off   ; -    ; dataOut_PC[23]     ;
; IGNORE_LCELL_BUFFERS         ; off   ; -    ; dataOut_PC[22]     ;
; REMOVE_REDUNDANT_LOGIC_CELLS ; off   ; -    ; dataOut_PC[22]     ;
; IGNORE_LCELL_BUFFERS         ; off   ; -    ; dataOut_PC[21]     ;
; REMOVE_REDUNDANT_LOGIC_CELLS ; off   ; -    ; dataOut_PC[21]     ;
; IGNORE_LCELL_BUFFERS         ; off   ; -    ; dataOut_PC[20]     ;
; REMOVE_REDUNDANT_LOGIC_CELLS ; off   ; -    ; dataOut_PC[20]     ;
; IGNORE_LCELL_BUFFERS         ; off   ; -    ; dataOut_PC[19]     ;
; REMOVE_REDUNDANT_LOGIC_CELLS ; off   ; -    ; dataOut_PC[19]     ;
; IGNORE_LCELL_BUFFERS         ; off   ; -    ; dataOut_PC[18]     ;
; REMOVE_REDUNDANT_LOGIC_CELLS ; off   ; -    ; dataOut_PC[18]     ;
; IGNORE_LCELL_BUFFERS         ; off   ; -    ; dataOut_PC[17]     ;
; REMOVE_REDUNDANT_LOGIC_CELLS ; off   ; -    ; dataOut_PC[17]     ;
; IGNORE_LCELL_BUFFERS         ; off   ; -    ; dataOut_PC[16]     ;
; REMOVE_REDUNDANT_LOGIC_CELLS ; off   ; -    ; dataOut_PC[16]     ;
; IGNORE_LCELL_BUFFERS         ; off   ; -    ; dataOut_PC[15]     ;
; REMOVE_REDUNDANT_LOGIC_CELLS ; off   ; -    ; dataOut_PC[15]     ;
; IGNORE_LCELL_BUFFERS         ; off   ; -    ; dataOut_PC[14]     ;
; REMOVE_REDUNDANT_LOGIC_CELLS ; off   ; -    ; dataOut_PC[14]     ;
; IGNORE_LCELL_BUFFERS         ; off   ; -    ; dataOut_PC[13]     ;
; REMOVE_REDUNDANT_LOGIC_CELLS ; off   ; -    ; dataOut_PC[13]     ;
; IGNORE_LCELL_BUFFERS         ; off   ; -    ; dataOut_PC[12]     ;
; REMOVE_REDUNDANT_LOGIC_CELLS ; off   ; -    ; dataOut_PC[12]     ;
; IGNORE_LCELL_BUFFERS         ; off   ; -    ; dataOut_PC[11]     ;
; REMOVE_REDUNDANT_LOGIC_CELLS ; off   ; -    ; dataOut_PC[11]     ;
; IGNORE_LCELL_BUFFERS         ; off   ; -    ; dataOut_PC[10]     ;
; REMOVE_REDUNDANT_LOGIC_CELLS ; off   ; -    ; dataOut_PC[10]     ;
; IGNORE_LCELL_BUFFERS         ; off   ; -    ; dataOut_PC[9]      ;
; REMOVE_REDUNDANT_LOGIC_CELLS ; off   ; -    ; dataOut_PC[9]      ;
; IGNORE_LCELL_BUFFERS         ; off   ; -    ; dataOut_PC[8]      ;
; REMOVE_REDUNDANT_LOGIC_CELLS ; off   ; -    ; dataOut_PC[8]      ;
; IGNORE_LCELL_BUFFERS         ; off   ; -    ; dataOut_PC[7]      ;
; REMOVE_REDUNDANT_LOGIC_CELLS ; off   ; -    ; dataOut_PC[7]      ;
; IGNORE_LCELL_BUFFERS         ; off   ; -    ; dataOut_PC[6]      ;
; REMOVE_REDUNDANT_LOGIC_CELLS ; off   ; -    ; dataOut_PC[6]      ;
; IGNORE_LCELL_BUFFERS         ; off   ; -    ; dataOut_PC[5]      ;
; REMOVE_REDUNDANT_LOGIC_CELLS ; off   ; -    ; dataOut_PC[5]      ;
; IGNORE_LCELL_BUFFERS         ; off   ; -    ; dataOut_PC[4]      ;
; REMOVE_REDUNDANT_LOGIC_CELLS ; off   ; -    ; dataOut_PC[4]      ;
; IGNORE_LCELL_BUFFERS         ; off   ; -    ; dataOut_PC[3]      ;
; REMOVE_REDUNDANT_LOGIC_CELLS ; off   ; -    ; dataOut_PC[3]      ;
; IGNORE_LCELL_BUFFERS         ; off   ; -    ; dataOut_PC[2]      ;
; REMOVE_REDUNDANT_LOGIC_CELLS ; off   ; -    ; dataOut_PC[2]      ;
; IGNORE_LCELL_BUFFERS         ; off   ; -    ; dataOut_PC[1]      ;
; REMOVE_REDUNDANT_LOGIC_CELLS ; off   ; -    ; dataOut_PC[1]      ;
; IGNORE_LCELL_BUFFERS         ; off   ; -    ; dataOut_PC[0]      ;
; REMOVE_REDUNDANT_LOGIC_CELLS ; off   ; -    ; dataOut_PC[0]      ;
; IGNORE_LCELL_BUFFERS         ; off   ; -    ; CLK_MUL            ;
; REMOVE_REDUNDANT_LOGIC_CELLS ; off   ; -    ; CLK_MUL            ;
; IGNORE_LCELL_BUFFERS         ; off   ; -    ; CLK_SYS            ;
; REMOVE_REDUNDANT_LOGIC_CELLS ; off   ; -    ; CLK_SYS            ;
; IGNORE_LCELL_BUFFERS         ; off   ; -    ; fioA[31]           ;
; REMOVE_REDUNDANT_LOGIC_CELLS ; off   ; -    ; fioA[31]           ;
; IGNORE_LCELL_BUFFERS         ; off   ; -    ; fioA[30]           ;
; REMOVE_REDUNDANT_LOGIC_CELLS ; off   ; -    ; fioA[30]           ;
; IGNORE_LCELL_BUFFERS         ; off   ; -    ; fioA[29]           ;
; REMOVE_REDUNDANT_LOGIC_CELLS ; off   ; -    ; fioA[29]           ;
; IGNORE_LCELL_BUFFERS         ; off   ; -    ; fioA[28]           ;
; REMOVE_REDUNDANT_LOGIC_CELLS ; off   ; -    ; fioA[28]           ;
; IGNORE_LCELL_BUFFERS         ; off   ; -    ; fioA[27]           ;
; REMOVE_REDUNDANT_LOGIC_CELLS ; off   ; -    ; fioA[27]           ;
; IGNORE_LCELL_BUFFERS         ; off   ; -    ; fioA[26]           ;
; REMOVE_REDUNDANT_LOGIC_CELLS ; off   ; -    ; fioA[26]           ;
; IGNORE_LCELL_BUFFERS         ; off   ; -    ; fioA[25]           ;
; REMOVE_REDUNDANT_LOGIC_CELLS ; off   ; -    ; fioA[25]           ;
; IGNORE_LCELL_BUFFERS         ; off   ; -    ; fioA[24]           ;
; REMOVE_REDUNDANT_LOGIC_CELLS ; off   ; -    ; fioA[24]           ;
; IGNORE_LCELL_BUFFERS         ; off   ; -    ; fioA[23]           ;
; REMOVE_REDUNDANT_LOGIC_CELLS ; off   ; -    ; fioA[23]           ;
; IGNORE_LCELL_BUFFERS         ; off   ; -    ; fioA[22]           ;
; REMOVE_REDUNDANT_LOGIC_CELLS ; off   ; -    ; fioA[22]           ;
; IGNORE_LCELL_BUFFERS         ; off   ; -    ; fioA[21]           ;
; REMOVE_REDUNDANT_LOGIC_CELLS ; off   ; -    ; fioA[21]           ;
; IGNORE_LCELL_BUFFERS         ; off   ; -    ; fioA[20]           ;
; REMOVE_REDUNDANT_LOGIC_CELLS ; off   ; -    ; fioA[20]           ;
; IGNORE_LCELL_BUFFERS         ; off   ; -    ; fioA[19]           ;
; REMOVE_REDUNDANT_LOGIC_CELLS ; off   ; -    ; fioA[19]           ;
; IGNORE_LCELL_BUFFERS         ; off   ; -    ; fioA[18]           ;
; REMOVE_REDUNDANT_LOGIC_CELLS ; off   ; -    ; fioA[18]           ;
; IGNORE_LCELL_BUFFERS         ; off   ; -    ; fioA[17]           ;
; REMOVE_REDUNDANT_LOGIC_CELLS ; off   ; -    ; fioA[17]           ;
; IGNORE_LCELL_BUFFERS         ; off   ; -    ; fioA[16]           ;
; REMOVE_REDUNDANT_LOGIC_CELLS ; off   ; -    ; fioA[16]           ;
; IGNORE_LCELL_BUFFERS         ; off   ; -    ; fioA[15]           ;
; REMOVE_REDUNDANT_LOGIC_CELLS ; off   ; -    ; fioA[15]           ;
; IGNORE_LCELL_BUFFERS         ; off   ; -    ; fioA[14]           ;
; REMOVE_REDUNDANT_LOGIC_CELLS ; off   ; -    ; fioA[14]           ;
; IGNORE_LCELL_BUFFERS         ; off   ; -    ; fioA[13]           ;
; REMOVE_REDUNDANT_LOGIC_CELLS ; off   ; -    ; fioA[13]           ;
; IGNORE_LCELL_BUFFERS         ; off   ; -    ; fioA[12]           ;
; REMOVE_REDUNDANT_LOGIC_CELLS ; off   ; -    ; fioA[12]           ;
; IGNORE_LCELL_BUFFERS         ; off   ; -    ; fioA[11]           ;
; REMOVE_REDUNDANT_LOGIC_CELLS ; off   ; -    ; fioA[11]           ;
; IGNORE_LCELL_BUFFERS         ; off   ; -    ; fioA[10]           ;
; REMOVE_REDUNDANT_LOGIC_CELLS ; off   ; -    ; fioA[10]           ;
; IGNORE_LCELL_BUFFERS         ; off   ; -    ; fioA[9]            ;
; REMOVE_REDUNDANT_LOGIC_CELLS ; off   ; -    ; fioA[9]            ;
; IGNORE_LCELL_BUFFERS         ; off   ; -    ; fioA[8]            ;
; REMOVE_REDUNDANT_LOGIC_CELLS ; off   ; -    ; fioA[8]            ;
; IGNORE_LCELL_BUFFERS         ; off   ; -    ; fioA[7]            ;
; REMOVE_REDUNDANT_LOGIC_CELLS ; off   ; -    ; fioA[7]            ;
; IGNORE_LCELL_BUFFERS         ; off   ; -    ; fioA[6]            ;
; REMOVE_REDUNDANT_LOGIC_CELLS ; off   ; -    ; fioA[6]            ;
; IGNORE_LCELL_BUFFERS         ; off   ; -    ; fioA[5]            ;
; REMOVE_REDUNDANT_LOGIC_CELLS ; off   ; -    ; fioA[5]            ;
; IGNORE_LCELL_BUFFERS         ; off   ; -    ; fioA[4]            ;
; REMOVE_REDUNDANT_LOGIC_CELLS ; off   ; -    ; fioA[4]            ;
; IGNORE_LCELL_BUFFERS         ; off   ; -    ; fioA[3]            ;
; REMOVE_REDUNDANT_LOGIC_CELLS ; off   ; -    ; fioA[3]            ;
; IGNORE_LCELL_BUFFERS         ; off   ; -    ; fioA[2]            ;
; REMOVE_REDUNDANT_LOGIC_CELLS ; off   ; -    ; fioA[2]            ;
; IGNORE_LCELL_BUFFERS         ; off   ; -    ; fioA[1]            ;
; REMOVE_REDUNDANT_LOGIC_CELLS ; off   ; -    ; fioA[1]            ;
; IGNORE_LCELL_BUFFERS         ; off   ; -    ; fioA[0]            ;
; REMOVE_REDUNDANT_LOGIC_CELLS ; off   ; -    ; fioA[0]            ;
; IGNORE_LCELL_BUFFERS         ; off   ; -    ; fioB[31]           ;
; REMOVE_REDUNDANT_LOGIC_CELLS ; off   ; -    ; fioB[31]           ;
; IGNORE_LCELL_BUFFERS         ; off   ; -    ; fioB[30]           ;
; REMOVE_REDUNDANT_LOGIC_CELLS ; off   ; -    ; fioB[30]           ;
; IGNORE_LCELL_BUFFERS         ; off   ; -    ; fioB[29]           ;
; REMOVE_REDUNDANT_LOGIC_CELLS ; off   ; -    ; fioB[29]           ;
; IGNORE_LCELL_BUFFERS         ; off   ; -    ; fioB[28]           ;
; REMOVE_REDUNDANT_LOGIC_CELLS ; off   ; -    ; fioB[28]           ;
; IGNORE_LCELL_BUFFERS         ; off   ; -    ; fioB[27]           ;
; REMOVE_REDUNDANT_LOGIC_CELLS ; off   ; -    ; fioB[27]           ;
; IGNORE_LCELL_BUFFERS         ; off   ; -    ; fioB[26]           ;
; REMOVE_REDUNDANT_LOGIC_CELLS ; off   ; -    ; fioB[26]           ;
; IGNORE_LCELL_BUFFERS         ; off   ; -    ; fioB[25]           ;
; REMOVE_REDUNDANT_LOGIC_CELLS ; off   ; -    ; fioB[25]           ;
; IGNORE_LCELL_BUFFERS         ; off   ; -    ; fioB[24]           ;
; REMOVE_REDUNDANT_LOGIC_CELLS ; off   ; -    ; fioB[24]           ;
; IGNORE_LCELL_BUFFERS         ; off   ; -    ; fioB[23]           ;
; REMOVE_REDUNDANT_LOGIC_CELLS ; off   ; -    ; fioB[23]           ;
; IGNORE_LCELL_BUFFERS         ; off   ; -    ; fioB[22]           ;
; REMOVE_REDUNDANT_LOGIC_CELLS ; off   ; -    ; fioB[22]           ;
; IGNORE_LCELL_BUFFERS         ; off   ; -    ; fioB[21]           ;
; REMOVE_REDUNDANT_LOGIC_CELLS ; off   ; -    ; fioB[21]           ;
; IGNORE_LCELL_BUFFERS         ; off   ; -    ; fioB[20]           ;
; REMOVE_REDUNDANT_LOGIC_CELLS ; off   ; -    ; fioB[20]           ;
; IGNORE_LCELL_BUFFERS         ; off   ; -    ; fioB[19]           ;
; REMOVE_REDUNDANT_LOGIC_CELLS ; off   ; -    ; fioB[19]           ;
; IGNORE_LCELL_BUFFERS         ; off   ; -    ; fioB[18]           ;
; REMOVE_REDUNDANT_LOGIC_CELLS ; off   ; -    ; fioB[18]           ;
; IGNORE_LCELL_BUFFERS         ; off   ; -    ; fioB[17]           ;
; REMOVE_REDUNDANT_LOGIC_CELLS ; off   ; -    ; fioB[17]           ;
; IGNORE_LCELL_BUFFERS         ; off   ; -    ; fioB[16]           ;
; REMOVE_REDUNDANT_LOGIC_CELLS ; off   ; -    ; fioB[16]           ;
; IGNORE_LCELL_BUFFERS         ; off   ; -    ; fioB[15]           ;
; REMOVE_REDUNDANT_LOGIC_CELLS ; off   ; -    ; fioB[15]           ;
; IGNORE_LCELL_BUFFERS         ; off   ; -    ; fioB[14]           ;
; REMOVE_REDUNDANT_LOGIC_CELLS ; off   ; -    ; fioB[14]           ;
; IGNORE_LCELL_BUFFERS         ; off   ; -    ; fioB[13]           ;
; REMOVE_REDUNDANT_LOGIC_CELLS ; off   ; -    ; fioB[13]           ;
; IGNORE_LCELL_BUFFERS         ; off   ; -    ; fioB[12]           ;
; REMOVE_REDUNDANT_LOGIC_CELLS ; off   ; -    ; fioB[12]           ;
; IGNORE_LCELL_BUFFERS         ; off   ; -    ; fioB[11]           ;
; REMOVE_REDUNDANT_LOGIC_CELLS ; off   ; -    ; fioB[11]           ;
; IGNORE_LCELL_BUFFERS         ; off   ; -    ; fioB[10]           ;
; REMOVE_REDUNDANT_LOGIC_CELLS ; off   ; -    ; fioB[10]           ;
; IGNORE_LCELL_BUFFERS         ; off   ; -    ; fioB[9]            ;
; REMOVE_REDUNDANT_LOGIC_CELLS ; off   ; -    ; fioB[9]            ;
; IGNORE_LCELL_BUFFERS         ; off   ; -    ; fioB[8]            ;
; REMOVE_REDUNDANT_LOGIC_CELLS ; off   ; -    ; fioB[8]            ;
; IGNORE_LCELL_BUFFERS         ; off   ; -    ; fioB[7]            ;
; REMOVE_REDUNDANT_LOGIC_CELLS ; off   ; -    ; fioB[7]            ;
; IGNORE_LCELL_BUFFERS         ; off   ; -    ; fioB[6]            ;
; REMOVE_REDUNDANT_LOGIC_CELLS ; off   ; -    ; fioB[6]            ;
; IGNORE_LCELL_BUFFERS         ; off   ; -    ; fioB[5]            ;
; REMOVE_REDUNDANT_LOGIC_CELLS ; off   ; -    ; fioB[5]            ;
; IGNORE_LCELL_BUFFERS         ; off   ; -    ; fioB[4]            ;
; REMOVE_REDUNDANT_LOGIC_CELLS ; off   ; -    ; fioB[4]            ;
; IGNORE_LCELL_BUFFERS         ; off   ; -    ; fioB[3]            ;
; REMOVE_REDUNDANT_LOGIC_CELLS ; off   ; -    ; fioB[3]            ;
; IGNORE_LCELL_BUFFERS         ; off   ; -    ; fioB[2]            ;
; REMOVE_REDUNDANT_LOGIC_CELLS ; off   ; -    ; fioB[2]            ;
; IGNORE_LCELL_BUFFERS         ; off   ; -    ; fioB[1]            ;
; REMOVE_REDUNDANT_LOGIC_CELLS ; off   ; -    ; fioB[1]            ;
; IGNORE_LCELL_BUFFERS         ; off   ; -    ; fioB[0]            ;
; REMOVE_REDUNDANT_LOGIC_CELLS ; off   ; -    ; fioB[0]            ;
; IGNORE_LCELL_BUFFERS         ; off   ; -    ; resetControl       ;
; REMOVE_REDUNDANT_LOGIC_CELLS ; off   ; -    ; resetControl       ;
; IGNORE_LCELL_BUFFERS         ; off   ; -    ; zeroFlag           ;
; REMOVE_REDUNDANT_LOGIC_CELLS ; off   ; -    ; zeroFlag           ;
; IGNORE_LCELL_BUFFERS         ; off   ; -    ; dout[31]           ;
; REMOVE_REDUNDANT_LOGIC_CELLS ; off   ; -    ; dout[31]           ;
; IGNORE_LCELL_BUFFERS         ; off   ; -    ; dout[30]           ;
; REMOVE_REDUNDANT_LOGIC_CELLS ; off   ; -    ; dout[30]           ;
; IGNORE_LCELL_BUFFERS         ; off   ; -    ; dout[29]           ;
; REMOVE_REDUNDANT_LOGIC_CELLS ; off   ; -    ; dout[29]           ;
; IGNORE_LCELL_BUFFERS         ; off   ; -    ; dout[28]           ;
; REMOVE_REDUNDANT_LOGIC_CELLS ; off   ; -    ; dout[28]           ;
; IGNORE_LCELL_BUFFERS         ; off   ; -    ; dout[27]           ;
; REMOVE_REDUNDANT_LOGIC_CELLS ; off   ; -    ; dout[27]           ;
; IGNORE_LCELL_BUFFERS         ; off   ; -    ; dout[26]           ;
; REMOVE_REDUNDANT_LOGIC_CELLS ; off   ; -    ; dout[26]           ;
; IGNORE_LCELL_BUFFERS         ; off   ; -    ; dout[25]           ;
; REMOVE_REDUNDANT_LOGIC_CELLS ; off   ; -    ; dout[25]           ;
; IGNORE_LCELL_BUFFERS         ; off   ; -    ; dout[24]           ;
; REMOVE_REDUNDANT_LOGIC_CELLS ; off   ; -    ; dout[24]           ;
; IGNORE_LCELL_BUFFERS         ; off   ; -    ; dout[23]           ;
; REMOVE_REDUNDANT_LOGIC_CELLS ; off   ; -    ; dout[23]           ;
; IGNORE_LCELL_BUFFERS         ; off   ; -    ; dout[22]           ;
; REMOVE_REDUNDANT_LOGIC_CELLS ; off   ; -    ; dout[22]           ;
; IGNORE_LCELL_BUFFERS         ; off   ; -    ; dout[21]           ;
; REMOVE_REDUNDANT_LOGIC_CELLS ; off   ; -    ; dout[21]           ;
; IGNORE_LCELL_BUFFERS         ; off   ; -    ; dout[20]           ;
; REMOVE_REDUNDANT_LOGIC_CELLS ; off   ; -    ; dout[20]           ;
; IGNORE_LCELL_BUFFERS         ; off   ; -    ; dout[19]           ;
; REMOVE_REDUNDANT_LOGIC_CELLS ; off   ; -    ; dout[19]           ;
; IGNORE_LCELL_BUFFERS         ; off   ; -    ; dout[18]           ;
; REMOVE_REDUNDANT_LOGIC_CELLS ; off   ; -    ; dout[18]           ;
; IGNORE_LCELL_BUFFERS         ; off   ; -    ; dout[17]           ;
; REMOVE_REDUNDANT_LOGIC_CELLS ; off   ; -    ; dout[17]           ;
; IGNORE_LCELL_BUFFERS         ; off   ; -    ; dout[16]           ;
; REMOVE_REDUNDANT_LOGIC_CELLS ; off   ; -    ; dout[16]           ;
; IGNORE_LCELL_BUFFERS         ; off   ; -    ; dout[15]           ;
; REMOVE_REDUNDANT_LOGIC_CELLS ; off   ; -    ; dout[15]           ;
; IGNORE_LCELL_BUFFERS         ; off   ; -    ; dout[14]           ;
; REMOVE_REDUNDANT_LOGIC_CELLS ; off   ; -    ; dout[14]           ;
; IGNORE_LCELL_BUFFERS         ; off   ; -    ; dout[13]           ;
; REMOVE_REDUNDANT_LOGIC_CELLS ; off   ; -    ; dout[13]           ;
; IGNORE_LCELL_BUFFERS         ; off   ; -    ; dout[12]           ;
; REMOVE_REDUNDANT_LOGIC_CELLS ; off   ; -    ; dout[12]           ;
; IGNORE_LCELL_BUFFERS         ; off   ; -    ; dout[11]           ;
; REMOVE_REDUNDANT_LOGIC_CELLS ; off   ; -    ; dout[11]           ;
; IGNORE_LCELL_BUFFERS         ; off   ; -    ; dout[10]           ;
; REMOVE_REDUNDANT_LOGIC_CELLS ; off   ; -    ; dout[10]           ;
; IGNORE_LCELL_BUFFERS         ; off   ; -    ; dout[9]            ;
; REMOVE_REDUNDANT_LOGIC_CELLS ; off   ; -    ; dout[9]            ;
; IGNORE_LCELL_BUFFERS         ; off   ; -    ; dout[8]            ;
; REMOVE_REDUNDANT_LOGIC_CELLS ; off   ; -    ; dout[8]            ;
; IGNORE_LCELL_BUFFERS         ; off   ; -    ; dout[7]            ;
; REMOVE_REDUNDANT_LOGIC_CELLS ; off   ; -    ; dout[7]            ;
; IGNORE_LCELL_BUFFERS         ; off   ; -    ; dout[6]            ;
; REMOVE_REDUNDANT_LOGIC_CELLS ; off   ; -    ; dout[6]            ;
; IGNORE_LCELL_BUFFERS         ; off   ; -    ; dout[5]            ;
; REMOVE_REDUNDANT_LOGIC_CELLS ; off   ; -    ; dout[5]            ;
; IGNORE_LCELL_BUFFERS         ; off   ; -    ; dout[4]            ;
; REMOVE_REDUNDANT_LOGIC_CELLS ; off   ; -    ; dout[4]            ;
; IGNORE_LCELL_BUFFERS         ; off   ; -    ; dout[3]            ;
; REMOVE_REDUNDANT_LOGIC_CELLS ; off   ; -    ; dout[3]            ;
; IGNORE_LCELL_BUFFERS         ; off   ; -    ; dout[2]            ;
; REMOVE_REDUNDANT_LOGIC_CELLS ; off   ; -    ; dout[2]            ;
; IGNORE_LCELL_BUFFERS         ; off   ; -    ; dout[1]            ;
; REMOVE_REDUNDANT_LOGIC_CELLS ; off   ; -    ; dout[1]            ;
; IGNORE_LCELL_BUFFERS         ; off   ; -    ; dout[0]            ;
; REMOVE_REDUNDANT_LOGIC_CELLS ; off   ; -    ; dout[0]            ;
; IGNORE_LCELL_BUFFERS         ; off   ; -    ; dataOut_Extend[31] ;
; REMOVE_REDUNDANT_LOGIC_CELLS ; off   ; -    ; dataOut_Extend[31] ;
; IGNORE_LCELL_BUFFERS         ; off   ; -    ; dataOut_Extend[30] ;
; REMOVE_REDUNDANT_LOGIC_CELLS ; off   ; -    ; dataOut_Extend[30] ;
; IGNORE_LCELL_BUFFERS         ; off   ; -    ; dataOut_Extend[29] ;
; REMOVE_REDUNDANT_LOGIC_CELLS ; off   ; -    ; dataOut_Extend[29] ;
; IGNORE_LCELL_BUFFERS         ; off   ; -    ; dataOut_Extend[28] ;
; REMOVE_REDUNDANT_LOGIC_CELLS ; off   ; -    ; dataOut_Extend[28] ;
; IGNORE_LCELL_BUFFERS         ; off   ; -    ; dataOut_Extend[27] ;
; REMOVE_REDUNDANT_LOGIC_CELLS ; off   ; -    ; dataOut_Extend[27] ;
; IGNORE_LCELL_BUFFERS         ; off   ; -    ; dataOut_Extend[26] ;
; REMOVE_REDUNDANT_LOGIC_CELLS ; off   ; -    ; dataOut_Extend[26] ;
; IGNORE_LCELL_BUFFERS         ; off   ; -    ; dataOut_Extend[25] ;
; REMOVE_REDUNDANT_LOGIC_CELLS ; off   ; -    ; dataOut_Extend[25] ;
; IGNORE_LCELL_BUFFERS         ; off   ; -    ; dataOut_Extend[24] ;
; REMOVE_REDUNDANT_LOGIC_CELLS ; off   ; -    ; dataOut_Extend[24] ;
; IGNORE_LCELL_BUFFERS         ; off   ; -    ; dataOut_Extend[23] ;
; REMOVE_REDUNDANT_LOGIC_CELLS ; off   ; -    ; dataOut_Extend[23] ;
; IGNORE_LCELL_BUFFERS         ; off   ; -    ; dataOut_Extend[22] ;
; REMOVE_REDUNDANT_LOGIC_CELLS ; off   ; -    ; dataOut_Extend[22] ;
; IGNORE_LCELL_BUFFERS         ; off   ; -    ; dataOut_Extend[21] ;
; REMOVE_REDUNDANT_LOGIC_CELLS ; off   ; -    ; dataOut_Extend[21] ;
; IGNORE_LCELL_BUFFERS         ; off   ; -    ; dataOut_Extend[20] ;
; REMOVE_REDUNDANT_LOGIC_CELLS ; off   ; -    ; dataOut_Extend[20] ;
; IGNORE_LCELL_BUFFERS         ; off   ; -    ; dataOut_Extend[19] ;
; REMOVE_REDUNDANT_LOGIC_CELLS ; off   ; -    ; dataOut_Extend[19] ;
; IGNORE_LCELL_BUFFERS         ; off   ; -    ; dataOut_Extend[18] ;
; REMOVE_REDUNDANT_LOGIC_CELLS ; off   ; -    ; dataOut_Extend[18] ;
; IGNORE_LCELL_BUFFERS         ; off   ; -    ; dataOut_Extend[17] ;
; REMOVE_REDUNDANT_LOGIC_CELLS ; off   ; -    ; dataOut_Extend[17] ;
; IGNORE_LCELL_BUFFERS         ; off   ; -    ; dataOut_Extend[16] ;
; REMOVE_REDUNDANT_LOGIC_CELLS ; off   ; -    ; dataOut_Extend[16] ;
; IGNORE_LCELL_BUFFERS         ; off   ; -    ; dataOut_Extend[15] ;
; REMOVE_REDUNDANT_LOGIC_CELLS ; off   ; -    ; dataOut_Extend[15] ;
; IGNORE_LCELL_BUFFERS         ; off   ; -    ; dataOut_Extend[14] ;
; REMOVE_REDUNDANT_LOGIC_CELLS ; off   ; -    ; dataOut_Extend[14] ;
; IGNORE_LCELL_BUFFERS         ; off   ; -    ; dataOut_Extend[13] ;
; REMOVE_REDUNDANT_LOGIC_CELLS ; off   ; -    ; dataOut_Extend[13] ;
; IGNORE_LCELL_BUFFERS         ; off   ; -    ; dataOut_Extend[12] ;
; REMOVE_REDUNDANT_LOGIC_CELLS ; off   ; -    ; dataOut_Extend[12] ;
; IGNORE_LCELL_BUFFERS         ; off   ; -    ; dataOut_Extend[11] ;
; REMOVE_REDUNDANT_LOGIC_CELLS ; off   ; -    ; dataOut_Extend[11] ;
; IGNORE_LCELL_BUFFERS         ; off   ; -    ; dataOut_Extend[10] ;
; REMOVE_REDUNDANT_LOGIC_CELLS ; off   ; -    ; dataOut_Extend[10] ;
; IGNORE_LCELL_BUFFERS         ; off   ; -    ; dataOut_Extend[9]  ;
; REMOVE_REDUNDANT_LOGIC_CELLS ; off   ; -    ; dataOut_Extend[9]  ;
; IGNORE_LCELL_BUFFERS         ; off   ; -    ; dataOut_Extend[8]  ;
; REMOVE_REDUNDANT_LOGIC_CELLS ; off   ; -    ; dataOut_Extend[8]  ;
; IGNORE_LCELL_BUFFERS         ; off   ; -    ; dataOut_Extend[7]  ;
; REMOVE_REDUNDANT_LOGIC_CELLS ; off   ; -    ; dataOut_Extend[7]  ;
; IGNORE_LCELL_BUFFERS         ; off   ; -    ; dataOut_Extend[6]  ;
; REMOVE_REDUNDANT_LOGIC_CELLS ; off   ; -    ; dataOut_Extend[6]  ;
; IGNORE_LCELL_BUFFERS         ; off   ; -    ; dataOut_Extend[5]  ;
; REMOVE_REDUNDANT_LOGIC_CELLS ; off   ; -    ; dataOut_Extend[5]  ;
; IGNORE_LCELL_BUFFERS         ; off   ; -    ; dataOut_Extend[4]  ;
; REMOVE_REDUNDANT_LOGIC_CELLS ; off   ; -    ; dataOut_Extend[4]  ;
; IGNORE_LCELL_BUFFERS         ; off   ; -    ; dataOut_Extend[3]  ;
; REMOVE_REDUNDANT_LOGIC_CELLS ; off   ; -    ; dataOut_Extend[3]  ;
; IGNORE_LCELL_BUFFERS         ; off   ; -    ; dataOut_Extend[2]  ;
; REMOVE_REDUNDANT_LOGIC_CELLS ; off   ; -    ; dataOut_Extend[2]  ;
; IGNORE_LCELL_BUFFERS         ; off   ; -    ; dataOut_Extend[1]  ;
; REMOVE_REDUNDANT_LOGIC_CELLS ; off   ; -    ; dataOut_Extend[1]  ;
; IGNORE_LCELL_BUFFERS         ; off   ; -    ; dataOut_Extend[0]  ;
; REMOVE_REDUNDANT_LOGIC_CELLS ; off   ; -    ; dataOut_Extend[0]  ;
+------------------------------+-------+------+--------------------+


+--------------------------------------------------------------------------------------------------+
; Source assignments for InstMem:IM|altsyncram:altsyncram_component|altsyncram_jv91:auto_generated ;
+---------------------------------+--------------------+------+------------------------------------+
; Assignment                      ; Value              ; From ; To                                 ;
+---------------------------------+--------------------+------+------------------------------------+
; OPTIMIZE_POWER_DURING_SYNTHESIS ; NORMAL_COMPILATION ; -    ; -                                  ;
+---------------------------------+--------------------+------+------------------------------------+


+--------------------------------------------------------------------------------------------------------------+
; Source assignments for datamemory:Data_Memory|altsyncram:altsyncram_component|altsyncram_28i1:auto_generated ;
+---------------------------------+--------------------+------+------------------------------------------------+
; Assignment                      ; Value              ; From ; To                                             ;
+---------------------------------+--------------------+------+------------------------------------------------+
; OPTIMIZE_POWER_DURING_SYNTHESIS ; NORMAL_COMPILATION ; -    ; -                                              ;
+---------------------------------+--------------------+------+------------------------------------------------+


+------------------------------------------------------------------------------+
; Parameter Settings for User Entity Instance: PLL:pll|altpll:altpll_component ;
+-------------------------------+-----------------------+----------------------+
; Parameter Name                ; Value                 ; Type                 ;
+-------------------------------+-----------------------+----------------------+
; OPERATION_MODE                ; NORMAL                ; Untyped              ;
; PLL_TYPE                      ; AUTO                  ; Untyped              ;
; LPM_HINT                      ; CBX_MODULE_PREFIX=PLL ; Untyped              ;
; QUALIFY_CONF_DONE             ; OFF                   ; Untyped              ;
; COMPENSATE_CLOCK              ; CLK0                  ; Untyped              ;
; SCAN_CHAIN                    ; LONG                  ; Untyped              ;
; PRIMARY_CLOCK                 ; INCLK0                ; Untyped              ;
; INCLK0_INPUT_FREQUENCY        ; 10000                 ; Signed Integer       ;
; INCLK1_INPUT_FREQUENCY        ; 0                     ; Untyped              ;
; GATE_LOCK_SIGNAL              ; NO                    ; Untyped              ;
; GATE_LOCK_COUNTER             ; 0                     ; Untyped              ;
; LOCK_HIGH                     ; 1                     ; Untyped              ;
; LOCK_LOW                      ; 1                     ; Untyped              ;
; VALID_LOCK_MULTIPLIER         ; 1                     ; Untyped              ;
; INVALID_LOCK_MULTIPLIER       ; 5                     ; Untyped              ;
; SWITCH_OVER_ON_LOSSCLK        ; OFF                   ; Untyped              ;
; SWITCH_OVER_ON_GATED_LOCK     ; OFF                   ; Untyped              ;
; ENABLE_SWITCH_OVER_COUNTER    ; OFF                   ; Untyped              ;
; SKIP_VCO                      ; OFF                   ; Untyped              ;
; SWITCH_OVER_COUNTER           ; 0                     ; Untyped              ;
; SWITCH_OVER_TYPE              ; AUTO                  ; Untyped              ;
; FEEDBACK_SOURCE               ; EXTCLK0               ; Untyped              ;
; BANDWIDTH                     ; 0                     ; Untyped              ;
; BANDWIDTH_TYPE                ; AUTO                  ; Untyped              ;
; SPREAD_FREQUENCY              ; 0                     ; Untyped              ;
; DOWN_SPREAD                   ; 0                     ; Untyped              ;
; SELF_RESET_ON_GATED_LOSS_LOCK ; OFF                   ; Untyped              ;
; SELF_RESET_ON_LOSS_LOCK       ; OFF                   ; Untyped              ;
; CLK9_MULTIPLY_BY              ; 0                     ; Untyped              ;
; CLK8_MULTIPLY_BY              ; 0                     ; Untyped              ;
; CLK7_MULTIPLY_BY              ; 0                     ; Untyped              ;
; CLK6_MULTIPLY_BY              ; 0                     ; Untyped              ;
; CLK5_MULTIPLY_BY              ; 1                     ; Untyped              ;
; CLK4_MULTIPLY_BY              ; 1                     ; Untyped              ;
; CLK3_MULTIPLY_BY              ; 1                     ; Untyped              ;
; CLK2_MULTIPLY_BY              ; 1                     ; Untyped              ;
; CLK1_MULTIPLY_BY              ; 3                     ; Signed Integer       ;
; CLK0_MULTIPLY_BY              ; 1                     ; Signed Integer       ;
; CLK9_DIVIDE_BY                ; 0                     ; Untyped              ;
; CLK8_DIVIDE_BY                ; 0                     ; Untyped              ;
; CLK7_DIVIDE_BY                ; 0                     ; Untyped              ;
; CLK6_DIVIDE_BY                ; 0                     ; Untyped              ;
; CLK5_DIVIDE_BY                ; 1                     ; Untyped              ;
; CLK4_DIVIDE_BY                ; 1                     ; Untyped              ;
; CLK3_DIVIDE_BY                ; 1                     ; Untyped              ;
; CLK2_DIVIDE_BY                ; 1                     ; Untyped              ;
; CLK1_DIVIDE_BY                ; 2500                  ; Signed Integer       ;
; CLK0_DIVIDE_BY                ; 1250                  ; Signed Integer       ;
; CLK9_PHASE_SHIFT              ; 0                     ; Untyped              ;
; CLK8_PHASE_SHIFT              ; 0                     ; Untyped              ;
; CLK7_PHASE_SHIFT              ; 0                     ; Untyped              ;
; CLK6_PHASE_SHIFT              ; 0                     ; Untyped              ;
; CLK5_PHASE_SHIFT              ; 0                     ; Untyped              ;
; CLK4_PHASE_SHIFT              ; 0                     ; Untyped              ;
; CLK3_PHASE_SHIFT              ; 0                     ; Untyped              ;
; CLK2_PHASE_SHIFT              ; 0                     ; Untyped              ;
; CLK1_PHASE_SHIFT              ; 0                     ; Untyped              ;
; CLK0_PHASE_SHIFT              ; 0                     ; Untyped              ;
; CLK5_TIME_DELAY               ; 0                     ; Untyped              ;
; CLK4_TIME_DELAY               ; 0                     ; Untyped              ;
; CLK3_TIME_DELAY               ; 0                     ; Untyped              ;
; CLK2_TIME_DELAY               ; 0                     ; Untyped              ;
; CLK1_TIME_DELAY               ; 0                     ; Untyped              ;
; CLK0_TIME_DELAY               ; 0                     ; Untyped              ;
; CLK9_DUTY_CYCLE               ; 50                    ; Untyped              ;
; CLK8_DUTY_CYCLE               ; 50                    ; Untyped              ;
; CLK7_DUTY_CYCLE               ; 50                    ; Untyped              ;
; CLK6_DUTY_CYCLE               ; 50                    ; Untyped              ;
; CLK5_DUTY_CYCLE               ; 50                    ; Untyped              ;
; CLK4_DUTY_CYCLE               ; 50                    ; Untyped              ;
; CLK3_DUTY_CYCLE               ; 50                    ; Untyped              ;
; CLK2_DUTY_CYCLE               ; 50                    ; Untyped              ;
; CLK1_DUTY_CYCLE               ; 50                    ; Signed Integer       ;
; CLK0_DUTY_CYCLE               ; 50                    ; Signed Integer       ;
; CLK9_USE_EVEN_COUNTER_MODE    ; OFF                   ; Untyped              ;
; CLK8_USE_EVEN_COUNTER_MODE    ; OFF                   ; Untyped              ;
; CLK7_USE_EVEN_COUNTER_MODE    ; OFF                   ; Untyped              ;
; CLK6_USE_EVEN_COUNTER_MODE    ; OFF                   ; Untyped              ;
; CLK5_USE_EVEN_COUNTER_MODE    ; OFF                   ; Untyped              ;
; CLK4_USE_EVEN_COUNTER_MODE    ; OFF                   ; Untyped              ;
; CLK3_USE_EVEN_COUNTER_MODE    ; OFF                   ; Untyped              ;
; CLK2_USE_EVEN_COUNTER_MODE    ; OFF                   ; Untyped              ;
; CLK1_USE_EVEN_COUNTER_MODE    ; OFF                   ; Untyped              ;
; CLK0_USE_EVEN_COUNTER_MODE    ; OFF                   ; Untyped              ;
; CLK9_USE_EVEN_COUNTER_VALUE   ; OFF                   ; Untyped              ;
; CLK8_USE_EVEN_COUNTER_VALUE   ; OFF                   ; Untyped              ;
; CLK7_USE_EVEN_COUNTER_VALUE   ; OFF                   ; Untyped              ;
; CLK6_USE_EVEN_COUNTER_VALUE   ; OFF                   ; Untyped              ;
; CLK5_USE_EVEN_COUNTER_VALUE   ; OFF                   ; Untyped              ;
; CLK4_USE_EVEN_COUNTER_VALUE   ; OFF                   ; Untyped              ;
; CLK3_USE_EVEN_COUNTER_VALUE   ; OFF                   ; Untyped              ;
; CLK2_USE_EVEN_COUNTER_VALUE   ; OFF                   ; Untyped              ;
; CLK1_USE_EVEN_COUNTER_VALUE   ; OFF                   ; Untyped              ;
; CLK0_USE_EVEN_COUNTER_VALUE   ; OFF                   ; Untyped              ;
; LOCK_WINDOW_UI                ;  0.05                 ; Untyped              ;
; LOCK_WINDOW_UI_BITS           ; UNUSED                ; Untyped              ;
; VCO_RANGE_DETECTOR_LOW_BITS   ; UNUSED                ; Untyped              ;
; VCO_RANGE_DETECTOR_HIGH_BITS  ; UNUSED                ; Untyped              ;
; DPA_MULTIPLY_BY               ; 0                     ; Untyped              ;
; DPA_DIVIDE_BY                 ; 1                     ; Untyped              ;
; DPA_DIVIDER                   ; 0                     ; Untyped              ;
; EXTCLK3_MULTIPLY_BY           ; 1                     ; Untyped              ;
; EXTCLK2_MULTIPLY_BY           ; 1                     ; Untyped              ;
; EXTCLK1_MULTIPLY_BY           ; 1                     ; Untyped              ;
; EXTCLK0_MULTIPLY_BY           ; 1                     ; Untyped              ;
; EXTCLK3_DIVIDE_BY             ; 1                     ; Untyped              ;
; EXTCLK2_DIVIDE_BY             ; 1                     ; Untyped              ;
; EXTCLK1_DIVIDE_BY             ; 1                     ; Untyped              ;
; EXTCLK0_DIVIDE_BY             ; 1                     ; Untyped              ;
; EXTCLK3_PHASE_SHIFT           ; 0                     ; Untyped              ;
; EXTCLK2_PHASE_SHIFT           ; 0                     ; Untyped              ;
; EXTCLK1_PHASE_SHIFT           ; 0                     ; Untyped              ;
; EXTCLK0_PHASE_SHIFT           ; 0                     ; Untyped              ;
; EXTCLK3_TIME_DELAY            ; 0                     ; Untyped              ;
; EXTCLK2_TIME_DELAY            ; 0                     ; Untyped              ;
; EXTCLK1_TIME_DELAY            ; 0                     ; Untyped              ;
; EXTCLK0_TIME_DELAY            ; 0                     ; Untyped              ;
; EXTCLK3_DUTY_CYCLE            ; 50                    ; Untyped              ;
; EXTCLK2_DUTY_CYCLE            ; 50                    ; Untyped              ;
; EXTCLK1_DUTY_CYCLE            ; 50                    ; Untyped              ;
; EXTCLK0_DUTY_CYCLE            ; 50                    ; Untyped              ;
; VCO_MULTIPLY_BY               ; 0                     ; Untyped              ;
; VCO_DIVIDE_BY                 ; 0                     ; Untyped              ;
; SCLKOUT0_PHASE_SHIFT          ; 0                     ; Untyped              ;
; SCLKOUT1_PHASE_SHIFT          ; 0                     ; Untyped              ;
; VCO_MIN                       ; 0                     ; Untyped              ;
; VCO_MAX                       ; 0                     ; Untyped              ;
; VCO_CENTER                    ; 0                     ; Untyped              ;
; PFD_MIN                       ; 0                     ; Untyped              ;
; PFD_MAX                       ; 0                     ; Untyped              ;
; M_INITIAL                     ; 0                     ; Untyped              ;
; M                             ; 0                     ; Untyped              ;
; N                             ; 1                     ; Untyped              ;
; M2                            ; 1                     ; Untyped              ;
; N2                            ; 1                     ; Untyped              ;
; SS                            ; 1                     ; Untyped              ;
; C0_HIGH                       ; 0                     ; Untyped              ;
; C1_HIGH                       ; 0                     ; Untyped              ;
; C2_HIGH                       ; 0                     ; Untyped              ;
; C3_HIGH                       ; 0                     ; Untyped              ;
; C4_HIGH                       ; 0                     ; Untyped              ;
; C5_HIGH                       ; 0                     ; Untyped              ;
; C6_HIGH                       ; 0                     ; Untyped              ;
; C7_HIGH                       ; 0                     ; Untyped              ;
; C8_HIGH                       ; 0                     ; Untyped              ;
; C9_HIGH                       ; 0                     ; Untyped              ;
; C0_LOW                        ; 0                     ; Untyped              ;
; C1_LOW                        ; 0                     ; Untyped              ;
; C2_LOW                        ; 0                     ; Untyped              ;
; C3_LOW                        ; 0                     ; Untyped              ;
; C4_LOW                        ; 0                     ; Untyped              ;
; C5_LOW                        ; 0                     ; Untyped              ;
; C6_LOW                        ; 0                     ; Untyped              ;
; C7_LOW                        ; 0                     ; Untyped              ;
; C8_LOW                        ; 0                     ; Untyped              ;
; C9_LOW                        ; 0                     ; Untyped              ;
; C0_INITIAL                    ; 0                     ; Untyped              ;
; C1_INITIAL                    ; 0                     ; Untyped              ;
; C2_INITIAL                    ; 0                     ; Untyped              ;
; C3_INITIAL                    ; 0                     ; Untyped              ;
; C4_INITIAL                    ; 0                     ; Untyped              ;
; C5_INITIAL                    ; 0                     ; Untyped              ;
; C6_INITIAL                    ; 0                     ; Untyped              ;
; C7_INITIAL                    ; 0                     ; Untyped              ;
; C8_INITIAL                    ; 0                     ; Untyped              ;
; C9_INITIAL                    ; 0                     ; Untyped              ;
; C0_MODE                       ; BYPASS                ; Untyped              ;
; C1_MODE                       ; BYPASS                ; Untyped              ;
; C2_MODE                       ; BYPASS                ; Untyped              ;
; C3_MODE                       ; BYPASS                ; Untyped              ;
; C4_MODE                       ; BYPASS                ; Untyped              ;
; C5_MODE                       ; BYPASS                ; Untyped              ;
; C6_MODE                       ; BYPASS                ; Untyped              ;
; C7_MODE                       ; BYPASS                ; Untyped              ;
; C8_MODE                       ; BYPASS                ; Untyped              ;
; C9_MODE                       ; BYPASS                ; Untyped              ;
; C0_PH                         ; 0                     ; Untyped              ;
; C1_PH                         ; 0                     ; Untyped              ;
; C2_PH                         ; 0                     ; Untyped              ;
; C3_PH                         ; 0                     ; Untyped              ;
; C4_PH                         ; 0                     ; Untyped              ;
; C5_PH                         ; 0                     ; Untyped              ;
; C6_PH                         ; 0                     ; Untyped              ;
; C7_PH                         ; 0                     ; Untyped              ;
; C8_PH                         ; 0                     ; Untyped              ;
; C9_PH                         ; 0                     ; Untyped              ;
; L0_HIGH                       ; 1                     ; Untyped              ;
; L1_HIGH                       ; 1                     ; Untyped              ;
; G0_HIGH                       ; 1                     ; Untyped              ;
; G1_HIGH                       ; 1                     ; Untyped              ;
; G2_HIGH                       ; 1                     ; Untyped              ;
; G3_HIGH                       ; 1                     ; Untyped              ;
; E0_HIGH                       ; 1                     ; Untyped              ;
; E1_HIGH                       ; 1                     ; Untyped              ;
; E2_HIGH                       ; 1                     ; Untyped              ;
; E3_HIGH                       ; 1                     ; Untyped              ;
; L0_LOW                        ; 1                     ; Untyped              ;
; L1_LOW                        ; 1                     ; Untyped              ;
; G0_LOW                        ; 1                     ; Untyped              ;
; G1_LOW                        ; 1                     ; Untyped              ;
; G2_LOW                        ; 1                     ; Untyped              ;
; G3_LOW                        ; 1                     ; Untyped              ;
; E0_LOW                        ; 1                     ; Untyped              ;
; E1_LOW                        ; 1                     ; Untyped              ;
; E2_LOW                        ; 1                     ; Untyped              ;
; E3_LOW                        ; 1                     ; Untyped              ;
; L0_INITIAL                    ; 1                     ; Untyped              ;
; L1_INITIAL                    ; 1                     ; Untyped              ;
; G0_INITIAL                    ; 1                     ; Untyped              ;
; G1_INITIAL                    ; 1                     ; Untyped              ;
; G2_INITIAL                    ; 1                     ; Untyped              ;
; G3_INITIAL                    ; 1                     ; Untyped              ;
; E0_INITIAL                    ; 1                     ; Untyped              ;
; E1_INITIAL                    ; 1                     ; Untyped              ;
; E2_INITIAL                    ; 1                     ; Untyped              ;
; E3_INITIAL                    ; 1                     ; Untyped              ;
; L0_MODE                       ; BYPASS                ; Untyped              ;
; L1_MODE                       ; BYPASS                ; Untyped              ;
; G0_MODE                       ; BYPASS                ; Untyped              ;
; G1_MODE                       ; BYPASS                ; Untyped              ;
; G2_MODE                       ; BYPASS                ; Untyped              ;
; G3_MODE                       ; BYPASS                ; Untyped              ;
; E0_MODE                       ; BYPASS                ; Untyped              ;
; E1_MODE                       ; BYPASS                ; Untyped              ;
; E2_MODE                       ; BYPASS                ; Untyped              ;
; E3_MODE                       ; BYPASS                ; Untyped              ;
; L0_PH                         ; 0                     ; Untyped              ;
; L1_PH                         ; 0                     ; Untyped              ;
; G0_PH                         ; 0                     ; Untyped              ;
; G1_PH                         ; 0                     ; Untyped              ;
; G2_PH                         ; 0                     ; Untyped              ;
; G3_PH                         ; 0                     ; Untyped              ;
; E0_PH                         ; 0                     ; Untyped              ;
; E1_PH                         ; 0                     ; Untyped              ;
; E2_PH                         ; 0                     ; Untyped              ;
; E3_PH                         ; 0                     ; Untyped              ;
; M_PH                          ; 0                     ; Untyped              ;
; C1_USE_CASC_IN                ; OFF                   ; Untyped              ;
; C2_USE_CASC_IN                ; OFF                   ; Untyped              ;
; C3_USE_CASC_IN                ; OFF                   ; Untyped              ;
; C4_USE_CASC_IN                ; OFF                   ; Untyped              ;
; C5_USE_CASC_IN                ; OFF                   ; Untyped              ;
; C6_USE_CASC_IN                ; OFF                   ; Untyped              ;
; C7_USE_CASC_IN                ; OFF                   ; Untyped              ;
; C8_USE_CASC_IN                ; OFF                   ; Untyped              ;
; C9_USE_CASC_IN                ; OFF                   ; Untyped              ;
; CLK0_COUNTER                  ; G0                    ; Untyped              ;
; CLK1_COUNTER                  ; G0                    ; Untyped              ;
; CLK2_COUNTER                  ; G0                    ; Untyped              ;
; CLK3_COUNTER                  ; G0                    ; Untyped              ;
; CLK4_COUNTER                  ; G0                    ; Untyped              ;
; CLK5_COUNTER                  ; G0                    ; Untyped              ;
; CLK6_COUNTER                  ; E0                    ; Untyped              ;
; CLK7_COUNTER                  ; E1                    ; Untyped              ;
; CLK8_COUNTER                  ; E2                    ; Untyped              ;
; CLK9_COUNTER                  ; E3                    ; Untyped              ;
; L0_TIME_DELAY                 ; 0                     ; Untyped              ;
; L1_TIME_DELAY                 ; 0                     ; Untyped              ;
; G0_TIME_DELAY                 ; 0                     ; Untyped              ;
; G1_TIME_DELAY                 ; 0                     ; Untyped              ;
; G2_TIME_DELAY                 ; 0                     ; Untyped              ;
; G3_TIME_DELAY                 ; 0                     ; Untyped              ;
; E0_TIME_DELAY                 ; 0                     ; Untyped              ;
; E1_TIME_DELAY                 ; 0                     ; Untyped              ;
; E2_TIME_DELAY                 ; 0                     ; Untyped              ;
; E3_TIME_DELAY                 ; 0                     ; Untyped              ;
; M_TIME_DELAY                  ; 0                     ; Untyped              ;
; N_TIME_DELAY                  ; 0                     ; Untyped              ;
; EXTCLK3_COUNTER               ; E3                    ; Untyped              ;
; EXTCLK2_COUNTER               ; E2                    ; Untyped              ;
; EXTCLK1_COUNTER               ; E1                    ; Untyped              ;
; EXTCLK0_COUNTER               ; E0                    ; Untyped              ;
; ENABLE0_COUNTER               ; L0                    ; Untyped              ;
; ENABLE1_COUNTER               ; L0                    ; Untyped              ;
; CHARGE_PUMP_CURRENT           ; 2                     ; Untyped              ;
; LOOP_FILTER_R                 ;  1.000000             ; Untyped              ;
; LOOP_FILTER_C                 ; 5                     ; Untyped              ;
; CHARGE_PUMP_CURRENT_BITS      ; 9999                  ; Untyped              ;
; LOOP_FILTER_R_BITS            ; 9999                  ; Untyped              ;
; LOOP_FILTER_C_BITS            ; 9999                  ; Untyped              ;
; VCO_POST_SCALE                ; 0                     ; Untyped              ;
; CLK2_OUTPUT_FREQUENCY         ; 0                     ; Untyped              ;
; CLK1_OUTPUT_FREQUENCY         ; 0                     ; Untyped              ;
; CLK0_OUTPUT_FREQUENCY         ; 0                     ; Untyped              ;
; INTENDED_DEVICE_FAMILY        ; Cyclone IV GX         ; Untyped              ;
; PORT_CLKENA0                  ; PORT_UNUSED           ; Untyped              ;
; PORT_CLKENA1                  ; PORT_UNUSED           ; Untyped              ;
; PORT_CLKENA2                  ; PORT_UNUSED           ; Untyped              ;
; PORT_CLKENA3                  ; PORT_UNUSED           ; Untyped              ;
; PORT_CLKENA4                  ; PORT_UNUSED           ; Untyped              ;
; PORT_CLKENA5                  ; PORT_UNUSED           ; Untyped              ;
; PORT_EXTCLKENA0               ; PORT_CONNECTIVITY     ; Untyped              ;
; PORT_EXTCLKENA1               ; PORT_CONNECTIVITY     ; Untyped              ;
; PORT_EXTCLKENA2               ; PORT_CONNECTIVITY     ; Untyped              ;
; PORT_EXTCLKENA3               ; PORT_CONNECTIVITY     ; Untyped              ;
; PORT_EXTCLK0                  ; PORT_UNUSED           ; Untyped              ;
; PORT_EXTCLK1                  ; PORT_UNUSED           ; Untyped              ;
; PORT_EXTCLK2                  ; PORT_UNUSED           ; Untyped              ;
; PORT_EXTCLK3                  ; PORT_UNUSED           ; Untyped              ;
; PORT_CLKBAD0                  ; PORT_UNUSED           ; Untyped              ;
; PORT_CLKBAD1                  ; PORT_UNUSED           ; Untyped              ;
; PORT_CLK0                     ; PORT_USED             ; Untyped              ;
; PORT_CLK1                     ; PORT_USED             ; Untyped              ;
; PORT_CLK2                     ; PORT_UNUSED           ; Untyped              ;
; PORT_CLK3                     ; PORT_UNUSED           ; Untyped              ;
; PORT_CLK4                     ; PORT_UNUSED           ; Untyped              ;
; PORT_CLK5                     ; PORT_UNUSED           ; Untyped              ;
; PORT_CLK6                     ; PORT_UNUSED           ; Untyped              ;
; PORT_CLK7                     ; PORT_UNUSED           ; Untyped              ;
; PORT_CLK8                     ; PORT_UNUSED           ; Untyped              ;
; PORT_CLK9                     ; PORT_UNUSED           ; Untyped              ;
; PORT_SCANDATA                 ; PORT_UNUSED           ; Untyped              ;
; PORT_SCANDATAOUT              ; PORT_UNUSED           ; Untyped              ;
; PORT_SCANDONE                 ; PORT_UNUSED           ; Untyped              ;
; PORT_SCLKOUT1                 ; PORT_CONNECTIVITY     ; Untyped              ;
; PORT_SCLKOUT0                 ; PORT_CONNECTIVITY     ; Untyped              ;
; PORT_ACTIVECLOCK              ; PORT_UNUSED           ; Untyped              ;
; PORT_CLKLOSS                  ; PORT_UNUSED           ; Untyped              ;
; PORT_INCLK1                   ; PORT_UNUSED           ; Untyped              ;
; PORT_INCLK0                   ; PORT_USED             ; Untyped              ;
; PORT_FBIN                     ; PORT_UNUSED           ; Untyped              ;
; PORT_PLLENA                   ; PORT_UNUSED           ; Untyped              ;
; PORT_CLKSWITCH                ; PORT_UNUSED           ; Untyped              ;
; PORT_ARESET                   ; PORT_UNUSED           ; Untyped              ;
; PORT_PFDENA                   ; PORT_UNUSED           ; Untyped              ;
; PORT_SCANCLK                  ; PORT_UNUSED           ; Untyped              ;
; PORT_SCANACLR                 ; PORT_UNUSED           ; Untyped              ;
; PORT_SCANREAD                 ; PORT_UNUSED           ; Untyped              ;
; PORT_SCANWRITE                ; PORT_UNUSED           ; Untyped              ;
; PORT_ENABLE0                  ; PORT_CONNECTIVITY     ; Untyped              ;
; PORT_ENABLE1                  ; PORT_CONNECTIVITY     ; Untyped              ;
; PORT_LOCKED                   ; PORT_UNUSED           ; Untyped              ;
; PORT_CONFIGUPDATE             ; PORT_UNUSED           ; Untyped              ;
; PORT_FBOUT                    ; PORT_CONNECTIVITY     ; Untyped              ;
; PORT_PHASEDONE                ; PORT_UNUSED           ; Untyped              ;
; PORT_PHASESTEP                ; PORT_UNUSED           ; Untyped              ;
; PORT_PHASEUPDOWN              ; PORT_UNUSED           ; Untyped              ;
; PORT_SCANCLKENA               ; PORT_UNUSED           ; Untyped              ;
; PORT_PHASECOUNTERSELECT       ; PORT_UNUSED           ; Untyped              ;
; PORT_VCOOVERRANGE             ; PORT_CONNECTIVITY     ; Untyped              ;
; PORT_VCOUNDERRANGE            ; PORT_CONNECTIVITY     ; Untyped              ;
; M_TEST_SOURCE                 ; 5                     ; Untyped              ;
; C0_TEST_SOURCE                ; 5                     ; Untyped              ;
; C1_TEST_SOURCE                ; 5                     ; Untyped              ;
; C2_TEST_SOURCE                ; 5                     ; Untyped              ;
; C3_TEST_SOURCE                ; 5                     ; Untyped              ;
; C4_TEST_SOURCE                ; 5                     ; Untyped              ;
; C5_TEST_SOURCE                ; 5                     ; Untyped              ;
; C6_TEST_SOURCE                ; 5                     ; Untyped              ;
; C7_TEST_SOURCE                ; 5                     ; Untyped              ;
; C8_TEST_SOURCE                ; 5                     ; Untyped              ;
; C9_TEST_SOURCE                ; 5                     ; Untyped              ;
; CBXI_PARAMETER                ; PLL_altpll            ; Untyped              ;
; VCO_FREQUENCY_CONTROL         ; AUTO                  ; Untyped              ;
; VCO_PHASE_SHIFT_STEP          ; 0                     ; Untyped              ;
; WIDTH_CLOCK                   ; 5                     ; Signed Integer       ;
; WIDTH_PHASECOUNTERSELECT      ; 4                     ; Untyped              ;
; USING_FBMIMICBIDIR_PORT       ; OFF                   ; Untyped              ;
; DEVICE_FAMILY                 ; Cyclone IV GX         ; Untyped              ;
; SCAN_CHAIN_MIF_FILE           ; UNUSED                ; Untyped              ;
; SIM_GATE_LOCK_DEVICE_BEHAVIOR ; OFF                   ; Untyped              ;
; AUTO_CARRY_CHAINS             ; ON                    ; AUTO_CARRY           ;
; IGNORE_CARRY_BUFFERS          ; OFF                   ; IGNORE_CARRY         ;
; AUTO_CASCADE_CHAINS           ; ON                    ; AUTO_CASCADE         ;
; IGNORE_CASCADE_BUFFERS        ; OFF                   ; IGNORE_CASCADE       ;
+-------------------------------+-----------------------+----------------------+
Note: In order to hide this table in the UI and the text report file, please set the "Show Parameter Settings in Synthesis Report" option in "Analysis and Synthesis Settings -> More Settings" to "Off".


+-----------------------------------------------------------------------------------------+
; Parameter Settings for User Entity Instance: InstMem:IM|altsyncram:altsyncram_component ;
+------------------------------------+----------------------+-----------------------------+
; Parameter Name                     ; Value                ; Type                        ;
+------------------------------------+----------------------+-----------------------------+
; BYTE_SIZE_BLOCK                    ; 8                    ; Untyped                     ;
; AUTO_CARRY_CHAINS                  ; ON                   ; AUTO_CARRY                  ;
; IGNORE_CARRY_BUFFERS               ; OFF                  ; IGNORE_CARRY                ;
; AUTO_CASCADE_CHAINS                ; ON                   ; AUTO_CASCADE                ;
; IGNORE_CASCADE_BUFFERS             ; OFF                  ; IGNORE_CASCADE              ;
; WIDTH_BYTEENA                      ; 1                    ; Untyped                     ;
; OPERATION_MODE                     ; ROM                  ; Untyped                     ;
; WIDTH_A                            ; 32                   ; Signed Integer              ;
; WIDTHAD_A                          ; 10                   ; Signed Integer              ;
; NUMWORDS_A                         ; 1024                 ; Signed Integer              ;
; OUTDATA_REG_A                      ; UNREGISTERED         ; Untyped                     ;
; ADDRESS_ACLR_A                     ; NONE                 ; Untyped                     ;
; OUTDATA_ACLR_A                     ; NONE                 ; Untyped                     ;
; WRCONTROL_ACLR_A                   ; NONE                 ; Untyped                     ;
; INDATA_ACLR_A                      ; NONE                 ; Untyped                     ;
; BYTEENA_ACLR_A                     ; NONE                 ; Untyped                     ;
; WIDTH_B                            ; 1                    ; Untyped                     ;
; WIDTHAD_B                          ; 1                    ; Untyped                     ;
; NUMWORDS_B                         ; 1                    ; Untyped                     ;
; INDATA_REG_B                       ; CLOCK1               ; Untyped                     ;
; WRCONTROL_WRADDRESS_REG_B          ; CLOCK1               ; Untyped                     ;
; RDCONTROL_REG_B                    ; CLOCK1               ; Untyped                     ;
; ADDRESS_REG_B                      ; CLOCK1               ; Untyped                     ;
; OUTDATA_REG_B                      ; UNREGISTERED         ; Untyped                     ;
; BYTEENA_REG_B                      ; CLOCK1               ; Untyped                     ;
; INDATA_ACLR_B                      ; NONE                 ; Untyped                     ;
; WRCONTROL_ACLR_B                   ; NONE                 ; Untyped                     ;
; ADDRESS_ACLR_B                     ; NONE                 ; Untyped                     ;
; OUTDATA_ACLR_B                     ; NONE                 ; Untyped                     ;
; RDCONTROL_ACLR_B                   ; NONE                 ; Untyped                     ;
; BYTEENA_ACLR_B                     ; NONE                 ; Untyped                     ;
; WIDTH_BYTEENA_A                    ; 1                    ; Signed Integer              ;
; WIDTH_BYTEENA_B                    ; 1                    ; Untyped                     ;
; RAM_BLOCK_TYPE                     ; AUTO                 ; Untyped                     ;
; BYTE_SIZE                          ; 8                    ; Untyped                     ;
; READ_DURING_WRITE_MODE_MIXED_PORTS ; DONT_CARE            ; Untyped                     ;
; READ_DURING_WRITE_MODE_PORT_A      ; NEW_DATA_NO_NBE_READ ; Untyped                     ;
; READ_DURING_WRITE_MODE_PORT_B      ; NEW_DATA_NO_NBE_READ ; Untyped                     ;
; INIT_FILE                          ; Code.hex             ; Untyped                     ;
; INIT_FILE_LAYOUT                   ; PORT_A               ; Untyped                     ;
; MAXIMUM_DEPTH                      ; 0                    ; Untyped                     ;
; CLOCK_ENABLE_INPUT_A               ; BYPASS               ; Untyped                     ;
; CLOCK_ENABLE_INPUT_B               ; NORMAL               ; Untyped                     ;
; CLOCK_ENABLE_OUTPUT_A              ; BYPASS               ; Untyped                     ;
; CLOCK_ENABLE_OUTPUT_B              ; NORMAL               ; Untyped                     ;
; CLOCK_ENABLE_CORE_A                ; USE_INPUT_CLKEN      ; Untyped                     ;
; CLOCK_ENABLE_CORE_B                ; USE_INPUT_CLKEN      ; Untyped                     ;
; ENABLE_ECC                         ; FALSE                ; Untyped                     ;
; ECC_PIPELINE_STAGE_ENABLED         ; FALSE                ; Untyped                     ;
; WIDTH_ECCSTATUS                    ; 3                    ; Untyped                     ;
; DEVICE_FAMILY                      ; Cyclone IV GX        ; Untyped                     ;
; CBXI_PARAMETER                     ; altsyncram_jv91      ; Untyped                     ;
+------------------------------------+----------------------+-----------------------------+
Note: In order to hide this table in the UI and the text report file, please set the "Show Parameter Settings in Synthesis Report" option in "Analysis and Synthesis Settings -> More Settings" to "Off".


+-----------------------------------------------------------+
; Parameter Settings for User Entity Instance: register:IMM ;
+----------------+-------+----------------------------------+
; Parameter Name ; Value ; Type                             ;
+----------------+-------+----------------------------------+
; TAM            ; 32    ; Signed Integer                   ;
+----------------+-------+----------------------------------+
Note: In order to hide this table in the UI and the text report file, please set the "Show Parameter Settings in Synthesis Report" option in "Analysis and Synthesis Settings -> More Settings" to "Off".


+-------------------------------------------------------------+
; Parameter Settings for User Entity Instance: register:CTRL1 ;
+----------------+-------+------------------------------------+
; Parameter Name ; Value ; Type                               ;
+----------------+-------+------------------------------------+
; TAM            ; 32    ; Signed Integer                     ;
+----------------+-------+------------------------------------+
Note: In order to hide this table in the UI and the text report file, please set the "Show Parameter Settings in Synthesis Report" option in "Analysis and Synthesis Settings -> More Settings" to "Off".


+------------------------------------------------------------------------------------------+
; Parameter Settings for User Entity Instance: Multiplicador:multiplicador|CONTROL:control ;
+----------------+-------+-----------------------------------------------------------------+
; Parameter Name ; Value ; Type                                                            ;
+----------------+-------+-----------------------------------------------------------------+
; S0             ; 0     ; Signed Integer                                                  ;
; S1             ; 1     ; Signed Integer                                                  ;
; S2             ; 2     ; Signed Integer                                                  ;
; S3             ; 3     ; Signed Integer                                                  ;
+----------------+-------+-----------------------------------------------------------------+
Note: In order to hide this table in the UI and the text report file, please set the "Show Parameter Settings in Synthesis Report" option in "Analysis and Synthesis Settings -> More Settings" to "Off".


+-----------------------------------------------------------------------------------------------------+
; Parameter Settings for User Entity Instance: datamemory:Data_Memory|altsyncram:altsyncram_component ;
+------------------------------------+----------------------+-----------------------------------------+
; Parameter Name                     ; Value                ; Type                                    ;
+------------------------------------+----------------------+-----------------------------------------+
; BYTE_SIZE_BLOCK                    ; 8                    ; Untyped                                 ;
; AUTO_CARRY_CHAINS                  ; ON                   ; AUTO_CARRY                              ;
; IGNORE_CARRY_BUFFERS               ; OFF                  ; IGNORE_CARRY                            ;
; AUTO_CASCADE_CHAINS                ; ON                   ; AUTO_CASCADE                            ;
; IGNORE_CASCADE_BUFFERS             ; OFF                  ; IGNORE_CASCADE                          ;
; WIDTH_BYTEENA                      ; 1                    ; Untyped                                 ;
; OPERATION_MODE                     ; SINGLE_PORT          ; Untyped                                 ;
; WIDTH_A                            ; 32                   ; Signed Integer                          ;
; WIDTHAD_A                          ; 10                   ; Signed Integer                          ;
; NUMWORDS_A                         ; 1024                 ; Signed Integer                          ;
; OUTDATA_REG_A                      ; UNREGISTERED         ; Untyped                                 ;
; ADDRESS_ACLR_A                     ; NONE                 ; Untyped                                 ;
; OUTDATA_ACLR_A                     ; NONE                 ; Untyped                                 ;
; WRCONTROL_ACLR_A                   ; NONE                 ; Untyped                                 ;
; INDATA_ACLR_A                      ; NONE                 ; Untyped                                 ;
; BYTEENA_ACLR_A                     ; NONE                 ; Untyped                                 ;
; WIDTH_B                            ; 1                    ; Untyped                                 ;
; WIDTHAD_B                          ; 1                    ; Untyped                                 ;
; NUMWORDS_B                         ; 1                    ; Untyped                                 ;
; INDATA_REG_B                       ; CLOCK1               ; Untyped                                 ;
; WRCONTROL_WRADDRESS_REG_B          ; CLOCK1               ; Untyped                                 ;
; RDCONTROL_REG_B                    ; CLOCK1               ; Untyped                                 ;
; ADDRESS_REG_B                      ; CLOCK1               ; Untyped                                 ;
; OUTDATA_REG_B                      ; UNREGISTERED         ; Untyped                                 ;
; BYTEENA_REG_B                      ; CLOCK1               ; Untyped                                 ;
; INDATA_ACLR_B                      ; NONE                 ; Untyped                                 ;
; WRCONTROL_ACLR_B                   ; NONE                 ; Untyped                                 ;
; ADDRESS_ACLR_B                     ; NONE                 ; Untyped                                 ;
; OUTDATA_ACLR_B                     ; NONE                 ; Untyped                                 ;
; RDCONTROL_ACLR_B                   ; NONE                 ; Untyped                                 ;
; BYTEENA_ACLR_B                     ; NONE                 ; Untyped                                 ;
; WIDTH_BYTEENA_A                    ; 1                    ; Signed Integer                          ;
; WIDTH_BYTEENA_B                    ; 1                    ; Untyped                                 ;
; RAM_BLOCK_TYPE                     ; AUTO                 ; Untyped                                 ;
; BYTE_SIZE                          ; 8                    ; Untyped                                 ;
; READ_DURING_WRITE_MODE_MIXED_PORTS ; DONT_CARE            ; Untyped                                 ;
; READ_DURING_WRITE_MODE_PORT_A      ; NEW_DATA_NO_NBE_READ ; Untyped                                 ;
; READ_DURING_WRITE_MODE_PORT_B      ; NEW_DATA_NO_NBE_READ ; Untyped                                 ;
; INIT_FILE                          ; Data.hex             ; Untyped                                 ;
; INIT_FILE_LAYOUT                   ; PORT_A               ; Untyped                                 ;
; MAXIMUM_DEPTH                      ; 0                    ; Untyped                                 ;
; CLOCK_ENABLE_INPUT_A               ; BYPASS               ; Untyped                                 ;
; CLOCK_ENABLE_INPUT_B               ; NORMAL               ; Untyped                                 ;
; CLOCK_ENABLE_OUTPUT_A              ; BYPASS               ; Untyped                                 ;
; CLOCK_ENABLE_OUTPUT_B              ; NORMAL               ; Untyped                                 ;
; CLOCK_ENABLE_CORE_A                ; USE_INPUT_CLKEN      ; Untyped                                 ;
; CLOCK_ENABLE_CORE_B                ; USE_INPUT_CLKEN      ; Untyped                                 ;
; ENABLE_ECC                         ; FALSE                ; Untyped                                 ;
; ECC_PIPELINE_STAGE_ENABLED         ; FALSE                ; Untyped                                 ;
; WIDTH_ECCSTATUS                    ; 3                    ; Untyped                                 ;
; DEVICE_FAMILY                      ; Cyclone IV GX        ; Untyped                                 ;
; CBXI_PARAMETER                     ; altsyncram_28i1      ; Untyped                                 ;
+------------------------------------+----------------------+-----------------------------------------+
Note: In order to hide this table in the UI and the text report file, please set the "Show Parameter Settings in Synthesis Report" option in "Analysis and Synthesis Settings -> More Settings" to "Off".


+---------------------------------------------------------+
; Parameter Settings for User Entity Instance: register:D ;
+----------------+-------+--------------------------------+
; Parameter Name ; Value ; Type                           ;
+----------------+-------+--------------------------------+
; TAM            ; 32    ; Signed Integer                 ;
+----------------+-------+--------------------------------+
Note: In order to hide this table in the UI and the text report file, please set the "Show Parameter Settings in Synthesis Report" option in "Analysis and Synthesis Settings -> More Settings" to "Off".


+-------------------------------------------------------------+
; Parameter Settings for User Entity Instance: register:CTRL2 ;
+----------------+-------+------------------------------------+
; Parameter Name ; Value ; Type                               ;
+----------------+-------+------------------------------------+
; TAM            ; 26    ; Signed Integer                     ;
+----------------+-------+------------------------------------+
Note: In order to hide this table in the UI and the text report file, please set the "Show Parameter Settings in Synthesis Report" option in "Analysis and Synthesis Settings -> More Settings" to "Off".


+-----------------------------------------------------------------+
; altpll Parameter Settings by Entity Instance                    ;
+-------------------------------+---------------------------------+
; Name                          ; Value                           ;
+-------------------------------+---------------------------------+
; Number of entity instances    ; 1                               ;
; Entity Instance               ; PLL:pll|altpll:altpll_component ;
;     -- OPERATION_MODE         ; NORMAL                          ;
;     -- PLL_TYPE               ; AUTO                            ;
;     -- PRIMARY_CLOCK          ; INCLK0                          ;
;     -- INCLK0_INPUT_FREQUENCY ; 10000                           ;
;     -- INCLK1_INPUT_FREQUENCY ; 0                               ;
;     -- VCO_MULTIPLY_BY        ; 0                               ;
;     -- VCO_DIVIDE_BY          ; 0                               ;
+-------------------------------+---------------------------------+


+----------------------------------------------------------------------------------------------------+
; altsyncram Parameter Settings by Entity Instance                                                   ;
+-------------------------------------------+--------------------------------------------------------+
; Name                                      ; Value                                                  ;
+-------------------------------------------+--------------------------------------------------------+
; Number of entity instances                ; 2                                                      ;
; Entity Instance                           ; InstMem:IM|altsyncram:altsyncram_component             ;
;     -- OPERATION_MODE                     ; ROM                                                    ;
;     -- WIDTH_A                            ; 32                                                     ;
;     -- NUMWORDS_A                         ; 1024                                                   ;
;     -- OUTDATA_REG_A                      ; UNREGISTERED                                           ;
;     -- WIDTH_B                            ; 1                                                      ;
;     -- NUMWORDS_B                         ; 1                                                      ;
;     -- ADDRESS_REG_B                      ; CLOCK1                                                 ;
;     -- OUTDATA_REG_B                      ; UNREGISTERED                                           ;
;     -- RAM_BLOCK_TYPE                     ; AUTO                                                   ;
;     -- READ_DURING_WRITE_MODE_MIXED_PORTS ; DONT_CARE                                              ;
; Entity Instance                           ; datamemory:Data_Memory|altsyncram:altsyncram_component ;
;     -- OPERATION_MODE                     ; SINGLE_PORT                                            ;
;     -- WIDTH_A                            ; 32                                                     ;
;     -- NUMWORDS_A                         ; 1024                                                   ;
;     -- OUTDATA_REG_A                      ; UNREGISTERED                                           ;
;     -- WIDTH_B                            ; 1                                                      ;
;     -- NUMWORDS_B                         ; 1                                                      ;
;     -- ADDRESS_REG_B                      ; CLOCK1                                                 ;
;     -- OUTDATA_REG_B                      ; UNREGISTERED                                           ;
;     -- RAM_BLOCK_TYPE                     ; AUTO                                                   ;
;     -- READ_DURING_WRITE_MODE_MIXED_PORTS ; DONT_CARE                                              ;
+-------------------------------------------+--------------------------------------------------------+


+-----------------------------------------------------------------------------------------------------------------------+
; Port Connectivity Checks: "register:CTRL2"                                                                            ;
+-------------+--------+----------+-------------------------------------------------------------------------------------+
; Port        ; Type   ; Severity ; Details                                                                             ;
+-------------+--------+----------+-------------------------------------------------------------------------------------+
; out[24..15] ; Output ; Info     ; Connected to dangling logic. Logic that only feeds a dangling port will be removed. ;
; out[8..3]   ; Output ; Info     ; Connected to dangling logic. Logic that only feeds a dangling port will be removed. ;
; out[1..0]   ; Output ; Info     ; Connected to dangling logic. Logic that only feeds a dangling port will be removed. ;
+-------------+--------+----------+-------------------------------------------------------------------------------------+


+--------------------------------------------------------------------------------------------------------------------+
; Port Connectivity Checks: "ADDRDecoding:AddrDecoding"                                                              ;
+----------+--------+----------+-------------------------------------------------------------------------------------+
; Port     ; Type   ; Severity ; Details                                                                             ;
+----------+--------+----------+-------------------------------------------------------------------------------------+
; iAddress ; Output ; Info     ; Connected to dangling logic. Logic that only feeds a dangling port will be removed. ;
+----------+--------+----------+-------------------------------------------------------------------------------------+


+----------------------------------------------------------------------------------------------------------------------+
; Port Connectivity Checks: "Multiplicador:multiplicador|ACC:acc"                                                      ;
+------------+--------+----------+-------------------------------------------------------------------------------------+
; Port       ; Type   ; Severity ; Details                                                                             ;
+------------+--------+----------+-------------------------------------------------------------------------------------+
; Saidas[32] ; Output ; Info     ; Connected to dangling logic. Logic that only feeds a dangling port will be removed. ;
+------------+--------+----------+-------------------------------------------------------------------------------------+


+-------------------------------------------------------------------------------------------------------------------------------------------------------------------------+
; Port Connectivity Checks: "Multiplicador:multiplicador"                                                                                                                 ;
+------+--------+----------+----------------------------------------------------------------------------------------------------------------------------------------------+
; Port ; Type   ; Severity ; Details                                                                                                                                      ;
+------+--------+----------+----------------------------------------------------------------------------------------------------------------------------------------------+
; Idle ; Output ; Warning  ; Declared by entity but not connected by instance. Logic that only feeds a dangling port will be removed.                                     ;
; Done ; Output ; Warning  ; Declared by entity but not connected by instance. Logic that only feeds a dangling port will be removed.                                     ;
; Rst  ; Input  ; Warning  ; Declared by entity but not connected by instance. If a default value exists, it will be used.  Otherwise, the port will be connected to GND. ;
+------+--------+----------+----------------------------------------------------------------------------------------------------------------------------------------------+


+---------------------------------------------------------------------------------------------------------------------------------------------------------------------------+
; Port Connectivity Checks: "register:CTRL1"                                                                                                                                ;
+------+--------+----------+------------------------------------------------------------------------------------------------------------------------------------------------+
; Port ; Type   ; Severity ; Details                                                                                                                                        ;
+------+--------+----------+------------------------------------------------------------------------------------------------------------------------------------------------+
; in   ; Input  ; Warning  ; Input port expression (25 bits) is smaller than the input port (32 bits) it drives.  Extra input bit(s) "in[31..25]" will be connected to GND. ;
; out  ; Output ; Warning  ; Output or bidir port (32 bits) is wider than the port expression (25 bits) it drives; bit(s) "out[31..25]" have no fanouts                     ;
+------+--------+----------+------------------------------------------------------------------------------------------------------------------------------------------------+


+---------------------------------------------------------------------------------------------------------------------------------------------------------------------------------------------------------------+
; Port Connectivity Checks: "extend:Extend"                                                                                                                                                                     ;
+------+-------+----------+-------------------------------------------------------------------------------------------------------------------------------------------------------------------------------------+
; Port ; Type  ; Severity ; Details                                                                                                                                                                             ;
+------+-------+----------+-------------------------------------------------------------------------------------------------------------------------------------------------------------------------------------+
; in   ; Input ; Warning  ; Input port expression (32 bits) is wider than the input port (16 bits) it drives.  The 16 most-significant bit(s) in the expression will be dangling if they have no other fanouts. ;
+------+-------+----------+-------------------------------------------------------------------------------------------------------------------------------------------------------------------------------------+


+------------------------------------------------------------------------------------------------------------------------------------------------------------------------------------------------------------------+
; Port Connectivity Checks: "InstMem:IM"                                                                                                                                                                           ;
+---------+-------+----------+-------------------------------------------------------------------------------------------------------------------------------------------------------------------------------------+
; Port    ; Type  ; Severity ; Details                                                                                                                                                                             ;
+---------+-------+----------+-------------------------------------------------------------------------------------------------------------------------------------------------------------------------------------+
; address ; Input ; Warning  ; Input port expression (32 bits) is wider than the input port (10 bits) it drives.  The 22 most-significant bit(s) in the expression will be dangling if they have no other fanouts. ;
+---------+-------+----------+-------------------------------------------------------------------------------------------------------------------------------------------------------------------------------------+


+-----------------------------------------------------+
; Post-Synthesis Netlist Statistics for Top Partition ;
+-----------------------+-----------------------------+
; Type                  ; Count                       ;
+-----------------------+-----------------------------+
; boundary_port         ; 263                         ;
; cycloneiii_ff         ; 1250                        ;
;     CLR               ; 87                          ;
;     CLR SLD           ; 30                          ;
;     ENA               ; 1056                        ;
;     ENA CLR           ; 2                           ;
;     SCLR              ; 5                           ;
;     plain             ; 70                          ;
; cycloneiii_lcell_comb ; 2335                        ;
;     arith             ; 199                         ;
;         1 data inputs ; 1                           ;
;         2 data inputs ; 120                         ;
;         3 data inputs ; 78                          ;
;     normal            ; 2136                        ;
;         0 data inputs ; 1                           ;
;         1 data inputs ; 300                         ;
;         2 data inputs ; 13                          ;
;         3 data inputs ; 266                         ;
;         4 data inputs ; 1556                        ;
; cycloneiii_ram_block  ; 64                          ;
; cycloneiv_pll         ; 1                           ;
;                       ;                             ;
; Max LUT depth         ; 12.70                       ;
; Average LUT depth     ; 7.03                        ;
+-----------------------+-----------------------------+


+-------------------------------+
; Elapsed Time Per Partition    ;
+----------------+--------------+
; Partition Name ; Elapsed Time ;
+----------------+--------------+
; Top            ; 00:00:05     ;
+----------------+--------------+


+-------------------------------+
; Analysis & Synthesis Messages ;
+-------------------------------+
Info: *******************************************************************
Info: Running Quartus Prime Analysis & Synthesis
    Info: Version 18.1.0 Build 625 09/12/2018 SJ Lite Edition
    Info: Processing started: Mon Jun 30 17:39:20 2025
Info: Command: quartus_map --read_settings_files=on --write_settings_files=off cpu -c cpu
Warning (18236): Number of processors has not been specified which may cause overloading on shared machines.  Set the global assignment NUM_PARALLEL_PROCESSORS in your QSF to an appropriate value for best performance.
Info (20030): Parallel compilation is enabled and will use 4 of the 4 processors detected
Info (12021): Found 1 design units, including 1 entities, in source file pll/pll.v
    Info (12023): Found entity 1: PLL File: C:/Projects/RISCV-ELTD05/PLL/PLL.v Line: 39
Info (12021): Found 1 design units, including 1 entities, in source file registerfile/registerfile.v
    Info (12023): Found entity 1: registerfile File: C:/Projects/RISCV-ELTD05/RegisterFile/registerfile.v Line: 1
Info (12021): Found 1 design units, including 1 entities, in source file register/register.v
    Info (12023): Found entity 1: register File: C:/Projects/RISCV-ELTD05/Register/register.v Line: 1
Info (12021): Found 1 design units, including 1 entities, in source file pc/pc.v
    Info (12023): Found entity 1: PC File: C:/Projects/RISCV-ELTD05/PC/PC.v Line: 1
Warning (12090): Entity "mux" obtained from "MUX/mux.v" instead of from Quartus Prime megafunction library File: C:/Projects/RISCV-ELTD05/MUX/mux.v Line: 1
Info (12021): Found 1 design units, including 1 entities, in source file mux/mux.v
    Info (12023): Found entity 1: mux File: C:/Projects/RISCV-ELTD05/MUX/mux.v Line: 1
Info (12021): Found 1 design units, including 1 entities, in source file multiplicador/counter/counter.v
    Info (12023): Found entity 1: Counter File: C:/Projects/RISCV-ELTD05/Multiplicador/Counter/Counter.v Line: 1
Info (12021): Found 1 design units, including 1 entities, in source file multiplicador/control/control.v
    Info (12023): Found entity 1: CONTROL File: C:/Projects/RISCV-ELTD05/Multiplicador/CONTROL/CONTROL.v Line: 1
Info (12021): Found 1 design units, including 1 entities, in source file multiplicador/adder/adder.v
    Info (12023): Found entity 1: Adder File: C:/Projects/RISCV-ELTD05/Multiplicador/Adder/Adder.v Line: 1
Info (12021): Found 1 design units, including 1 entities, in source file multiplicador/acc/acc.v
    Info (12023): Found entity 1: ACC File: C:/Projects/RISCV-ELTD05/Multiplicador/ACC/ACC.v Line: 1
Info (12021): Found 1 design units, including 1 entities, in source file multiplicador/multiplicador.v
    Info (12023): Found entity 1: Multiplicador File: C:/Projects/RISCV-ELTD05/Multiplicador/Multiplicador.v Line: 6
Info (12021): Found 1 design units, including 1 entities, in source file instmem/instmem.v
    Info (12023): Found entity 1: InstMem File: C:/Projects/RISCV-ELTD05/InstMem/InstMem.v Line: 39
Info (12021): Found 1 design units, including 1 entities, in source file extend/extend.v
    Info (12023): Found entity 1: extend File: C:/Projects/RISCV-ELTD05/Extend/extend.v Line: 1
Info (12021): Found 1 design units, including 1 entities, in source file datamemory/datamemory.v
    Info (12023): Found entity 1: datamemory File: C:/Projects/RISCV-ELTD05/DataMemory/datamemory.v Line: 39
Info (12021): Found 1 design units, including 1 entities, in source file control/control.v
    Info (12023): Found entity 1: control File: C:/Projects/RISCV-ELTD05/Control/control.v Line: 1
Info (12021): Found 1 design units, including 1 entities, in source file alu/alu.v
    Info (12023): Found entity 1: alu File: C:/Projects/RISCV-ELTD05/ALU/alu.v Line: 1
Info (12021): Found 1 design units, including 1 entities, in source file addrdecoding_prog/addrdecoding_prog.v
    Info (12023): Found entity 1: ADDRDecoding_Prog File: C:/Projects/RISCV-ELTD05/ADDRDecoding_Prog/ADDRDecoding_Prog.v Line: 1
Info (12021): Found 1 design units, including 1 entities, in source file addrdecoding/addrdecoding.v
    Info (12023): Found entity 1: ADDRDecoding File: C:/Projects/RISCV-ELTD05/ADDRDecoding/ADDRDecoding.v Line: 1
Info (12021): Found 1 design units, including 1 entities, in source file cpu.v
    Info (12023): Found entity 1: cpu File: C:/Projects/RISCV-ELTD05/cpu.v Line: 18
Info (12127): Elaborating entity "cpu" for the top level hierarchy
Warning (10230): Verilog HDL assignment warning at cpu.v(65): truncated value with size 32 to match size of target (10) File: C:/Projects/RISCV-ELTD05/cpu.v Line: 65
Info (12128): Elaborating entity "PLL" for hierarchy "PLL:pll" File: C:/Projects/RISCV-ELTD05/cpu.v Line: 60
Info (12128): Elaborating entity "altpll" for hierarchy "PLL:pll|altpll:altpll_component" File: C:/Projects/RISCV-ELTD05/PLL/PLL.v Line: 94
Info (12130): Elaborated megafunction instantiation "PLL:pll|altpll:altpll_component" File: C:/Projects/RISCV-ELTD05/PLL/PLL.v Line: 94
Info (12133): Instantiated megafunction "PLL:pll|altpll:altpll_component" with the following parameter: File: C:/Projects/RISCV-ELTD05/PLL/PLL.v Line: 94
    Info (12134): Parameter "bandwidth_type" = "AUTO"
    Info (12134): Parameter "clk0_divide_by" = "1250"
    Info (12134): Parameter "clk0_duty_cycle" = "50"
    Info (12134): Parameter "clk0_multiply_by" = "1"
    Info (12134): Parameter "clk0_phase_shift" = "0"
    Info (12134): Parameter "clk1_divide_by" = "2500"
    Info (12134): Parameter "clk1_duty_cycle" = "50"
    Info (12134): Parameter "clk1_multiply_by" = "3"
    Info (12134): Parameter "clk1_phase_shift" = "0"
    Info (12134): Parameter "compensate_clock" = "CLK0"
    Info (12134): Parameter "inclk0_input_frequency" = "10000"
    Info (12134): Parameter "intended_device_family" = "Cyclone IV GX"
    Info (12134): Parameter "lpm_hint" = "CBX_MODULE_PREFIX=PLL"
    Info (12134): Parameter "lpm_type" = "altpll"
    Info (12134): Parameter "operation_mode" = "NORMAL"
    Info (12134): Parameter "pll_type" = "AUTO"
    Info (12134): Parameter "port_activeclock" = "PORT_UNUSED"
    Info (12134): Parameter "port_areset" = "PORT_UNUSED"
    Info (12134): Parameter "port_clkbad0" = "PORT_UNUSED"
    Info (12134): Parameter "port_clkbad1" = "PORT_UNUSED"
    Info (12134): Parameter "port_clkloss" = "PORT_UNUSED"
    Info (12134): Parameter "port_clkswitch" = "PORT_UNUSED"
    Info (12134): Parameter "port_configupdate" = "PORT_UNUSED"
    Info (12134): Parameter "port_fbin" = "PORT_UNUSED"
    Info (12134): Parameter "port_inclk0" = "PORT_USED"
    Info (12134): Parameter "port_inclk1" = "PORT_UNUSED"
    Info (12134): Parameter "port_locked" = "PORT_UNUSED"
    Info (12134): Parameter "port_pfdena" = "PORT_UNUSED"
    Info (12134): Parameter "port_phasecounterselect" = "PORT_UNUSED"
    Info (12134): Parameter "port_phasedone" = "PORT_UNUSED"
    Info (12134): Parameter "port_phasestep" = "PORT_UNUSED"
    Info (12134): Parameter "port_phaseupdown" = "PORT_UNUSED"
    Info (12134): Parameter "port_pllena" = "PORT_UNUSED"
    Info (12134): Parameter "port_scanaclr" = "PORT_UNUSED"
    Info (12134): Parameter "port_scanclk" = "PORT_UNUSED"
    Info (12134): Parameter "port_scanclkena" = "PORT_UNUSED"
    Info (12134): Parameter "port_scandata" = "PORT_UNUSED"
    Info (12134): Parameter "port_scandataout" = "PORT_UNUSED"
    Info (12134): Parameter "port_scandone" = "PORT_UNUSED"
    Info (12134): Parameter "port_scanread" = "PORT_UNUSED"
    Info (12134): Parameter "port_scanwrite" = "PORT_UNUSED"
    Info (12134): Parameter "port_clk0" = "PORT_USED"
    Info (12134): Parameter "port_clk1" = "PORT_USED"
    Info (12134): Parameter "port_clk2" = "PORT_UNUSED"
    Info (12134): Parameter "port_clk3" = "PORT_UNUSED"
    Info (12134): Parameter "port_clk4" = "PORT_UNUSED"
    Info (12134): Parameter "port_clk5" = "PORT_UNUSED"
    Info (12134): Parameter "port_clkena0" = "PORT_UNUSED"
    Info (12134): Parameter "port_clkena1" = "PORT_UNUSED"
    Info (12134): Parameter "port_clkena2" = "PORT_UNUSED"
    Info (12134): Parameter "port_clkena3" = "PORT_UNUSED"
    Info (12134): Parameter "port_clkena4" = "PORT_UNUSED"
    Info (12134): Parameter "port_clkena5" = "PORT_UNUSED"
    Info (12134): Parameter "port_extclk0" = "PORT_UNUSED"
    Info (12134): Parameter "port_extclk1" = "PORT_UNUSED"
    Info (12134): Parameter "port_extclk2" = "PORT_UNUSED"
    Info (12134): Parameter "port_extclk3" = "PORT_UNUSED"
    Info (12134): Parameter "width_clock" = "5"
Info (12021): Found 1 design units, including 1 entities, in source file db/pll_altpll.v
    Info (12023): Found entity 1: PLL_altpll File: C:/Projects/RISCV-ELTD05/db/pll_altpll.v Line: 29
Info (12128): Elaborating entity "PLL_altpll" for hierarchy "PLL:pll|altpll:altpll_component|PLL_altpll:auto_generated" File: c:/intelfpga_lite/18.1/quartus/libraries/megafunctions/altpll.tdf Line: 897
Info (12128): Elaborating entity "InstMem" for hierarchy "InstMem:IM" File: C:/Projects/RISCV-ELTD05/cpu.v Line: 74
Info (12128): Elaborating entity "altsyncram" for hierarchy "InstMem:IM|altsyncram:altsyncram_component" File: C:/Projects/RISCV-ELTD05/InstMem/InstMem.v Line: 81
Info (12130): Elaborated megafunction instantiation "InstMem:IM|altsyncram:altsyncram_component" File: C:/Projects/RISCV-ELTD05/InstMem/InstMem.v Line: 81
Info (12133): Instantiated megafunction "InstMem:IM|altsyncram:altsyncram_component" with the following parameter: File: C:/Projects/RISCV-ELTD05/InstMem/InstMem.v Line: 81
    Info (12134): Parameter "address_aclr_a" = "NONE"
    Info (12134): Parameter "clock_enable_input_a" = "BYPASS"
    Info (12134): Parameter "clock_enable_output_a" = "BYPASS"
    Info (12134): Parameter "init_file" = "Code.hex"
    Info (12134): Parameter "intended_device_family" = "Cyclone IV GX"
    Info (12134): Parameter "lpm_hint" = "ENABLE_RUNTIME_MOD=NO"
    Info (12134): Parameter "lpm_type" = "altsyncram"
    Info (12134): Parameter "numwords_a" = "1024"
    Info (12134): Parameter "operation_mode" = "ROM"
    Info (12134): Parameter "outdata_aclr_a" = "NONE"
    Info (12134): Parameter "outdata_reg_a" = "UNREGISTERED"
    Info (12134): Parameter "widthad_a" = "10"
    Info (12134): Parameter "width_a" = "32"
    Info (12134): Parameter "width_byteena_a" = "1"
Info (12021): Found 1 design units, including 1 entities, in source file db/altsyncram_jv91.tdf
    Info (12023): Found entity 1: altsyncram_jv91 File: C:/Projects/RISCV-ELTD05/db/altsyncram_jv91.tdf Line: 27
Info (12128): Elaborating entity "altsyncram_jv91" for hierarchy "InstMem:IM|altsyncram:altsyncram_component|altsyncram_jv91:auto_generated" File: c:/intelfpga_lite/18.1/quartus/libraries/megafunctions/altsyncram.tdf Line: 791
Info (12128): Elaborating entity "PC" for hierarchy "PC:pc" File: C:/Projects/RISCV-ELTD05/cpu.v Line: 86
Info (12128): Elaborating entity "mux" for hierarchy "mux:MuxProgMem" File: C:/Projects/RISCV-ELTD05/cpu.v Line: 96
Info (12128): Elaborating entity "ADDRDecoding_Prog" for hierarchy "ADDRDecoding_Prog:addrDecoding_Prog" File: C:/Projects/RISCV-ELTD05/cpu.v Line: 105
Info (12128): Elaborating entity "registerfile" for hierarchy "registerfile:RegisterFile" File: C:/Projects/RISCV-ELTD05/cpu.v Line: 120
Info (12128): Elaborating entity "control" for hierarchy "control:Control" File: C:/Projects/RISCV-ELTD05/cpu.v Line: 127
Warning (10270): Verilog HDL Case Statement warning at control.v(108): incomplete case statement has no default case item File: C:/Projects/RISCV-ELTD05/Control/control.v Line: 108
Warning (10270): Verilog HDL Case Statement warning at control.v(46): incomplete case statement has no default case item File: C:/Projects/RISCV-ELTD05/Control/control.v Line: 46
Info (12128): Elaborating entity "extend" for hierarchy "extend:Extend" File: C:/Projects/RISCV-ELTD05/cpu.v Line: 132
Info (12128): Elaborating entity "register" for hierarchy "register:IMM" File: C:/Projects/RISCV-ELTD05/cpu.v Line: 139
Info (12128): Elaborating entity "Multiplicador" for hierarchy "Multiplicador:multiplicador" File: C:/Projects/RISCV-ELTD05/cpu.v Line: 158
Info (12128): Elaborating entity "ACC" for hierarchy "Multiplicador:multiplicador|ACC:acc" File: C:/Projects/RISCV-ELTD05/Multiplicador/Multiplicador.v Line: 35
Info (12128): Elaborating entity "Counter" for hierarchy "Multiplicador:multiplicador|Counter:counter" File: C:/Projects/RISCV-ELTD05/Multiplicador/Multiplicador.v Line: 43
Warning (10230): Verilog HDL assignment warning at Counter.v(16): truncated value with size 32 to match size of target (5) File: C:/Projects/RISCV-ELTD05/Multiplicador/Counter/Counter.v Line: 16
Info (12128): Elaborating entity "CONTROL" for hierarchy "Multiplicador:multiplicador|CONTROL:control" File: C:/Projects/RISCV-ELTD05/Multiplicador/Multiplicador.v Line: 56
Info (12128): Elaborating entity "Adder" for hierarchy "Multiplicador:multiplicador|Adder:adder" File: C:/Projects/RISCV-ELTD05/Multiplicador/Multiplicador.v Line: 64
Info (12128): Elaborating entity "alu" for hierarchy "alu:ALU" File: C:/Projects/RISCV-ELTD05/cpu.v Line: 176
Warning (10230): Verilog HDL assignment warning at alu.v(7): truncated value with size 32 to match size of target (1) File: C:/Projects/RISCV-ELTD05/ALU/alu.v Line: 7
Info (12128): Elaborating entity "ADDRDecoding" for hierarchy "ADDRDecoding:AddrDecoding" File: C:/Projects/RISCV-ELTD05/cpu.v Line: 194
Info (12128): Elaborating entity "datamemory" for hierarchy "datamemory:Data_Memory" File: C:/Projects/RISCV-ELTD05/cpu.v Line: 203
Info (12128): Elaborating entity "altsyncram" for hierarchy "datamemory:Data_Memory|altsyncram:altsyncram_component" File: C:/Projects/RISCV-ELTD05/DataMemory/datamemory.v Line: 85
Info (12130): Elaborated megafunction instantiation "datamemory:Data_Memory|altsyncram:altsyncram_component" File: C:/Projects/RISCV-ELTD05/DataMemory/datamemory.v Line: 85
Info (12133): Instantiated megafunction "datamemory:Data_Memory|altsyncram:altsyncram_component" with the following parameter: File: C:/Projects/RISCV-ELTD05/DataMemory/datamemory.v Line: 85
    Info (12134): Parameter "clock_enable_input_a" = "BYPASS"
    Info (12134): Parameter "clock_enable_output_a" = "BYPASS"
    Info (12134): Parameter "init_file" = "Data.hex"
    Info (12134): Parameter "intended_device_family" = "Cyclone IV GX"
    Info (12134): Parameter "lpm_hint" = "ENABLE_RUNTIME_MOD=NO"
    Info (12134): Parameter "lpm_type" = "altsyncram"
    Info (12134): Parameter "numwords_a" = "1024"
    Info (12134): Parameter "operation_mode" = "SINGLE_PORT"
    Info (12134): Parameter "outdata_aclr_a" = "NONE"
    Info (12134): Parameter "outdata_reg_a" = "UNREGISTERED"
    Info (12134): Parameter "power_up_uninitialized" = "FALSE"
    Info (12134): Parameter "read_during_write_mode_port_a" = "NEW_DATA_NO_NBE_READ"
    Info (12134): Parameter "widthad_a" = "10"
    Info (12134): Parameter "width_a" = "32"
    Info (12134): Parameter "width_byteena_a" = "1"
Info (12021): Found 1 design units, including 1 entities, in source file db/altsyncram_28i1.tdf
    Info (12023): Found entity 1: altsyncram_28i1 File: C:/Projects/RISCV-ELTD05/db/altsyncram_28i1.tdf Line: 27
Info (12128): Elaborating entity "altsyncram_28i1" for hierarchy "datamemory:Data_Memory|altsyncram:altsyncram_component|altsyncram_28i1:auto_generated" File: c:/intelfpga_lite/18.1/quartus/libraries/megafunctions/altsyncram.tdf Line: 791
Info (12128): Elaborating entity "register" for hierarchy "register:CTRL2" File: C:/Projects/RISCV-ELTD05/cpu.v Line: 218
Info (276014): Found 1 instances of uninferred RAM logic
    Info (276007): RAM logic "registerfile:RegisterFile|register" is uninferred due to asynchronous read logic File: C:/Projects/RISCV-ELTD05/RegisterFile/registerfile.v Line: 7
Warning (12241): 4 hierarchies have connectivity warnings - see the Connectivity Checks report folder
Info (286030): Timing-Driven Synthesis is running
Info (17049): 2 registers lost all their fanouts during netlist optimizations.
Info (17016): Found the following redundant logic cells in design
    Info (17048): Logic cell "fioB[0]" File: C:/Projects/RISCV-ELTD05/cpu.v Line: 45
    Info (17048): Logic cell "fioB[1]" File: C:/Projects/RISCV-ELTD05/cpu.v Line: 45
    Info (17048): Logic cell "fioB[2]" File: C:/Projects/RISCV-ELTD05/cpu.v Line: 45
    Info (17048): Logic cell "fioB[3]" File: C:/Projects/RISCV-ELTD05/cpu.v Line: 45
    Info (17048): Logic cell "fioB[4]" File: C:/Projects/RISCV-ELTD05/cpu.v Line: 45
    Info (17048): Logic cell "fioB[5]" File: C:/Projects/RISCV-ELTD05/cpu.v Line: 45
    Info (17048): Logic cell "fioB[6]" File: C:/Projects/RISCV-ELTD05/cpu.v Line: 45
    Info (17048): Logic cell "fioB[7]" File: C:/Projects/RISCV-ELTD05/cpu.v Line: 45
    Info (17048): Logic cell "fioB[8]" File: C:/Projects/RISCV-ELTD05/cpu.v Line: 45
    Info (17048): Logic cell "fioB[9]" File: C:/Projects/RISCV-ELTD05/cpu.v Line: 45
    Info (17048): Logic cell "fioB[10]" File: C:/Projects/RISCV-ELTD05/cpu.v Line: 45
    Info (17048): Logic cell "fioB[11]" File: C:/Projects/RISCV-ELTD05/cpu.v Line: 45
    Info (17048): Logic cell "fioB[12]" File: C:/Projects/RISCV-ELTD05/cpu.v Line: 45
    Info (17048): Logic cell "fioB[13]" File: C:/Projects/RISCV-ELTD05/cpu.v Line: 45
    Info (17048): Logic cell "fioB[14]" File: C:/Projects/RISCV-ELTD05/cpu.v Line: 45
    Info (17048): Logic cell "fioB[15]" File: C:/Projects/RISCV-ELTD05/cpu.v Line: 45
    Info (17048): Logic cell "fioB[16]" File: C:/Projects/RISCV-ELTD05/cpu.v Line: 45
    Info (17048): Logic cell "fioB[17]" File: C:/Projects/RISCV-ELTD05/cpu.v Line: 45
    Info (17048): Logic cell "fioB[18]" File: C:/Projects/RISCV-ELTD05/cpu.v Line: 45
    Info (17048): Logic cell "fioB[19]" File: C:/Projects/RISCV-ELTD05/cpu.v Line: 45
    Info (17048): Logic cell "fioB[20]" File: C:/Projects/RISCV-ELTD05/cpu.v Line: 45
    Info (17048): Logic cell "fioB[21]" File: C:/Projects/RISCV-ELTD05/cpu.v Line: 45
    Info (17048): Logic cell "fioB[22]" File: C:/Projects/RISCV-ELTD05/cpu.v Line: 45
    Info (17048): Logic cell "fioB[23]" File: C:/Projects/RISCV-ELTD05/cpu.v Line: 45
    Info (17048): Logic cell "fioB[24]" File: C:/Projects/RISCV-ELTD05/cpu.v Line: 45
    Info (17048): Logic cell "fioB[25]" File: C:/Projects/RISCV-ELTD05/cpu.v Line: 45
    Info (17048): Logic cell "fioB[26]" File: C:/Projects/RISCV-ELTD05/cpu.v Line: 45
    Info (17048): Logic cell "fioB[27]" File: C:/Projects/RISCV-ELTD05/cpu.v Line: 45
    Info (17048): Logic cell "fioB[28]" File: C:/Projects/RISCV-ELTD05/cpu.v Line: 45
    Info (17048): Logic cell "fioB[29]" File: C:/Projects/RISCV-ELTD05/cpu.v Line: 45
    Info (17048): Logic cell "fioB[30]" File: C:/Projects/RISCV-ELTD05/cpu.v Line: 45
    Info (17048): Logic cell "fioB[31]" File: C:/Projects/RISCV-ELTD05/cpu.v Line: 45
    Info (17048): Logic cell "dataOut_PC[0]" File: C:/Projects/RISCV-ELTD05/cpu.v Line: 42
    Info (17048): Logic cell "dataOut_PC[1]" File: C:/Projects/RISCV-ELTD05/cpu.v Line: 42
    Info (17048): Logic cell "dataOut_PC[2]" File: C:/Projects/RISCV-ELTD05/cpu.v Line: 42
    Info (17048): Logic cell "dataOut_PC[3]" File: C:/Projects/RISCV-ELTD05/cpu.v Line: 42
    Info (17048): Logic cell "dataOut_PC[4]" File: C:/Projects/RISCV-ELTD05/cpu.v Line: 42
    Info (17048): Logic cell "dataOut_PC[5]" File: C:/Projects/RISCV-ELTD05/cpu.v Line: 42
    Info (17048): Logic cell "dataOut_PC[7]" File: C:/Projects/RISCV-ELTD05/cpu.v Line: 42
    Info (17048): Logic cell "dataOut_PC[8]" File: C:/Projects/RISCV-ELTD05/cpu.v Line: 42
    Info (17048): Logic cell "dataOut_PC[10]" File: C:/Projects/RISCV-ELTD05/cpu.v Line: 42
    Info (17048): Logic cell "dataOut_PC[11]" File: C:/Projects/RISCV-ELTD05/cpu.v Line: 42
    Info (17048): Logic cell "dataOut_PC[12]" File: C:/Projects/RISCV-ELTD05/cpu.v Line: 42
    Info (17048): Logic cell "dataOut_PC[13]" File: C:/Projects/RISCV-ELTD05/cpu.v Line: 42
    Info (17048): Logic cell "dataOut_PC[14]" File: C:/Projects/RISCV-ELTD05/cpu.v Line: 42
    Info (17048): Logic cell "dataOut_PC[15]" File: C:/Projects/RISCV-ELTD05/cpu.v Line: 42
    Info (17048): Logic cell "dataOut_PC[16]" File: C:/Projects/RISCV-ELTD05/cpu.v Line: 42
    Info (17048): Logic cell "dataOut_PC[17]" File: C:/Projects/RISCV-ELTD05/cpu.v Line: 42
    Info (17048): Logic cell "dataOut_PC[18]" File: C:/Projects/RISCV-ELTD05/cpu.v Line: 42
    Info (17048): Logic cell "dataOut_PC[19]" File: C:/Projects/RISCV-ELTD05/cpu.v Line: 42
    Info (17048): Logic cell "dataOut_PC[20]" File: C:/Projects/RISCV-ELTD05/cpu.v Line: 42
    Info (17048): Logic cell "dataOut_PC[21]" File: C:/Projects/RISCV-ELTD05/cpu.v Line: 42
    Info (17048): Logic cell "dataOut_PC[22]" File: C:/Projects/RISCV-ELTD05/cpu.v Line: 42
    Info (17048): Logic cell "dataOut_PC[23]" File: C:/Projects/RISCV-ELTD05/cpu.v Line: 42
    Info (17048): Logic cell "dataOut_PC[24]" File: C:/Projects/RISCV-ELTD05/cpu.v Line: 42
    Info (17048): Logic cell "dataOut_PC[25]" File: C:/Projects/RISCV-ELTD05/cpu.v Line: 42
    Info (17048): Logic cell "dataOut_PC[26]" File: C:/Projects/RISCV-ELTD05/cpu.v Line: 42
    Info (17048): Logic cell "dataOut_PC[27]" File: C:/Projects/RISCV-ELTD05/cpu.v Line: 42
    Info (17048): Logic cell "dataOut_PC[28]" File: C:/Projects/RISCV-ELTD05/cpu.v Line: 42
    Info (17048): Logic cell "dataOut_PC[29]" File: C:/Projects/RISCV-ELTD05/cpu.v Line: 42
    Info (17048): Logic cell "dataOut_PC[30]" File: C:/Projects/RISCV-ELTD05/cpu.v Line: 42
    Info (17048): Logic cell "dataOut_PC[31]" File: C:/Projects/RISCV-ELTD05/cpu.v Line: 42
    Info (17048): Logic cell "ctrl1[3]" File: C:/Projects/RISCV-ELTD05/cpu.v Line: 38
    Info (17048): Logic cell "dataOut_Mult[0]" File: C:/Projects/RISCV-ELTD05/cpu.v Line: 37
    Info (17048): Logic cell "ctrl1[4]" File: C:/Projects/RISCV-ELTD05/cpu.v Line: 38
    Info (17048): Logic cell "dataOut_Mult[1]" File: C:/Projects/RISCV-ELTD05/cpu.v Line: 37
    Info (17048): Logic cell "dataOut_Mult[2]" File: C:/Projects/RISCV-ELTD05/cpu.v Line: 37
    Info (17048): Logic cell "dataOut_Mult[3]" File: C:/Projects/RISCV-ELTD05/cpu.v Line: 37
    Info (17048): Logic cell "dataOut_Mult[4]" File: C:/Projects/RISCV-ELTD05/cpu.v Line: 37
    Info (17048): Logic cell "dataOut_Mult[5]" File: C:/Projects/RISCV-ELTD05/cpu.v Line: 37
    Info (17048): Logic cell "dataOut_Mult[6]" File: C:/Projects/RISCV-ELTD05/cpu.v Line: 37
    Info (17048): Logic cell "dataOut_Mult[7]" File: C:/Projects/RISCV-ELTD05/cpu.v Line: 37
    Info (17048): Logic cell "dataOut_Mult[8]" File: C:/Projects/RISCV-ELTD05/cpu.v Line: 37
    Info (17048): Logic cell "dataOut_Mult[9]" File: C:/Projects/RISCV-ELTD05/cpu.v Line: 37
    Info (17048): Logic cell "dataOut_Mult[10]" File: C:/Projects/RISCV-ELTD05/cpu.v Line: 37
    Info (17048): Logic cell "dataOut_Mult[11]" File: C:/Projects/RISCV-ELTD05/cpu.v Line: 37
    Info (17048): Logic cell "dataOut_Mult[12]" File: C:/Projects/RISCV-ELTD05/cpu.v Line: 37
    Info (17048): Logic cell "dataOut_Mult[13]" File: C:/Projects/RISCV-ELTD05/cpu.v Line: 37
    Info (17048): Logic cell "dataOut_Mult[14]" File: C:/Projects/RISCV-ELTD05/cpu.v Line: 37
    Info (17048): Logic cell "dataOut_Mult[15]" File: C:/Projects/RISCV-ELTD05/cpu.v Line: 37
    Info (17048): Logic cell "dataOut_Mult[16]" File: C:/Projects/RISCV-ELTD05/cpu.v Line: 37
    Info (17048): Logic cell "dataOut_Mult[17]" File: C:/Projects/RISCV-ELTD05/cpu.v Line: 37
    Info (17048): Logic cell "dataOut_Mult[18]" File: C:/Projects/RISCV-ELTD05/cpu.v Line: 37
    Info (17048): Logic cell "dataOut_Mult[19]" File: C:/Projects/RISCV-ELTD05/cpu.v Line: 37
    Info (17048): Logic cell "dataOut_Mult[20]" File: C:/Projects/RISCV-ELTD05/cpu.v Line: 37
    Info (17048): Logic cell "dataOut_Mult[21]" File: C:/Projects/RISCV-ELTD05/cpu.v Line: 37
    Info (17048): Logic cell "dataOut_Mult[22]" File: C:/Projects/RISCV-ELTD05/cpu.v Line: 37
    Info (17048): Logic cell "dataOut_Mult[23]" File: C:/Projects/RISCV-ELTD05/cpu.v Line: 37
    Info (17048): Logic cell "dataOut_Mult[24]" File: C:/Projects/RISCV-ELTD05/cpu.v Line: 37
    Info (17048): Logic cell "dataOut_Mult[25]" File: C:/Projects/RISCV-ELTD05/cpu.v Line: 37
    Info (17048): Logic cell "dataOut_Mult[26]" File: C:/Projects/RISCV-ELTD05/cpu.v Line: 37
    Info (17048): Logic cell "dataOut_Mult[27]" File: C:/Projects/RISCV-ELTD05/cpu.v Line: 37
    Info (17048): Logic cell "dataOut_Mult[28]" File: C:/Projects/RISCV-ELTD05/cpu.v Line: 37
    Info (17048): Logic cell "dataOut_Mult[29]" File: C:/Projects/RISCV-ELTD05/cpu.v Line: 37
    Info (17048): Logic cell "dataOut_Mult[30]" File: C:/Projects/RISCV-ELTD05/cpu.v Line: 37
    Info (17048): Logic cell "dataOut_Mult[31]" File: C:/Projects/RISCV-ELTD05/cpu.v Line: 37
    Info (17048): Logic cell "ctrl1[7]" File: C:/Projects/RISCV-ELTD05/cpu.v Line: 38
    Info (17048): Logic cell "ctrl1[6]" File: C:/Projects/RISCV-ELTD05/cpu.v Line: 38
    Info (17048): Logic cell "dataOut_Imm[0]" File: C:/Projects/RISCV-ELTD05/cpu.v Line: 33
    Info (17048): Logic cell "ctrl1[8]" File: C:/Projects/RISCV-ELTD05/cpu.v Line: 38
    Info (17048): Logic cell "fioA[0]" File: C:/Projects/RISCV-ELTD05/cpu.v Line: 45
    Info (17048): Logic cell "dataOut_Imm[1]" File: C:/Projects/RISCV-ELTD05/cpu.v Line: 33
    Info (17048): Logic cell "fioA[1]" File: C:/Projects/RISCV-ELTD05/cpu.v Line: 45
    Info (17048): Logic cell "dataOut_Imm[2]" File: C:/Projects/RISCV-ELTD05/cpu.v Line: 33
    Info (17048): Logic cell "fioA[2]" File: C:/Projects/RISCV-ELTD05/cpu.v Line: 45
    Info (17048): Logic cell "dataOut_Imm[3]" File: C:/Projects/RISCV-ELTD05/cpu.v Line: 33
    Info (17048): Logic cell "fioA[3]" File: C:/Projects/RISCV-ELTD05/cpu.v Line: 45
    Info (17048): Logic cell "dataOut_Imm[4]" File: C:/Projects/RISCV-ELTD05/cpu.v Line: 33
    Info (17048): Logic cell "fioA[4]" File: C:/Projects/RISCV-ELTD05/cpu.v Line: 45
    Info (17048): Logic cell "dataOut_Imm[5]" File: C:/Projects/RISCV-ELTD05/cpu.v Line: 33
    Info (17048): Logic cell "fioA[5]" File: C:/Projects/RISCV-ELTD05/cpu.v Line: 45
    Info (17048): Logic cell "dataOut_Imm[6]" File: C:/Projects/RISCV-ELTD05/cpu.v Line: 33
    Info (17048): Logic cell "fioA[6]" File: C:/Projects/RISCV-ELTD05/cpu.v Line: 45
    Info (17048): Logic cell "dataOut_Imm[7]" File: C:/Projects/RISCV-ELTD05/cpu.v Line: 33
    Info (17048): Logic cell "fioA[7]" File: C:/Projects/RISCV-ELTD05/cpu.v Line: 45
    Info (17048): Logic cell "dataOut_Imm[8]" File: C:/Projects/RISCV-ELTD05/cpu.v Line: 33
    Info (17048): Logic cell "fioA[8]" File: C:/Projects/RISCV-ELTD05/cpu.v Line: 45
    Info (17048): Logic cell "dataOut_Imm[9]" File: C:/Projects/RISCV-ELTD05/cpu.v Line: 33
    Info (17048): Logic cell "fioA[9]" File: C:/Projects/RISCV-ELTD05/cpu.v Line: 45
    Info (17048): Logic cell "dataOut_Imm[10]" File: C:/Projects/RISCV-ELTD05/cpu.v Line: 33
    Info (17048): Logic cell "fioA[10]" File: C:/Projects/RISCV-ELTD05/cpu.v Line: 45
    Info (17048): Logic cell "dataOut_Imm[11]" File: C:/Projects/RISCV-ELTD05/cpu.v Line: 33
    Info (17048): Logic cell "fioA[11]" File: C:/Projects/RISCV-ELTD05/cpu.v Line: 45
    Info (17048): Logic cell "dataOut_Imm[12]" File: C:/Projects/RISCV-ELTD05/cpu.v Line: 33
    Info (17048): Logic cell "fioA[12]" File: C:/Projects/RISCV-ELTD05/cpu.v Line: 45
    Info (17048): Logic cell "dataOut_Imm[13]" File: C:/Projects/RISCV-ELTD05/cpu.v Line: 33
    Info (17048): Logic cell "fioA[13]" File: C:/Projects/RISCV-ELTD05/cpu.v Line: 45
    Info (17048): Logic cell "dataOut_Imm[14]" File: C:/Projects/RISCV-ELTD05/cpu.v Line: 33
    Info (17048): Logic cell "fioA[14]" File: C:/Projects/RISCV-ELTD05/cpu.v Line: 45
    Info (17048): Logic cell "dataOut_Imm[15]" File: C:/Projects/RISCV-ELTD05/cpu.v Line: 33
    Info (17048): Logic cell "fioA[15]" File: C:/Projects/RISCV-ELTD05/cpu.v Line: 45
    Info (17048): Logic cell "dataOut_Imm[16]" File: C:/Projects/RISCV-ELTD05/cpu.v Line: 33
    Info (17048): Logic cell "fioA[16]" File: C:/Projects/RISCV-ELTD05/cpu.v Line: 45
    Info (17048): Logic cell "dataOut_Imm[17]" File: C:/Projects/RISCV-ELTD05/cpu.v Line: 33
    Info (17048): Logic cell "fioA[17]" File: C:/Projects/RISCV-ELTD05/cpu.v Line: 45
    Info (17048): Logic cell "dataOut_Imm[18]" File: C:/Projects/RISCV-ELTD05/cpu.v Line: 33
    Info (17048): Logic cell "fioA[18]" File: C:/Projects/RISCV-ELTD05/cpu.v Line: 45
    Info (17048): Logic cell "dataOut_Imm[19]" File: C:/Projects/RISCV-ELTD05/cpu.v Line: 33
    Info (17048): Logic cell "fioA[19]" File: C:/Projects/RISCV-ELTD05/cpu.v Line: 45
    Info (17048): Logic cell "dataOut_Imm[20]" File: C:/Projects/RISCV-ELTD05/cpu.v Line: 33
    Info (17048): Logic cell "fioA[20]" File: C:/Projects/RISCV-ELTD05/cpu.v Line: 45
    Info (17048): Logic cell "dataOut_Imm[21]" File: C:/Projects/RISCV-ELTD05/cpu.v Line: 33
    Info (17048): Logic cell "fioA[21]" File: C:/Projects/RISCV-ELTD05/cpu.v Line: 45
    Info (17048): Logic cell "dataOut_Imm[22]" File: C:/Projects/RISCV-ELTD05/cpu.v Line: 33
    Info (17048): Logic cell "fioA[22]" File: C:/Projects/RISCV-ELTD05/cpu.v Line: 45
    Info (17048): Logic cell "dataOut_Imm[23]" File: C:/Projects/RISCV-ELTD05/cpu.v Line: 33
    Info (17048): Logic cell "fioA[23]" File: C:/Projects/RISCV-ELTD05/cpu.v Line: 45
    Info (17048): Logic cell "dataOut_Imm[24]" File: C:/Projects/RISCV-ELTD05/cpu.v Line: 33
    Info (17048): Logic cell "fioA[24]" File: C:/Projects/RISCV-ELTD05/cpu.v Line: 45
    Info (17048): Logic cell "dataOut_Imm[25]" File: C:/Projects/RISCV-ELTD05/cpu.v Line: 33
    Info (17048): Logic cell "fioA[25]" File: C:/Projects/RISCV-ELTD05/cpu.v Line: 45
    Info (17048): Logic cell "dataOut_Imm[26]" File: C:/Projects/RISCV-ELTD05/cpu.v Line: 33
    Info (17048): Logic cell "fioA[26]" File: C:/Projects/RISCV-ELTD05/cpu.v Line: 45
    Info (17048): Logic cell "dataOut_Imm[27]" File: C:/Projects/RISCV-ELTD05/cpu.v Line: 33
    Info (17048): Logic cell "fioA[27]" File: C:/Projects/RISCV-ELTD05/cpu.v Line: 45
    Info (17048): Logic cell "dataOut_Imm[28]" File: C:/Projects/RISCV-ELTD05/cpu.v Line: 33
    Info (17048): Logic cell "fioA[28]" File: C:/Projects/RISCV-ELTD05/cpu.v Line: 45
    Info (17048): Logic cell "dataOut_Imm[29]" File: C:/Projects/RISCV-ELTD05/cpu.v Line: 33
    Info (17048): Logic cell "fioA[29]" File: C:/Projects/RISCV-ELTD05/cpu.v Line: 45
    Info (17048): Logic cell "dataOut_Imm[30]" File: C:/Projects/RISCV-ELTD05/cpu.v Line: 33
    Info (17048): Logic cell "fioA[30]" File: C:/Projects/RISCV-ELTD05/cpu.v Line: 45
    Info (17048): Logic cell "dataOut_Imm[31]" File: C:/Projects/RISCV-ELTD05/cpu.v Line: 33
    Info (17048): Logic cell "fioA[31]" File: C:/Projects/RISCV-ELTD05/cpu.v Line: 45
    Info (17048): Logic cell "resetControl" File: C:/Projects/RISCV-ELTD05/cpu.v Line: 46
    Info (17048): Logic cell "ctrl1[1]" File: C:/Projects/RISCV-ELTD05/cpu.v Line: 38
    Info (17048): Logic cell "ctrl1[5]" File: C:/Projects/RISCV-ELTD05/cpu.v Line: 38
    Info (17048): Logic cell "ctrl2[10]" File: C:/Projects/RISCV-ELTD05/cpu.v Line: 39
    Info (17048): Logic cell "ctrl2[11]" File: C:/Projects/RISCV-ELTD05/cpu.v Line: 39
    Info (17048): Logic cell "ctrl2[12]" File: C:/Projects/RISCV-ELTD05/cpu.v Line: 39
    Info (17048): Logic cell "ctrl2[13]" File: C:/Projects/RISCV-ELTD05/cpu.v Line: 39
    Info (17048): Logic cell "ctrl2[9]" File: C:/Projects/RISCV-ELTD05/cpu.v Line: 39
    Info (17048): Logic cell "ctrl2[14]" File: C:/Projects/RISCV-ELTD05/cpu.v Line: 39
    Info (17048): Logic cell "dataOut_IM[17]" File: C:/Projects/RISCV-ELTD05/cpu.v Line: 40
    Info (17048): Logic cell "dataOut_IM[16]" File: C:/Projects/RISCV-ELTD05/cpu.v Line: 40
    Info (17048): Logic cell "dataOut_IM[19]" File: C:/Projects/RISCV-ELTD05/cpu.v Line: 40
    Info (17048): Logic cell "dataOut_IM[18]" File: C:/Projects/RISCV-ELTD05/cpu.v Line: 40
    Info (17048): Logic cell "dataOut_IM[20]" File: C:/Projects/RISCV-ELTD05/cpu.v Line: 40
    Info (17048): Logic cell "dataOut_IM[0]" File: C:/Projects/RISCV-ELTD05/cpu.v Line: 40
    Info (17048): Logic cell "dataOut_IM[27]" File: C:/Projects/RISCV-ELTD05/cpu.v Line: 40
    Info (17048): Logic cell "dataOut_IM[31]" File: C:/Projects/RISCV-ELTD05/cpu.v Line: 40
    Info (17048): Logic cell "dataOut_IM[30]" File: C:/Projects/RISCV-ELTD05/cpu.v Line: 40
    Info (17048): Logic cell "dataOut_IM[26]" File: C:/Projects/RISCV-ELTD05/cpu.v Line: 40
    Info (17048): Logic cell "dataOut_IM[28]" File: C:/Projects/RISCV-ELTD05/cpu.v Line: 40
    Info (17048): Logic cell "dataOut_IM[29]" File: C:/Projects/RISCV-ELTD05/cpu.v Line: 40
    Info (17048): Logic cell "dataOut_IM[1]" File: C:/Projects/RISCV-ELTD05/cpu.v Line: 40
    Info (17048): Logic cell "dataOut_IM[2]" File: C:/Projects/RISCV-ELTD05/cpu.v Line: 40
    Info (17048): Logic cell "dataOut_IM[3]" File: C:/Projects/RISCV-ELTD05/cpu.v Line: 40
    Info (17048): Logic cell "dataOut_IM[4]" File: C:/Projects/RISCV-ELTD05/cpu.v Line: 40
    Info (17048): Logic cell "dataOut_IM[5]" File: C:/Projects/RISCV-ELTD05/cpu.v Line: 40
    Info (17048): Logic cell "dataOut_IM[6]" File: C:/Projects/RISCV-ELTD05/cpu.v Line: 40
    Info (17048): Logic cell "dataOut_IM[7]" File: C:/Projects/RISCV-ELTD05/cpu.v Line: 40
    Info (17048): Logic cell "dataOut_IM[8]" File: C:/Projects/RISCV-ELTD05/cpu.v Line: 40
    Info (17048): Logic cell "dataOut_IM[9]" File: C:/Projects/RISCV-ELTD05/cpu.v Line: 40
    Info (17048): Logic cell "dataOut_IM[10]" File: C:/Projects/RISCV-ELTD05/cpu.v Line: 40
    Info (17048): Logic cell "dataOut_IM[11]" File: C:/Projects/RISCV-ELTD05/cpu.v Line: 40
    Info (17048): Logic cell "dataOut_IM[12]" File: C:/Projects/RISCV-ELTD05/cpu.v Line: 40
    Info (17048): Logic cell "dataOut_IM[13]" File: C:/Projects/RISCV-ELTD05/cpu.v Line: 40
    Info (17048): Logic cell "dataOut_IM[14]" File: C:/Projects/RISCV-ELTD05/cpu.v Line: 40
    Info (17048): Logic cell "dataOut_IM[15]" File: C:/Projects/RISCV-ELTD05/cpu.v Line: 40
    Info (17048): Logic cell "dataOut_D[0]" File: C:/Projects/RISCV-ELTD05/cpu.v Line: 37
    Info (17048): Logic cell "ctrl2[2]" File: C:/Projects/RISCV-ELTD05/cpu.v Line: 39
    Info (17048): Logic cell "dataOut_D[1]" File: C:/Projects/RISCV-ELTD05/cpu.v Line: 37
    Info (17048): Logic cell "dataOut_D[2]" File: C:/Projects/RISCV-ELTD05/cpu.v Line: 37
    Info (17048): Logic cell "dataOut_D[3]" File: C:/Projects/RISCV-ELTD05/cpu.v Line: 37
    Info (17048): Logic cell "dataOut_D[4]" File: C:/Projects/RISCV-ELTD05/cpu.v Line: 37
    Info (17048): Logic cell "dataOut_D[5]" File: C:/Projects/RISCV-ELTD05/cpu.v Line: 37
    Info (17048): Logic cell "dataOut_D[6]" File: C:/Projects/RISCV-ELTD05/cpu.v Line: 37
    Info (17048): Logic cell "dataOut_D[7]" File: C:/Projects/RISCV-ELTD05/cpu.v Line: 37
    Info (17048): Logic cell "dataOut_D[8]" File: C:/Projects/RISCV-ELTD05/cpu.v Line: 37
    Info (17048): Logic cell "dataOut_D[9]" File: C:/Projects/RISCV-ELTD05/cpu.v Line: 37
    Info (17048): Logic cell "dataOut_D[10]" File: C:/Projects/RISCV-ELTD05/cpu.v Line: 37
    Info (17048): Logic cell "dataOut_D[11]" File: C:/Projects/RISCV-ELTD05/cpu.v Line: 37
    Info (17048): Logic cell "dataOut_D[12]" File: C:/Projects/RISCV-ELTD05/cpu.v Line: 37
    Info (17048): Logic cell "dataOut_D[13]" File: C:/Projects/RISCV-ELTD05/cpu.v Line: 37
    Info (17048): Logic cell "dataOut_D[14]" File: C:/Projects/RISCV-ELTD05/cpu.v Line: 37
    Info (17048): Logic cell "dataOut_D[15]" File: C:/Projects/RISCV-ELTD05/cpu.v Line: 37
    Info (17048): Logic cell "dataOut_D[16]" File: C:/Projects/RISCV-ELTD05/cpu.v Line: 37
    Info (17048): Logic cell "dataOut_D[17]" File: C:/Projects/RISCV-ELTD05/cpu.v Line: 37
    Info (17048): Logic cell "dataOut_D[18]" File: C:/Projects/RISCV-ELTD05/cpu.v Line: 37
    Info (17048): Logic cell "dataOut_D[19]" File: C:/Projects/RISCV-ELTD05/cpu.v Line: 37
    Info (17048): Logic cell "dataOut_D[20]" File: C:/Projects/RISCV-ELTD05/cpu.v Line: 37
    Info (17048): Logic cell "dataOut_D[21]" File: C:/Projects/RISCV-ELTD05/cpu.v Line: 37
    Info (17048): Logic cell "dataOut_D[22]" File: C:/Projects/RISCV-ELTD05/cpu.v Line: 37
    Info (17048): Logic cell "dataOut_D[23]" File: C:/Projects/RISCV-ELTD05/cpu.v Line: 37
    Info (17048): Logic cell "dataOut_D[24]" File: C:/Projects/RISCV-ELTD05/cpu.v Line: 37
    Info (17048): Logic cell "dataOut_D[25]" File: C:/Projects/RISCV-ELTD05/cpu.v Line: 37
    Info (17048): Logic cell "dataOut_D[26]" File: C:/Projects/RISCV-ELTD05/cpu.v Line: 37
    Info (17048): Logic cell "dataOut_D[27]" File: C:/Projects/RISCV-ELTD05/cpu.v Line: 37
    Info (17048): Logic cell "dataOut_D[28]" File: C:/Projects/RISCV-ELTD05/cpu.v Line: 37
    Info (17048): Logic cell "dataOut_D[29]" File: C:/Projects/RISCV-ELTD05/cpu.v Line: 37
    Info (17048): Logic cell "dataOut_D[30]" File: C:/Projects/RISCV-ELTD05/cpu.v Line: 37
    Info (17048): Logic cell "dataOut_D[31]" File: C:/Projects/RISCV-ELTD05/cpu.v Line: 37
    Info (17048): Logic cell "dataOut_IM[22]" File: C:/Projects/RISCV-ELTD05/cpu.v Line: 40
    Info (17048): Logic cell "dataOut_IM[21]" File: C:/Projects/RISCV-ELTD05/cpu.v Line: 40
    Info (17048): Logic cell "dataOut_IM[24]" File: C:/Projects/RISCV-ELTD05/cpu.v Line: 40
    Info (17048): Logic cell "dataOut_IM[23]" File: C:/Projects/RISCV-ELTD05/cpu.v Line: 40
    Info (17048): Logic cell "dataOut_IM[25]" File: C:/Projects/RISCV-ELTD05/cpu.v Line: 40
    Info (17048): Logic cell "dout[0]" File: C:/Projects/RISCV-ELTD05/cpu.v Line: 48
    Info (17048): Logic cell "CS_WB" File: C:/Projects/RISCV-ELTD05/cpu.v Line: 51
    Info (17048): Logic cell "ctrl1[10]" File: C:/Projects/RISCV-ELTD05/cpu.v Line: 38
    Info (17048): Logic cell "ctrl1[11]" File: C:/Projects/RISCV-ELTD05/cpu.v Line: 38
    Info (17048): Logic cell "ctrl1[12]" File: C:/Projects/RISCV-ELTD05/cpu.v Line: 38
    Info (17048): Logic cell "ctrl1[13]" File: C:/Projects/RISCV-ELTD05/cpu.v Line: 38
    Info (17048): Logic cell "ctrl1[9]" File: C:/Projects/RISCV-ELTD05/cpu.v Line: 38
    Info (17048): Logic cell "ctrl1[14]" File: C:/Projects/RISCV-ELTD05/cpu.v Line: 38
    Info (17048): Logic cell "dout[1]" File: C:/Projects/RISCV-ELTD05/cpu.v Line: 48
    Info (17048): Logic cell "dout[2]" File: C:/Projects/RISCV-ELTD05/cpu.v Line: 48
    Info (17048): Logic cell "dout[3]" File: C:/Projects/RISCV-ELTD05/cpu.v Line: 48
    Info (17048): Logic cell "dout[4]" File: C:/Projects/RISCV-ELTD05/cpu.v Line: 48
    Info (17048): Logic cell "dout[5]" File: C:/Projects/RISCV-ELTD05/cpu.v Line: 48
    Info (17048): Logic cell "dout[6]" File: C:/Projects/RISCV-ELTD05/cpu.v Line: 48
    Info (17048): Logic cell "dout[7]" File: C:/Projects/RISCV-ELTD05/cpu.v Line: 48
    Info (17048): Logic cell "dout[8]" File: C:/Projects/RISCV-ELTD05/cpu.v Line: 48
    Info (17048): Logic cell "dout[9]" File: C:/Projects/RISCV-ELTD05/cpu.v Line: 48
    Info (17048): Logic cell "dout[10]" File: C:/Projects/RISCV-ELTD05/cpu.v Line: 48
    Info (17048): Logic cell "dout[11]" File: C:/Projects/RISCV-ELTD05/cpu.v Line: 48
    Info (17048): Logic cell "dout[12]" File: C:/Projects/RISCV-ELTD05/cpu.v Line: 48
    Info (17048): Logic cell "dout[13]" File: C:/Projects/RISCV-ELTD05/cpu.v Line: 48
    Info (17048): Logic cell "dout[14]" File: C:/Projects/RISCV-ELTD05/cpu.v Line: 48
    Info (17048): Logic cell "dout[15]" File: C:/Projects/RISCV-ELTD05/cpu.v Line: 48
    Info (17048): Logic cell "dout[16]" File: C:/Projects/RISCV-ELTD05/cpu.v Line: 48
    Info (17048): Logic cell "dout[17]" File: C:/Projects/RISCV-ELTD05/cpu.v Line: 48
    Info (17048): Logic cell "dout[18]" File: C:/Projects/RISCV-ELTD05/cpu.v Line: 48
    Info (17048): Logic cell "dout[19]" File: C:/Projects/RISCV-ELTD05/cpu.v Line: 48
    Info (17048): Logic cell "dout[20]" File: C:/Projects/RISCV-ELTD05/cpu.v Line: 48
    Info (17048): Logic cell "dout[21]" File: C:/Projects/RISCV-ELTD05/cpu.v Line: 48
    Info (17048): Logic cell "dout[22]" File: C:/Projects/RISCV-ELTD05/cpu.v Line: 48
    Info (17048): Logic cell "dout[23]" File: C:/Projects/RISCV-ELTD05/cpu.v Line: 48
    Info (17048): Logic cell "dout[24]" File: C:/Projects/RISCV-ELTD05/cpu.v Line: 48
    Info (17048): Logic cell "dout[25]" File: C:/Projects/RISCV-ELTD05/cpu.v Line: 48
    Info (17048): Logic cell "dout[26]" File: C:/Projects/RISCV-ELTD05/cpu.v Line: 48
    Info (17048): Logic cell "dout[27]" File: C:/Projects/RISCV-ELTD05/cpu.v Line: 48
    Info (17048): Logic cell "dout[28]" File: C:/Projects/RISCV-ELTD05/cpu.v Line: 48
    Info (17048): Logic cell "dout[29]" File: C:/Projects/RISCV-ELTD05/cpu.v Line: 48
    Info (17048): Logic cell "dout[30]" File: C:/Projects/RISCV-ELTD05/cpu.v Line: 48
    Info (17048): Logic cell "dout[31]" File: C:/Projects/RISCV-ELTD05/cpu.v Line: 48
    Info (17048): Logic cell "ctrl2[25]" File: C:/Projects/RISCV-ELTD05/cpu.v Line: 39
    Info (17048): Logic cell "ctrl1[2]" File: C:/Projects/RISCV-ELTD05/cpu.v Line: 38
    Info (17048): Logic cell "iAddress[0]" File: C:/Projects/RISCV-ELTD05/cpu.v Line: 52
    Info (17048): Logic cell "iAddress[2]" File: C:/Projects/RISCV-ELTD05/cpu.v Line: 52
    Info (17048): Logic cell "iAddress[3]" File: C:/Projects/RISCV-ELTD05/cpu.v Line: 52
    Info (17048): Logic cell "iAddress[4]" File: C:/Projects/RISCV-ELTD05/cpu.v Line: 52
    Info (17048): Logic cell "iAddress[5]" File: C:/Projects/RISCV-ELTD05/cpu.v Line: 52
    Info (17048): Logic cell "iAddress[6]" File: C:/Projects/RISCV-ELTD05/cpu.v Line: 52
    Info (17048): Logic cell "iAddress[7]" File: C:/Projects/RISCV-ELTD05/cpu.v Line: 52
    Info (17048): Logic cell "iAddress[8]" File: C:/Projects/RISCV-ELTD05/cpu.v Line: 52
    Info (17048): Logic cell "iAddress[9]" File: C:/Projects/RISCV-ELTD05/cpu.v Line: 52
Info (144001): Generated suppressed messages file C:/Projects/RISCV-ELTD05/output_files/cpu.map.smsg
Info (16010): Generating hard_block partition "hard_block:auto_generated_inst"
    Info (16011): Adding 1 node(s), including 0 DDIO, 1 PLL, 0 transceiver and 0 LCELL
Info (21057): Implemented 3749 device resources after synthesis - the final resource count might be different
    Info (21058): Implemented 66 input pins
    Info (21059): Implemented 197 output pins
    Info (21061): Implemented 3421 logic cells
    Info (21064): Implemented 64 RAM segments
    Info (21065): Implemented 1 PLLs
Info: Quartus Prime Analysis & Synthesis was successful. 0 errors, 8 warnings
    Info: Peak virtual memory: 4874 megabytes
    Info: Processing ended: Mon Jun 30 17:39:47 2025
    Info: Elapsed time: 00:00:27
    Info: Total CPU time (on all processors): 00:00:44


+------------------------------------------+
; Analysis & Synthesis Suppressed Messages ;
+------------------------------------------+
The suppressed messages can be found in C:/Projects/RISCV-ELTD05/output_files/cpu.map.smsg.


