Fitter report for cpu
Mon Jun 30 11:12:36 2025
Quartus Prime Version 18.1.0 Build 625 09/12/2018 SJ Lite Edition


---------------------
; Table of Contents ;
---------------------
  1. Legal Notice
  2. Fitter Summary
  3. Fitter Settings
  4. Parallel Compilation
  5. Incremental Compilation Preservation Summary
  6. Incremental Compilation Partition Settings
  7. Incremental Compilation Placement Preservation
  8. Pin-Out File
  9. Fitter Resource Usage Summary
 10. Fitter Partition Statistics
 11. Input Pins
 12. Output Pins
 13. Dual Purpose and Dedicated Pins
 14. I/O Bank Usage
 15. All Package Pins
 16. PLL Summary
 17. PLL Usage
 18. I/O Assignment Warnings
 19. Fitter Resource Utilization by Entity
 20. Delay Chain Summary
 21. Pad To Core Delay Chain Fanout
 22. Control Signals
 23. Global & Other Fast Signals
 24. Fitter RAM Summary
 25. |cpu|InstMem:IM|altsyncram:altsyncram_component|altsyncram_jv91:auto_generated|ALTSYNCRAM
 26. |cpu|datamemory:Data_Memory|altsyncram:altsyncram_component|altsyncram_28i1:auto_generated|ALTSYNCRAM
 27. Routing Usage Summary
 28. LAB Logic Elements
 29. LAB-wide Signals
 30. LAB Signals Sourced
 31. LAB Signals Sourced Out
 32. LAB Distinct Inputs
 33. I/O Rules Summary
 34. I/O Rules Details
 35. I/O Rules Matrix
 36. Fitter Device Options
 37. Operating Settings and Conditions
 38. Estimated Delay Added for Hold Timing Summary
 39. Estimated Delay Added for Hold Timing Details
 40. Fitter Messages
 41. Fitter Suppressed Messages



----------------
; Legal Notice ;
----------------
Copyright (C) 2018  Intel Corporation. All rights reserved.
Your use of Intel Corporation's design tools, logic functions 
and other software and tools, and its AMPP partner logic 
functions, and any output files from any of the foregoing 
(including device programming or simulation files), and any 
associated documentation or information are expressly subject 
to the terms and conditions of the Intel Program License 
Subscription Agreement, the Intel Quartus Prime License Agreement,
the Intel FPGA IP License Agreement, or other applicable license
agreement, including, without limitation, that your use is for
the sole purpose of programming logic devices manufactured by
Intel and sold by Intel or its authorized distributors.  Please
refer to the applicable agreement for further details.



+----------------------------------------------------------------------------------+
; Fitter Summary                                                                   ;
+------------------------------------+---------------------------------------------+
; Fitter Status                      ; Successful - Mon Jun 30 11:12:36 2025       ;
; Quartus Prime Version              ; 18.1.0 Build 625 09/12/2018 SJ Lite Edition ;
; Revision Name                      ; cpu                                         ;
; Top-level Entity Name              ; cpu                                         ;
; Family                             ; Cyclone IV GX                               ;
; Device                             ; EP4CGX150DF31I7AD                           ;
; Timing Models                      ; Final                                       ;
; Total logic elements               ; 2,246 / 149,760 ( 1 % )                     ;
;     Total combinational functions  ; 2,237 / 149,760 ( 1 % )                     ;
;     Dedicated logic registers      ; 1,218 / 149,760 ( < 1 % )                   ;
; Total registers                    ; 1218                                        ;
; Total pins                         ; 165 / 508 ( 32 % )                          ;
; Total virtual pins                 ; 0                                           ;
; Total memory bits                  ; 60,416 / 6,635,520 ( < 1 % )                ;
; Embedded Multiplier 9-bit elements ; 0 / 720 ( 0 % )                             ;
; Total GXB Receiver Channel PCS     ; 0 / 8 ( 0 % )                               ;
; Total GXB Receiver Channel PMA     ; 0 / 8 ( 0 % )                               ;
; Total GXB Transmitter Channel PCS  ; 0 / 8 ( 0 % )                               ;
; Total GXB Transmitter Channel PMA  ; 0 / 8 ( 0 % )                               ;
; Total PLLs                         ; 1 / 8 ( 13 % )                              ;
+------------------------------------+---------------------------------------------+


+----------------------------------------------------------------------------------------------------------------------------------------------------+
; Fitter Settings                                                                                                                                    ;
+--------------------------------------------------------------------+---------------------------------------+---------------------------------------+
; Option                                                             ; Setting                               ; Default Value                         ;
+--------------------------------------------------------------------+---------------------------------------+---------------------------------------+
; Device                                                             ; EP4CGX150DF31I7AD                     ;                                       ;
; Nominal Core Supply Voltage                                        ; 1.2V                                  ;                                       ;
; Minimum Core Junction Temperature                                  ; -40                                   ;                                       ;
; Maximum Core Junction Temperature                                  ; 100                                   ;                                       ;
; Fit Attempts to Skip                                               ; 0                                     ; 0.0                                   ;
; Use smart compilation                                              ; Off                                   ; Off                                   ;
; Enable parallel Assembler and Timing Analyzer during compilation   ; On                                    ; On                                    ;
; Enable compact report table                                        ; Off                                   ; Off                                   ;
; Auto Merge PLLs                                                    ; On                                    ; On                                    ;
; Router Timing Optimization Level                                   ; Normal                                ; Normal                                ;
; Perform Clocking Topology Analysis During Routing                  ; Off                                   ; Off                                   ;
; Placement Effort Multiplier                                        ; 1.0                                   ; 1.0                                   ;
; Router Effort Multiplier                                           ; 1.0                                   ; 1.0                                   ;
; Optimize Hold Timing                                               ; All Paths                             ; All Paths                             ;
; Optimize Multi-Corner Timing                                       ; On                                    ; On                                    ;
; Power Optimization During Fitting                                  ; Normal compilation                    ; Normal compilation                    ;
; SSN Optimization                                                   ; Off                                   ; Off                                   ;
; Optimize Timing                                                    ; Normal compilation                    ; Normal compilation                    ;
; Optimize Timing for ECOs                                           ; Off                                   ; Off                                   ;
; Regenerate Full Fit Report During ECO Compiles                     ; Off                                   ; Off                                   ;
; Optimize IOC Register Placement for Timing                         ; Normal                                ; Normal                                ;
; Limit to One Fitting Attempt                                       ; Off                                   ; Off                                   ;
; Final Placement Optimizations                                      ; Automatically                         ; Automatically                         ;
; Fitter Aggressive Routability Optimizations                        ; Automatically                         ; Automatically                         ;
; Fitter Initial Placement Seed                                      ; 1                                     ; 1                                     ;
; Periphery to Core Placement and Routing Optimization               ; Off                                   ; Off                                   ;
; PCI I/O                                                            ; Off                                   ; Off                                   ;
; Weak Pull-Up Resistor                                              ; Off                                   ; Off                                   ;
; Enable Bus-Hold Circuitry                                          ; Off                                   ; Off                                   ;
; Auto Packed Registers                                              ; Auto                                  ; Auto                                  ;
; Auto Delay Chains                                                  ; On                                    ; On                                    ;
; Auto Delay Chains for High Fanout Input Pins                       ; Off                                   ; Off                                   ;
; Allow Single-ended Buffer for Differential-XSTL Input              ; Off                                   ; Off                                   ;
; Treat Bidirectional Pin as Output Pin                              ; Off                                   ; Off                                   ;
; Perform Physical Synthesis for Combinational Logic for Fitting     ; Off                                   ; Off                                   ;
; Perform Physical Synthesis for Combinational Logic for Performance ; Off                                   ; Off                                   ;
; Perform Register Duplication for Performance                       ; Off                                   ; Off                                   ;
; Perform Logic to Memory Mapping for Fitting                        ; Off                                   ; Off                                   ;
; Perform Register Retiming for Performance                          ; Off                                   ; Off                                   ;
; Perform Asynchronous Signal Pipelining                             ; Off                                   ; Off                                   ;
; Fitter Effort                                                      ; Auto Fit                              ; Auto Fit                              ;
; Physical Synthesis Effort Level                                    ; Normal                                ; Normal                                ;
; Logic Cell Insertion - Logic Duplication                           ; Auto                                  ; Auto                                  ;
; Auto Register Duplication                                          ; Auto                                  ; Auto                                  ;
; Auto Global Clock                                                  ; On                                    ; On                                    ;
; Auto Global Register Control Signals                               ; On                                    ; On                                    ;
; Generate GXB Reconfig MIF                                          ; Off                                   ; Off                                   ;
; Reserve all unused pins                                            ; As input tri-stated with weak pull-up ; As input tri-stated with weak pull-up ;
; Synchronizer Identification                                        ; Auto                                  ; Auto                                  ;
; Enable Beneficial Skew Optimization                                ; On                                    ; On                                    ;
; Optimize Design for Metastability                                  ; On                                    ; On                                    ;
; Active Serial clock source                                         ; FREQ_40MHz                            ; FREQ_40MHz                            ;
; Force Fitter to Avoid Periphery Placement Warnings                 ; Off                                   ; Off                                   ;
; Enable input tri-state on active configuration pins in user mode   ; Off                                   ; Off                                   ;
+--------------------------------------------------------------------+---------------------------------------+---------------------------------------+


+------------------------------------------+
; Parallel Compilation                     ;
+----------------------------+-------------+
; Processors                 ; Number      ;
+----------------------------+-------------+
; Number detected on machine ; 8           ;
; Maximum allowed            ; 4           ;
;                            ;             ;
; Average used               ; 1.05        ;
; Maximum used               ; 4           ;
;                            ;             ;
; Usage by Processor         ; % Time Used ;
;     Processor 1            ; 100.0%      ;
;     Processor 2            ;   1.7%      ;
;     Processor 3            ;   1.6%      ;
;     Processor 4            ;   1.5%      ;
+----------------------------+-------------+


+---------------------------------------------------------------------------------------------------+
; Incremental Compilation Preservation Summary                                                      ;
+---------------------+---------------------+----------------------------+--------------------------+
; Type                ; Total [A + B]       ; From Design Partitions [A] ; From Rapid Recompile [B] ;
+---------------------+---------------------+----------------------------+--------------------------+
; Placement (by node) ;                     ;                            ;                          ;
;     -- Requested    ; 0.00 % ( 0 / 3858 ) ; 0.00 % ( 0 / 3858 )        ; 0.00 % ( 0 / 3858 )      ;
;     -- Achieved     ; 0.00 % ( 0 / 3858 ) ; 0.00 % ( 0 / 3858 )        ; 0.00 % ( 0 / 3858 )      ;
;                     ;                     ;                            ;                          ;
; Routing (by net)    ;                     ;                            ;                          ;
;     -- Requested    ; 0.00 % ( 0 / 0 )    ; 0.00 % ( 0 / 0 )           ; 0.00 % ( 0 / 0 )         ;
;     -- Achieved     ; 0.00 % ( 0 / 0 )    ; 0.00 % ( 0 / 0 )           ; 0.00 % ( 0 / 0 )         ;
+---------------------+---------------------+----------------------------+--------------------------+


+----------------------------------------------------------------------------------------------------------------------------------------------------------------------------------------+
; Incremental Compilation Partition Settings                                                                                                                                             ;
+--------------------------------+----------------+-------------------+-------------------------+------------------------+------------------------------+--------------------------------+
; Partition Name                 ; Partition Type ; Netlist Type Used ; Preservation Level Used ; Netlist Type Requested ; Preservation Level Requested ; Contents                       ;
+--------------------------------+----------------+-------------------+-------------------------+------------------------+------------------------------+--------------------------------+
; Top                            ; User-created   ; Source File       ; N/A                     ; Source File            ; N/A                          ;                                ;
; hard_block:auto_generated_inst ; Auto-generated ; Source File       ; N/A                     ; Source File            ; N/A                          ; hard_block:auto_generated_inst ;
+--------------------------------+----------------+-------------------+-------------------------+------------------------+------------------------------+--------------------------------+


+------------------------------------------------------------------------------------------------------------------------------------+
; Incremental Compilation Placement Preservation                                                                                     ;
+--------------------------------+-----------------------+-------------------------+-------------------+---------------------+-------+
; Partition Name                 ; Preservation Achieved ; Preservation Level Used ; Netlist Type Used ; Preservation Method ; Notes ;
+--------------------------------+-----------------------+-------------------------+-------------------+---------------------+-------+
; Top                            ; 0.00 % ( 0 / 3845 )   ; N/A                     ; Source File       ; N/A                 ;       ;
; hard_block:auto_generated_inst ; 0.00 % ( 0 / 13 )     ; N/A                     ; Source File       ; N/A                 ;       ;
+--------------------------------+-----------------------+-------------------------+-------------------+---------------------+-------+


+--------------+
; Pin-Out File ;
+--------------+
The pin-out file can be found in C:/Projects/RISCV-ELTD05/output_files/cpu.pin.


+----------------------------------------------------------------------------+
; Fitter Resource Usage Summary                                              ;
+---------------------------------------------+------------------------------+
; Resource                                    ; Usage                        ;
+---------------------------------------------+------------------------------+
; Total logic elements                        ; 2,246 / 149,760 ( 1 % )      ;
;     -- Combinational with no register       ; 1028                         ;
;     -- Register only                        ; 9                            ;
;     -- Combinational with a register        ; 1209                         ;
;                                             ;                              ;
; Logic element usage by number of LUT inputs ;                              ;
;     -- 4 input functions                    ; 1566                         ;
;     -- 3 input functions                    ; 336                          ;
;     -- <=2 input functions                  ; 335                          ;
;     -- Register only                        ; 9                            ;
;                                             ;                              ;
; Logic elements by mode                      ;                              ;
;     -- normal mode                          ; 2092                         ;
;     -- arithmetic mode                      ; 145                          ;
;                                             ;                              ;
; Total registers*                            ; 1,218 / 152,165 ( < 1 % )    ;
;     -- Dedicated logic registers            ; 1,218 / 149,760 ( < 1 % )    ;
;     -- I/O registers                        ; 0 / 2,405 ( 0 % )            ;
;                                             ;                              ;
; Total LABs:  partially or completely used   ; 188 / 9,360 ( 2 % )          ;
; Virtual pins                                ; 0                            ;
; I/O pins                                    ; 165 / 508 ( 32 % )           ;
;     -- Clock pins                           ; 2 / 10 ( 20 % )              ;
;     -- Dedicated input pins                 ; 0 / 25 ( 0 % )               ;
;                                             ;                              ;
; M9Ks                                        ; 7 / 720 ( < 1 % )            ;
; Total block memory bits                     ; 60,416 / 6,635,520 ( < 1 % ) ;
; Total block memory implementation bits      ; 64,512 / 6,635,520 ( < 1 % ) ;
; Embedded Multiplier 9-bit elements          ; 0 / 720 ( 0 % )              ;
; PLLs                                        ; 1 / 8 ( 13 % )               ;
; Global signals                              ; 3                            ;
;     -- Global clocks                        ; 3 / 30 ( 10 % )              ;
; JTAGs                                       ; 0 / 1 ( 0 % )                ;
; CRC blocks                                  ; 0 / 1 ( 0 % )                ;
; ASMI blocks                                 ; 0 / 1 ( 0 % )                ;
; Oscillator blocks                           ; 0 / 1 ( 0 % )                ;
; GXB Receiver channel PCSs                   ; 0 / 8 ( 0 % )                ;
; GXB Receiver channel PMAs                   ; 0 / 8 ( 0 % )                ;
; GXB Transmitter channel PCSs                ; 0 / 8 ( 0 % )                ;
; GXB Transmitter channel PMAs                ; 0 / 8 ( 0 % )                ;
; Impedance control blocks                    ; 0 / 3 ( 0 % )                ;
; Average interconnect usage (total/H/V)      ; 1.1% / 1.0% / 1.2%           ;
; Peak interconnect usage (total/H/V)         ; 23.3% / 22.6% / 24.3%        ;
; Maximum fan-out                             ; 1182                         ;
; Highest non-global fan-out                  ; 242                          ;
; Total fan-out                               ; 11666                        ;
; Average fan-out                             ; 3.06                         ;
+---------------------------------------------+------------------------------+
*  Register count does not include registers inside RAM blocks or DSP blocks.



+--------------------------------------------------------------------------------------------------------+
; Fitter Partition Statistics                                                                            ;
+---------------------------------------------+-------------------------+--------------------------------+
; Statistic                                   ; Top                     ; hard_block:auto_generated_inst ;
+---------------------------------------------+-------------------------+--------------------------------+
; Difficulty Clustering Region                ; Low                     ; Low                            ;
;                                             ;                         ;                                ;
; Total logic elements                        ; 2246 / 149760 ( 1 % )   ; 0 / 149760 ( 0 % )             ;
;     -- Combinational with no register       ; 1028                    ; 0                              ;
;     -- Register only                        ; 9                       ; 0                              ;
;     -- Combinational with a register        ; 1209                    ; 0                              ;
;                                             ;                         ;                                ;
; Logic element usage by number of LUT inputs ;                         ;                                ;
;     -- 4 input functions                    ; 1566                    ; 0                              ;
;     -- 3 input functions                    ; 336                     ; 0                              ;
;     -- <=2 input functions                  ; 335                     ; 0                              ;
;     -- Register only                        ; 9                       ; 0                              ;
;                                             ;                         ;                                ;
; Logic elements by mode                      ;                         ;                                ;
;     -- normal mode                          ; 2092                    ; 0                              ;
;     -- arithmetic mode                      ; 145                     ; 0                              ;
;                                             ;                         ;                                ;
; Total registers                             ; 1218                    ; 0                              ;
;     -- Dedicated logic registers            ; 1218 / 149760 ( < 1 % ) ; 0 / 149760 ( 0 % )             ;
;     -- I/O registers                        ; 0                       ; 0                              ;
;                                             ;                         ;                                ;
; Total LABs:  partially or completely used   ; 188 / 9360 ( 2 % )      ; 0 / 9360 ( 0 % )               ;
;                                             ;                         ;                                ;
; Virtual pins                                ; 0                       ; 0                              ;
; I/O pins                                    ; 165                     ; 0                              ;
; Embedded Multiplier 9-bit elements          ; 0 / 720 ( 0 % )         ; 0 / 720 ( 0 % )                ;
; Total memory bits                           ; 60416                   ; 0                              ;
; Total RAM block bits                        ; 64512                   ; 0                              ;
; PLL                                         ; 0 / 8 ( 0 % )           ; 1 / 8 ( 12 % )                 ;
; M9K                                         ; 7 / 720 ( < 1 % )       ; 0 / 720 ( 0 % )                ;
; Clock control block                         ; 1 / 38 ( 2 % )          ; 2 / 38 ( 5 % )                 ;
;                                             ;                         ;                                ;
; Connections                                 ;                         ;                                ;
;     -- Input Connections                    ; 1225                    ; 1                              ;
;     -- Registered Input Connections         ; 1218                    ; 0                              ;
;     -- Output Connections                   ; 1                       ; 1225                           ;
;     -- Registered Output Connections        ; 0                       ; 0                              ;
;                                             ;                         ;                                ;
; Internal Connections                        ;                         ;                                ;
;     -- Total Connections                    ; 11658                   ; 1234                           ;
;     -- Registered Connections               ; 3607                    ; 0                              ;
;                                             ;                         ;                                ;
; External Connections                        ;                         ;                                ;
;     -- Top                                  ; 0                       ; 1226                           ;
;     -- hard_block:auto_generated_inst       ; 1226                    ; 0                              ;
;                                             ;                         ;                                ;
; Partition Interface                         ;                         ;                                ;
;     -- Input Ports                          ; 66                      ; 1                              ;
;     -- Output Ports                         ; 99                      ; 2                              ;
;     -- Bidir Ports                          ; 0                       ; 0                              ;
;                                             ;                         ;                                ;
; Registered Ports                            ;                         ;                                ;
;     -- Registered Input Ports               ; 0                       ; 0                              ;
;     -- Registered Output Ports              ; 0                       ; 0                              ;
;                                             ;                         ;                                ;
; Port Connectivity                           ;                         ;                                ;
;     -- Input Ports driven by GND            ; 0                       ; 0                              ;
;     -- Output Ports driven by GND           ; 0                       ; 0                              ;
;     -- Input Ports driven by VCC            ; 0                       ; 0                              ;
;     -- Output Ports driven by VCC           ; 0                       ; 0                              ;
;     -- Input Ports with no Source           ; 0                       ; 0                              ;
;     -- Output Ports with no Source          ; 0                       ; 0                              ;
;     -- Input Ports with no Fanout           ; 0                       ; 0                              ;
;     -- Output Ports with no Fanout          ; 0                       ; 0                              ;
+---------------------------------------------+-------------------------+--------------------------------+


+------------------------------------------------------------------------------------------------------------------------------------------------------------------------------------------------------------------------------------------------------------------------------------------------------------------+
; Input Pins                                                                                                                                                                                                                                                                                                       ;
+-------------------+-------+----------+--------------+--------------+--------------+-----------------------+--------------------+--------+----------------+---------------+-----------------+----------+--------------+--------------+-------------+---------------------------+----------------------+-----------+
; Name              ; Pin # ; I/O Bank ; X coordinate ; Y coordinate ; Z coordinate ; Combinational Fan-Out ; Registered Fan-Out ; Global ; Input Register ; Power Up High ; PCI I/O Enabled ; Bus Hold ; Weak Pull Up ; I/O Standard ; Termination ; Termination Control Block ; Location assigned by ; Slew Rate ;
+-------------------+-------+----------+--------------+--------------+--------------+-----------------------+--------------------+--------+----------------+---------------+-----------------+----------+--------------+--------------+-------------+---------------------------+----------------------+-----------+
; CLK               ; V12   ; 3B       ; 7            ; 0            ; 7            ; 1                     ; 0                  ; no     ; no             ; no            ; yes             ; no       ; Off          ; 2.5 V        ; Off         ; --                        ; Fitter               ; no        ;
; Data_BUS_READ[0]  ; A13   ; 8        ; 50           ; 91           ; 14           ; 1                     ; 0                  ; no     ; no             ; no            ; yes             ; no       ; Off          ; 2.5 V        ; Off         ; --                        ; Fitter               ; no        ;
; Data_BUS_READ[10] ; G14   ; 8        ; 50           ; 91           ; 7            ; 1                     ; 0                  ; no     ; no             ; no            ; yes             ; no       ; Off          ; 2.5 V        ; Off         ; --                        ; Fitter               ; no        ;
; Data_BUS_READ[11] ; AF16  ; 4        ; 61           ; 0            ; 7            ; 1                     ; 0                  ; no     ; no             ; no            ; yes             ; no       ; Off          ; 2.5 V        ; Off         ; --                        ; Fitter               ; no        ;
; Data_BUS_READ[12] ; C21   ; 7        ; 86           ; 91           ; 14           ; 1                     ; 0                  ; no     ; no             ; no            ; yes             ; no       ; Off          ; 2.5 V        ; Off         ; --                        ; Fitter               ; no        ;
; Data_BUS_READ[13] ; G18   ; 7        ; 66           ; 91           ; 7            ; 1                     ; 0                  ; no     ; no             ; no            ; yes             ; no       ; Off          ; 2.5 V        ; Off         ; --                        ; Fitter               ; no        ;
; Data_BUS_READ[14] ; C17   ; 7        ; 63           ; 91           ; 0            ; 1                     ; 0                  ; no     ; no             ; no            ; yes             ; no       ; Off          ; 2.5 V        ; Off         ; --                        ; Fitter               ; no        ;
; Data_BUS_READ[15] ; C16   ; 8        ; 53           ; 91           ; 14           ; 1                     ; 0                  ; no     ; no             ; no            ; yes             ; no       ; Off          ; 2.5 V        ; Off         ; --                        ; Fitter               ; no        ;
; Data_BUS_READ[16] ; B13   ; 8        ; 48           ; 91           ; 14           ; 1                     ; 0                  ; no     ; no             ; no            ; yes             ; no       ; Off          ; 2.5 V        ; Off         ; --                        ; Fitter               ; no        ;
; Data_BUS_READ[17] ; A11   ; 8        ; 44           ; 91           ; 21           ; 1                     ; 0                  ; no     ; no             ; no            ; yes             ; no       ; Off          ; 2.5 V        ; Off         ; --                        ; Fitter               ; no        ;
; Data_BUS_READ[18] ; M28   ; 6        ; 117          ; 59           ; 0            ; 1                     ; 0                  ; no     ; no             ; no            ; yes             ; no       ; Off          ; 2.5 V        ; Off         ; --                        ; Fitter               ; no        ;
; Data_BUS_READ[19] ; G16   ; 7        ; 68           ; 91           ; 14           ; 1                     ; 0                  ; no     ; no             ; no            ; yes             ; no       ; Off          ; 2.5 V        ; Off         ; --                        ; Fitter               ; no        ;
; Data_BUS_READ[1]  ; A22   ; 7        ; 86           ; 91           ; 0            ; 1                     ; 0                  ; no     ; no             ; no            ; yes             ; no       ; Off          ; 2.5 V        ; Off         ; --                        ; Fitter               ; no        ;
; Data_BUS_READ[20] ; D16   ; 8        ; 53           ; 91           ; 21           ; 1                     ; 0                  ; no     ; no             ; no            ; yes             ; no       ; Off          ; 2.5 V        ; Off         ; --                        ; Fitter               ; no        ;
; Data_BUS_READ[21] ; D12   ; 8        ; 37           ; 91           ; 21           ; 1                     ; 0                  ; no     ; no             ; no            ; yes             ; no       ; Off          ; 2.5 V        ; Off         ; --                        ; Fitter               ; no        ;
; Data_BUS_READ[22] ; L27   ; 6        ; 117          ; 66           ; 0            ; 1                     ; 0                  ; no     ; no             ; no            ; yes             ; no       ; Off          ; 2.5 V        ; Off         ; --                        ; Fitter               ; no        ;
; Data_BUS_READ[23] ; A19   ; 7        ; 70           ; 91           ; 0            ; 1                     ; 0                  ; no     ; no             ; no            ; yes             ; no       ; Off          ; 2.5 V        ; Off         ; --                        ; Fitter               ; no        ;
; Data_BUS_READ[24] ; B18   ; 7        ; 70           ; 91           ; 7            ; 1                     ; 0                  ; no     ; no             ; no            ; yes             ; no       ; Off          ; 2.5 V        ; Off         ; --                        ; Fitter               ; no        ;
; Data_BUS_READ[25] ; F13   ; 8        ; 39           ; 91           ; 7            ; 1                     ; 0                  ; no     ; no             ; no            ; yes             ; no       ; Off          ; 2.5 V        ; Off         ; --                        ; Fitter               ; no        ;
; Data_BUS_READ[26] ; A24   ; 7        ; 90           ; 91           ; 0            ; 1                     ; 0                  ; no     ; no             ; no            ; yes             ; no       ; Off          ; 2.5 V        ; Off         ; --                        ; Fitter               ; no        ;
; Data_BUS_READ[27] ; A9    ; 8        ; 34           ; 91           ; 14           ; 1                     ; 0                  ; no     ; no             ; no            ; yes             ; no       ; Off          ; 2.5 V        ; Off         ; --                        ; Fitter               ; no        ;
; Data_BUS_READ[28] ; B10   ; 8        ; 39           ; 91           ; 14           ; 1                     ; 0                  ; no     ; no             ; no            ; yes             ; no       ; Off          ; 2.5 V        ; Off         ; --                        ; Fitter               ; no        ;
; Data_BUS_READ[29] ; D17   ; 7        ; 63           ; 91           ; 7            ; 1                     ; 0                  ; no     ; no             ; no            ; yes             ; no       ; Off          ; 2.5 V        ; Off         ; --                        ; Fitter               ; no        ;
; Data_BUS_READ[2]  ; F20   ; 7        ; 84           ; 91           ; 0            ; 1                     ; 0                  ; no     ; no             ; no            ; yes             ; no       ; Off          ; 2.5 V        ; Off         ; --                        ; Fitter               ; no        ;
; Data_BUS_READ[30] ; F12   ; 8        ; 37           ; 91           ; 0            ; 1                     ; 0                  ; no     ; no             ; no            ; yes             ; no       ; Off          ; 2.5 V        ; Off         ; --                        ; Fitter               ; no        ;
; Data_BUS_READ[31] ; F16   ; 8        ; 53           ; 91           ; 0            ; 1                     ; 0                  ; no     ; no             ; no            ; yes             ; no       ; Off          ; 2.5 V        ; Off         ; --                        ; Fitter               ; no        ;
; Data_BUS_READ[3]  ; B6    ; 8        ; 32           ; 91           ; 7            ; 1                     ; 0                  ; no     ; no             ; no            ; yes             ; no       ; Off          ; 2.5 V        ; Off         ; --                        ; Fitter               ; no        ;
; Data_BUS_READ[4]  ; K18   ; 7        ; 63           ; 91           ; 14           ; 1                     ; 0                  ; no     ; no             ; no            ; yes             ; no       ; Off          ; 2.5 V        ; Off         ; --                        ; Fitter               ; no        ;
; Data_BUS_READ[5]  ; A16   ; 7        ; 61           ; 91           ; 0            ; 1                     ; 0                  ; no     ; no             ; no            ; yes             ; no       ; Off          ; 2.5 V        ; Off         ; --                        ; Fitter               ; no        ;
; Data_BUS_READ[6]  ; A10   ; 8        ; 44           ; 91           ; 14           ; 1                     ; 0                  ; no     ; no             ; no            ; yes             ; no       ; Off          ; 2.5 V        ; Off         ; --                        ; Fitter               ; no        ;
; Data_BUS_READ[7]  ; E21   ; 7        ; 92           ; 91           ; 7            ; 1                     ; 0                  ; no     ; no             ; no            ; yes             ; no       ; Off          ; 2.5 V        ; Off         ; --                        ; Fitter               ; no        ;
; Data_BUS_READ[8]  ; B25   ; 7        ; 90           ; 91           ; 7            ; 1                     ; 0                  ; no     ; no             ; no            ; yes             ; no       ; Off          ; 2.5 V        ; Off         ; --                        ; Fitter               ; no        ;
; Data_BUS_READ[9]  ; N27   ; 6        ; 117          ; 56           ; 7            ; 1                     ; 0                  ; no     ; no             ; no            ; yes             ; no       ; Off          ; 2.5 V        ; Off         ; --                        ; Fitter               ; no        ;
; Prog_BUS_READ[0]  ; AK18  ; 4        ; 68           ; 0            ; 21           ; 1                     ; 0                  ; no     ; no             ; no            ; yes             ; no       ; Off          ; 2.5 V        ; Off         ; --                        ; Fitter               ; no        ;
; Prog_BUS_READ[10] ; B24   ; 7        ; 90           ; 91           ; 14           ; 0                     ; 0                  ; no     ; no             ; no            ; yes             ; no       ; Off          ; 2.5 V        ; Off         ; --                        ; Fitter               ; no        ;
; Prog_BUS_READ[11] ; AK17  ; 4        ; 66           ; 0            ; 0            ; 1                     ; 0                  ; no     ; no             ; no            ; yes             ; no       ; Off          ; 2.5 V        ; Off         ; --                        ; Fitter               ; no        ;
; Prog_BUS_READ[12] ; V26   ; 5        ; 117          ; 33           ; 0            ; 1                     ; 0                  ; no     ; no             ; no            ; yes             ; no       ; Off          ; 2.5 V        ; Off         ; --                        ; Fitter               ; no        ;
; Prog_BUS_READ[13] ; M26   ; 6        ; 117          ; 56           ; 0            ; 1                     ; 0                  ; no     ; no             ; no            ; yes             ; no       ; Off          ; 2.5 V        ; Off         ; --                        ; Fitter               ; no        ;
; Prog_BUS_READ[14] ; AD16  ; 4        ; 63           ; 0            ; 7            ; 1                     ; 0                  ; no     ; no             ; no            ; yes             ; no       ; Off          ; 2.5 V        ; Off         ; --                        ; Fitter               ; no        ;
; Prog_BUS_READ[15] ; AE16  ; 4        ; 63           ; 0            ; 0            ; 1                     ; 0                  ; no     ; no             ; no            ; yes             ; no       ; Off          ; 2.5 V        ; Off         ; --                        ; Fitter               ; no        ;
; Prog_BUS_READ[16] ; AK11  ; 3        ; 48           ; 0            ; 0            ; 1                     ; 0                  ; no     ; no             ; no            ; yes             ; no       ; Off          ; 2.5 V        ; Off         ; --                        ; Fitter               ; no        ;
; Prog_BUS_READ[17] ; A12   ; 8        ; 46           ; 91           ; 14           ; 1                     ; 0                  ; no     ; no             ; no            ; yes             ; no       ; Off          ; 2.5 V        ; Off         ; --                        ; Fitter               ; no        ;
; Prog_BUS_READ[18] ; Y17   ; 4        ; 61           ; 0            ; 21           ; 1                     ; 0                  ; no     ; no             ; no            ; yes             ; no       ; Off          ; 2.5 V        ; Off         ; --                        ; Fitter               ; no        ;
; Prog_BUS_READ[19] ; U27   ; 5        ; 117          ; 42           ; 7            ; 1                     ; 0                  ; no     ; no             ; no            ; yes             ; no       ; Off          ; 2.5 V        ; Off         ; --                        ; Fitter               ; no        ;
; Prog_BUS_READ[1]  ; N28   ; 6        ; 117          ; 55           ; 0            ; 1                     ; 0                  ; no     ; no             ; no            ; yes             ; no       ; Off          ; 2.5 V        ; Off         ; --                        ; Fitter               ; no        ;
; Prog_BUS_READ[20] ; R27   ; 6        ; 117          ; 50           ; 0            ; 1                     ; 0                  ; no     ; no             ; no            ; yes             ; no       ; Off          ; 2.5 V        ; Off         ; --                        ; Fitter               ; no        ;
; Prog_BUS_READ[21] ; AB17  ; 4        ; 66           ; 0            ; 21           ; 1                     ; 0                  ; no     ; no             ; no            ; yes             ; no       ; Off          ; 2.5 V        ; Off         ; --                        ; Fitter               ; no        ;
; Prog_BUS_READ[22] ; U30   ; 5        ; 117          ; 42           ; 0            ; 1                     ; 0                  ; no     ; no             ; no            ; yes             ; no       ; Off          ; 2.5 V        ; Off         ; --                        ; Fitter               ; no        ;
; Prog_BUS_READ[23] ; AH15  ; 3        ; 53           ; 0            ; 21           ; 1                     ; 0                  ; no     ; no             ; no            ; yes             ; no       ; Off          ; 2.5 V        ; Off         ; --                        ; Fitter               ; no        ;
; Prog_BUS_READ[24] ; AG16  ; 4        ; 61           ; 0            ; 0            ; 1                     ; 0                  ; no     ; no             ; no            ; yes             ; no       ; Off          ; 2.5 V        ; Off         ; --                        ; Fitter               ; no        ;
; Prog_BUS_READ[25] ; M21   ; 6        ; 117          ; 67           ; 0            ; 1                     ; 0                  ; no     ; no             ; no            ; yes             ; no       ; Off          ; 2.5 V        ; Off         ; --                        ; Fitter               ; no        ;
; Prog_BUS_READ[26] ; AF18  ; 4        ; 66           ; 0            ; 7            ; 1                     ; 0                  ; no     ; no             ; no            ; yes             ; no       ; Off          ; 2.5 V        ; Off         ; --                        ; Fitter               ; no        ;
; Prog_BUS_READ[27] ; AG17  ; 4        ; 68           ; 0            ; 0            ; 1                     ; 0                  ; no     ; no             ; no            ; yes             ; no       ; Off          ; 2.5 V        ; Off         ; --                        ; Fitter               ; no        ;
; Prog_BUS_READ[28] ; R24   ; 6        ; 117          ; 55           ; 7            ; 2                     ; 0                  ; no     ; no             ; no            ; yes             ; no       ; Off          ; 2.5 V        ; Off         ; --                        ; Fitter               ; no        ;
; Prog_BUS_READ[29] ; AK15  ; 4        ; 63           ; 0            ; 14           ; 2                     ; 0                  ; no     ; no             ; no            ; yes             ; no       ; Off          ; 2.5 V        ; Off         ; --                        ; Fitter               ; no        ;
; Prog_BUS_READ[2]  ; AH18  ; 4        ; 68           ; 0            ; 14           ; 1                     ; 0                  ; no     ; no             ; no            ; yes             ; no       ; Off          ; 2.5 V        ; Off         ; --                        ; Fitter               ; no        ;
; Prog_BUS_READ[30] ; R29   ; 6        ; 117          ; 48           ; 7            ; 2                     ; 0                  ; no     ; no             ; no            ; yes             ; no       ; Off          ; 2.5 V        ; Off         ; --                        ; Fitter               ; no        ;
; Prog_BUS_READ[31] ; C24   ; 7        ; 90           ; 91           ; 21           ; 2                     ; 0                  ; no     ; no             ; no            ; yes             ; no       ; Off          ; 2.5 V        ; Off         ; --                        ; Fitter               ; no        ;
; Prog_BUS_READ[3]  ; AJ18  ; 4        ; 68           ; 0            ; 7            ; 1                     ; 0                  ; no     ; no             ; no            ; yes             ; no       ; Off          ; 2.5 V        ; Off         ; --                        ; Fitter               ; no        ;
; Prog_BUS_READ[4]  ; B22   ; 7        ; 82           ; 91           ; 0            ; 1                     ; 0                  ; no     ; no             ; no            ; yes             ; no       ; Off          ; 2.5 V        ; Off         ; --                        ; Fitter               ; no        ;
; Prog_BUS_READ[5]  ; P30   ; 6        ; 117          ; 51           ; 7            ; 1                     ; 0                  ; no     ; no             ; no            ; yes             ; no       ; Off          ; 2.5 V        ; Off         ; --                        ; Fitter               ; no        ;
; Prog_BUS_READ[6]  ; G7    ; 8        ; 3            ; 91           ; 0            ; 0                     ; 0                  ; no     ; no             ; no            ; yes             ; no       ; Off          ; 2.5 V        ; Off         ; --                        ; Fitter               ; no        ;
; Prog_BUS_READ[7]  ; AA30  ; 5        ; 117          ; 32           ; 7            ; 0                     ; 0                  ; no     ; no             ; no            ; yes             ; no       ; Off          ; 2.5 V        ; Off         ; --                        ; Fitter               ; no        ;
; Prog_BUS_READ[8]  ; AH9   ; 3        ; 26           ; 0            ; 0            ; 0                     ; 0                  ; no     ; no             ; no            ; yes             ; no       ; Off          ; 2.5 V        ; Off         ; --                        ; Fitter               ; no        ;
; Prog_BUS_READ[9]  ; AH4   ; 3        ; 17           ; 0            ; 0            ; 0                     ; 0                  ; no     ; no             ; no            ; yes             ; no       ; Off          ; 2.5 V        ; Off         ; --                        ; Fitter               ; no        ;
; Reset             ; W15   ; 3A       ; 57           ; 0            ; 14           ; 73                    ; 0                  ; yes    ; no             ; no            ; yes             ; no       ; Off          ; 2.5 V        ; Off         ; --                        ; Fitter               ; no        ;
+-------------------+-------+----------+--------------+--------------+--------------+-----------------------+--------------------+--------+----------------+---------------+-----------------+----------+--------------+--------------+-------------+---------------------------+----------------------+-----------+


+---------------------------------------------------------------------------------------------------------------------------------------------------------------------------------------------------------------------------------------------------------------------------------------------------------------------------------------------------------------------------------------------------------------------------------------------------------------------+
; Output Pins                                                                                                                                                                                                                                                                                                                                                                                                                                                         ;
+--------------------+-------+----------+--------------+--------------+--------------+-----------------+------------------------+---------------+-----------+-----------------+------------+---------------+----------+--------------+--------------+------------------+-----------------------------------+---------------------------+----------------------------+-----------------------------+----------------------+----------------------+---------------------+
; Name               ; Pin # ; I/O Bank ; X coordinate ; Y coordinate ; Z coordinate ; Output Register ; Output Enable Register ; Power Up High ; Slew Rate ; PCI I/O Enabled ; Open Drain ; TRI Primitive ; Bus Hold ; Weak Pull Up ; I/O Standard ; Current Strength ; Termination                       ; Termination Control Block ; Output Buffer Pre-emphasis ; Voltage Output Differential ; Location assigned by ; Output Enable Source ; Output Enable Group ;
+--------------------+-------+----------+--------------+--------------+--------------+-----------------+------------------------+---------------+-----------+-----------------+------------+---------------+----------+--------------+--------------+------------------+-----------------------------------+---------------------------+----------------------------+-----------------------------+----------------------+----------------------+---------------------+
; ADDR[0]            ; D19   ; 7        ; 72           ; 91           ; 7            ; no              ; no                     ; no            ; 2         ; no              ; no         ; no            ; no       ; Off          ; 2.5 V        ; Default          ; Series 50 Ohm without Calibration ; --                        ; no                         ; no                          ; Fitter               ; -                    ; -                   ;
; ADDR[10]           ; J30   ; 6        ; 117          ; 62           ; 7            ; no              ; no                     ; no            ; 2         ; no              ; no         ; no            ; no       ; Off          ; 2.5 V        ; Default          ; Series 50 Ohm without Calibration ; --                        ; no                         ; no                          ; Fitter               ; -                    ; -                   ;
; ADDR[11]           ; C12   ; 8        ; 37           ; 91           ; 14           ; no              ; no                     ; no            ; 2         ; no              ; no         ; no            ; no       ; Off          ; 2.5 V        ; Default          ; Series 50 Ohm without Calibration ; --                        ; no                         ; no                          ; Fitter               ; -                    ; -                   ;
; ADDR[12]           ; D23   ; 7        ; 88           ; 91           ; 7            ; no              ; no                     ; no            ; 2         ; no              ; no         ; no            ; no       ; Off          ; 2.5 V        ; Default          ; Series 50 Ohm without Calibration ; --                        ; no                         ; no                          ; Fitter               ; -                    ; -                   ;
; ADDR[13]           ; AE18  ; 4        ; 70           ; 0            ; 0            ; no              ; no                     ; no            ; 2         ; no              ; no         ; no            ; no       ; Off          ; 2.5 V        ; Default          ; Series 50 Ohm without Calibration ; --                        ; no                         ; no                          ; Fitter               ; -                    ; -                   ;
; ADDR[14]           ; K19   ; 7        ; 63           ; 91           ; 21           ; no              ; no                     ; no            ; 2         ; no              ; no         ; no            ; no       ; Off          ; 2.5 V        ; Default          ; Series 50 Ohm without Calibration ; --                        ; no                         ; no                          ; Fitter               ; -                    ; -                   ;
; ADDR[15]           ; J29   ; 6        ; 117          ; 62           ; 0            ; no              ; no                     ; no            ; 2         ; no              ; no         ; no            ; no       ; Off          ; 2.5 V        ; Default          ; Series 50 Ohm without Calibration ; --                        ; no                         ; no                          ; Fitter               ; -                    ; -                   ;
; ADDR[16]           ; K29   ; 6        ; 117          ; 64           ; 7            ; no              ; no                     ; no            ; 2         ; no              ; no         ; no            ; no       ; Off          ; 2.5 V        ; Default          ; Series 50 Ohm without Calibration ; --                        ; no                         ; no                          ; Fitter               ; -                    ; -                   ;
; ADDR[17]           ; A17   ; 7        ; 66           ; 91           ; 14           ; no              ; no                     ; no            ; 2         ; no              ; no         ; no            ; no       ; Off          ; 2.5 V        ; Default          ; Series 50 Ohm without Calibration ; --                        ; no                         ; no                          ; Fitter               ; -                    ; -                   ;
; ADDR[18]           ; A18   ; 7        ; 66           ; 91           ; 21           ; no              ; no                     ; no            ; 2         ; no              ; no         ; no            ; no       ; Off          ; 2.5 V        ; Default          ; Series 50 Ohm without Calibration ; --                        ; no                         ; no                          ; Fitter               ; -                    ; -                   ;
; ADDR[19]           ; C14   ; 8        ; 41           ; 91           ; 0            ; no              ; no                     ; no            ; 2         ; no              ; no         ; no            ; no       ; Off          ; 2.5 V        ; Default          ; Series 50 Ohm without Calibration ; --                        ; no                         ; no                          ; Fitter               ; -                    ; -                   ;
; ADDR[1]            ; H28   ; 6        ; 117          ; 76           ; 7            ; no              ; no                     ; no            ; 2         ; no              ; no         ; no            ; no       ; Off          ; 2.5 V        ; Default          ; Series 50 Ohm without Calibration ; --                        ; no                         ; no                          ; Fitter               ; -                    ; -                   ;
; ADDR[20]           ; E18   ; 7        ; 77           ; 91           ; 14           ; no              ; no                     ; no            ; 2         ; no              ; no         ; no            ; no       ; Off          ; 2.5 V        ; Default          ; Series 50 Ohm without Calibration ; --                        ; no                         ; no                          ; Fitter               ; -                    ; -                   ;
; ADDR[21]           ; G17   ; 7        ; 79           ; 91           ; 21           ; no              ; no                     ; no            ; 2         ; no              ; no         ; no            ; no       ; Off          ; 2.5 V        ; Default          ; Series 50 Ohm without Calibration ; --                        ; no                         ; no                          ; Fitter               ; -                    ; -                   ;
; ADDR[22]           ; AH17  ; 4        ; 70           ; 0            ; 21           ; no              ; no                     ; no            ; 2         ; no              ; no         ; no            ; no       ; Off          ; 2.5 V        ; Default          ; Series 50 Ohm without Calibration ; --                        ; no                         ; no                          ; Fitter               ; -                    ; -                   ;
; ADDR[23]           ; K28   ; 6        ; 117          ; 64           ; 0            ; no              ; no                     ; no            ; 2         ; no              ; no         ; no            ; no       ; Off          ; 2.5 V        ; Default          ; Series 50 Ohm without Calibration ; --                        ; no                         ; no                          ; Fitter               ; -                    ; -                   ;
; ADDR[24]           ; H30   ; 6        ; 117          ; 61           ; 0            ; no              ; no                     ; no            ; 2         ; no              ; no         ; no            ; no       ; Off          ; 2.5 V        ; Default          ; Series 50 Ohm without Calibration ; --                        ; no                         ; no                          ; Fitter               ; -                    ; -                   ;
; ADDR[25]           ; G30   ; 6        ; 117          ; 61           ; 7            ; no              ; no                     ; no            ; 2         ; no              ; no         ; no            ; no       ; Off          ; 2.5 V        ; Default          ; Series 50 Ohm without Calibration ; --                        ; no                         ; no                          ; Fitter               ; -                    ; -                   ;
; ADDR[26]           ; D18   ; 7        ; 68           ; 91           ; 7            ; no              ; no                     ; no            ; 2         ; no              ; no         ; no            ; no       ; Off          ; 2.5 V        ; Default          ; Series 50 Ohm without Calibration ; --                        ; no                         ; no                          ; Fitter               ; -                    ; -                   ;
; ADDR[27]           ; F18   ; 7        ; 66           ; 91           ; 0            ; no              ; no                     ; no            ; 2         ; no              ; no         ; no            ; no       ; Off          ; 2.5 V        ; Default          ; Series 50 Ohm without Calibration ; --                        ; no                         ; no                          ; Fitter               ; -                    ; -                   ;
; ADDR[28]           ; F17   ; 7        ; 79           ; 91           ; 14           ; no              ; no                     ; no            ; 2         ; no              ; no         ; no            ; no       ; Off          ; 2.5 V        ; Default          ; Series 50 Ohm without Calibration ; --                        ; no                         ; no                          ; Fitter               ; -                    ; -                   ;
; ADDR[29]           ; B7    ; 8        ; 34           ; 91           ; 7            ; no              ; no                     ; no            ; 2         ; no              ; no         ; no            ; no       ; Off          ; 2.5 V        ; Default          ; Series 50 Ohm without Calibration ; --                        ; no                         ; no                          ; Fitter               ; -                    ; -                   ;
; ADDR[2]            ; G20   ; 7        ; 92           ; 91           ; 21           ; no              ; no                     ; no            ; 2         ; no              ; no         ; no            ; no       ; Off          ; 2.5 V        ; Default          ; Series 50 Ohm without Calibration ; --                        ; no                         ; no                          ; Fitter               ; -                    ; -                   ;
; ADDR[30]           ; C19   ; 7        ; 72           ; 91           ; 0            ; no              ; no                     ; no            ; 2         ; no              ; no         ; no            ; no       ; Off          ; 2.5 V        ; Default          ; Series 50 Ohm without Calibration ; --                        ; no                         ; no                          ; Fitter               ; -                    ; -                   ;
; ADDR[31]           ; D13   ; 8        ; 41           ; 91           ; 21           ; no              ; no                     ; no            ; 2         ; no              ; no         ; no            ; no       ; Off          ; 2.5 V        ; Default          ; Series 50 Ohm without Calibration ; --                        ; no                         ; no                          ; Fitter               ; -                    ; -                   ;
; ADDR[3]            ; K30   ; 6        ; 117          ; 60           ; 7            ; no              ; no                     ; no            ; 2         ; no              ; no         ; no            ; no       ; Off          ; 2.5 V        ; Default          ; Series 50 Ohm without Calibration ; --                        ; no                         ; no                          ; Fitter               ; -                    ; -                   ;
; ADDR[4]            ; AE17  ; 4        ; 66           ; 0            ; 14           ; no              ; no                     ; no            ; 2         ; no              ; no         ; no            ; no       ; Off          ; 2.5 V        ; Default          ; Series 50 Ohm without Calibration ; --                        ; no                         ; no                          ; Fitter               ; -                    ; -                   ;
; ADDR[5]            ; N24   ; 6        ; 117          ; 59           ; 7            ; no              ; no                     ; no            ; 2         ; no              ; no         ; no            ; no       ; Off          ; 2.5 V        ; Default          ; Series 50 Ohm without Calibration ; --                        ; no                         ; no                          ; Fitter               ; -                    ; -                   ;
; ADDR[6]            ; F19   ; 7        ; 92           ; 91           ; 14           ; no              ; no                     ; no            ; 2         ; no              ; no         ; no            ; no       ; Off          ; 2.5 V        ; Default          ; Series 50 Ohm without Calibration ; --                        ; no                         ; no                          ; Fitter               ; -                    ; -                   ;
; ADDR[7]            ; D29   ; 6        ; 117          ; 74           ; 0            ; no              ; no                     ; no            ; 2         ; no              ; no         ; no            ; no       ; Off          ; 2.5 V        ; Default          ; Series 50 Ohm without Calibration ; --                        ; no                         ; no                          ; Fitter               ; -                    ; -                   ;
; ADDR[8]            ; B19   ; 7        ; 75           ; 91           ; 7            ; no              ; no                     ; no            ; 2         ; no              ; no         ; no            ; no       ; Off          ; 2.5 V        ; Default          ; Series 50 Ohm without Calibration ; --                        ; no                         ; no                          ; Fitter               ; -                    ; -                   ;
; ADDR[9]            ; AJ19  ; 4        ; 70           ; 0            ; 14           ; no              ; no                     ; no            ; 2         ; no              ; no         ; no            ; no       ; Off          ; 2.5 V        ; Default          ; Series 50 Ohm without Calibration ; --                        ; no                         ; no                          ; Fitter               ; -                    ; -                   ;
; ADDR_Prog[0]       ; T24   ; 5        ; 117          ; 43           ; 7            ; no              ; no                     ; no            ; 2         ; no              ; no         ; no            ; no       ; Off          ; 2.5 V        ; Default          ; Series 50 Ohm without Calibration ; --                        ; no                         ; no                          ; Fitter               ; -                    ; -                   ;
; ADDR_Prog[10]      ; W25   ; 5        ; 117          ; 36           ; 7            ; no              ; no                     ; no            ; 2         ; no              ; no         ; no            ; no       ; Off          ; 2.5 V        ; Default          ; Series 50 Ohm without Calibration ; --                        ; no                         ; no                          ; Fitter               ; -                    ; -                   ;
; ADDR_Prog[11]      ; N26   ; 6        ; 117          ; 53           ; 7            ; no              ; no                     ; no            ; 2         ; no              ; no         ; no            ; no       ; Off          ; 2.5 V        ; Default          ; Series 50 Ohm without Calibration ; --                        ; no                         ; no                          ; Fitter               ; -                    ; -                   ;
; ADDR_Prog[12]      ; V28   ; 5        ; 117          ; 39           ; 0            ; no              ; no                     ; no            ; 2         ; no              ; no         ; no            ; no       ; Off          ; 2.5 V        ; Default          ; Series 50 Ohm without Calibration ; --                        ; no                         ; no                          ; Fitter               ; -                    ; -                   ;
; ADDR_Prog[13]      ; C20   ; 7        ; 77           ; 91           ; 0            ; no              ; no                     ; no            ; 2         ; no              ; no         ; no            ; no       ; Off          ; 2.5 V        ; Default          ; Series 50 Ohm without Calibration ; --                        ; no                         ; no                          ; Fitter               ; -                    ; -                   ;
; ADDR_Prog[14]      ; D20   ; 7        ; 77           ; 91           ; 7            ; no              ; no                     ; no            ; 2         ; no              ; no         ; no            ; no       ; Off          ; 2.5 V        ; Default          ; Series 50 Ohm without Calibration ; --                        ; no                         ; no                          ; Fitter               ; -                    ; -                   ;
; ADDR_Prog[15]      ; AG19  ; 4        ; 77           ; 0            ; 21           ; no              ; no                     ; no            ; 2         ; no              ; no         ; no            ; no       ; Off          ; 2.5 V        ; Default          ; Series 50 Ohm without Calibration ; --                        ; no                         ; no                          ; Fitter               ; -                    ; -                   ;
; ADDR_Prog[16]      ; W27   ; 5        ; 117          ; 38           ; 7            ; no              ; no                     ; no            ; 2         ; no              ; no         ; no            ; no       ; Off          ; 2.5 V        ; Default          ; Series 50 Ohm without Calibration ; --                        ; no                         ; no                          ; Fitter               ; -                    ; -                   ;
; ADDR_Prog[17]      ; M30   ; 6        ; 117          ; 57           ; 0            ; no              ; no                     ; no            ; 2         ; no              ; no         ; no            ; no       ; Off          ; 2.5 V        ; Default          ; Series 50 Ohm without Calibration ; --                        ; no                         ; no                          ; Fitter               ; -                    ; -                   ;
; ADDR_Prog[18]      ; N29   ; 6        ; 117          ; 54           ; 7            ; no              ; no                     ; no            ; 2         ; no              ; no         ; no            ; no       ; Off          ; 2.5 V        ; Default          ; Series 50 Ohm without Calibration ; --                        ; no                         ; no                          ; Fitter               ; -                    ; -                   ;
; ADDR_Prog[19]      ; W26   ; 5        ; 117          ; 35           ; 0            ; no              ; no                     ; no            ; 2         ; no              ; no         ; no            ; no       ; Off          ; 2.5 V        ; Default          ; Series 50 Ohm without Calibration ; --                        ; no                         ; no                          ; Fitter               ; -                    ; -                   ;
; ADDR_Prog[1]       ; AK19  ; 4        ; 70           ; 0            ; 7            ; no              ; no                     ; no            ; 2         ; no              ; no         ; no            ; no       ; Off          ; 2.5 V        ; Default          ; Series 50 Ohm without Calibration ; --                        ; no                         ; no                          ; Fitter               ; -                    ; -                   ;
; ADDR_Prog[20]      ; N25   ; 6        ; 117          ; 57           ; 7            ; no              ; no                     ; no            ; 2         ; no              ; no         ; no            ; no       ; Off          ; 2.5 V        ; Default          ; Series 50 Ohm without Calibration ; --                        ; no                         ; no                          ; Fitter               ; -                    ; -                   ;
; ADDR_Prog[21]      ; P27   ; 6        ; 117          ; 52           ; 0            ; no              ; no                     ; no            ; 2         ; no              ; no         ; no            ; no       ; Off          ; 2.5 V        ; Default          ; Series 50 Ohm without Calibration ; --                        ; no                         ; no                          ; Fitter               ; -                    ; -                   ;
; ADDR_Prog[22]      ; U28   ; 5        ; 117          ; 41           ; 0            ; no              ; no                     ; no            ; 2         ; no              ; no         ; no            ; no       ; Off          ; 2.5 V        ; Default          ; Series 50 Ohm without Calibration ; --                        ; no                         ; no                          ; Fitter               ; -                    ; -                   ;
; ADDR_Prog[23]      ; U25   ; 5        ; 117          ; 35           ; 7            ; no              ; no                     ; no            ; 2         ; no              ; no         ; no            ; no       ; Off          ; 2.5 V        ; Default          ; Series 50 Ohm without Calibration ; --                        ; no                         ; no                          ; Fitter               ; -                    ; -                   ;
; ADDR_Prog[24]      ; C22   ; 7        ; 82           ; 91           ; 7            ; no              ; no                     ; no            ; 2         ; no              ; no         ; no            ; no       ; Off          ; 2.5 V        ; Default          ; Series 50 Ohm without Calibration ; --                        ; no                         ; no                          ; Fitter               ; -                    ; -                   ;
; ADDR_Prog[25]      ; E19   ; 7        ; 77           ; 91           ; 21           ; no              ; no                     ; no            ; 2         ; no              ; no         ; no            ; no       ; Off          ; 2.5 V        ; Default          ; Series 50 Ohm without Calibration ; --                        ; no                         ; no                          ; Fitter               ; -                    ; -                   ;
; ADDR_Prog[26]      ; P28   ; 6        ; 117          ; 52           ; 7            ; no              ; no                     ; no            ; 2         ; no              ; no         ; no            ; no       ; Off          ; 2.5 V        ; Default          ; Series 50 Ohm without Calibration ; --                        ; no                         ; no                          ; Fitter               ; -                    ; -                   ;
; ADDR_Prog[27]      ; T27   ; 5        ; 117          ; 44           ; 7            ; no              ; no                     ; no            ; 2         ; no              ; no         ; no            ; no       ; Off          ; 2.5 V        ; Default          ; Series 50 Ohm without Calibration ; --                        ; no                         ; no                          ; Fitter               ; -                    ; -                   ;
; ADDR_Prog[28]      ; C25   ; 7        ; 95           ; 91           ; 0            ; no              ; no                     ; no            ; 2         ; no              ; no         ; no            ; no       ; Off          ; 2.5 V        ; Default          ; Series 50 Ohm without Calibration ; --                        ; no                         ; no                          ; Fitter               ; -                    ; -                   ;
; ADDR_Prog[29]      ; R30   ; 6        ; 117          ; 51           ; 0            ; no              ; no                     ; no            ; 2         ; no              ; no         ; no            ; no       ; Off          ; 2.5 V        ; Default          ; Series 50 Ohm without Calibration ; --                        ; no                         ; no                          ; Fitter               ; -                    ; -                   ;
; ADDR_Prog[2]       ; AG18  ; 4        ; 75           ; 0            ; 14           ; no              ; no                     ; no            ; 2         ; no              ; no         ; no            ; no       ; Off          ; 2.5 V        ; Default          ; Series 50 Ohm without Calibration ; --                        ; no                         ; no                          ; Fitter               ; -                    ; -                   ;
; ADDR_Prog[30]      ; R28   ; 6        ; 117          ; 50           ; 7            ; no              ; no                     ; no            ; 2         ; no              ; no         ; no            ; no       ; Off          ; 2.5 V        ; Default          ; Series 50 Ohm without Calibration ; --                        ; no                         ; no                          ; Fitter               ; -                    ; -                   ;
; ADDR_Prog[31]      ; T28   ; 6        ; 117          ; 48           ; 0            ; no              ; no                     ; no            ; 2         ; no              ; no         ; no            ; no       ; Off          ; 2.5 V        ; Default          ; Series 50 Ohm without Calibration ; --                        ; no                         ; no                          ; Fitter               ; -                    ; -                   ;
; ADDR_Prog[3]       ; T23   ; 5        ; 117          ; 43           ; 0            ; no              ; no                     ; no            ; 2         ; no              ; no         ; no            ; no       ; Off          ; 2.5 V        ; Default          ; Series 50 Ohm without Calibration ; --                        ; no                         ; no                          ; Fitter               ; -                    ; -                   ;
; ADDR_Prog[4]       ; C26   ; 7        ; 99           ; 91           ; 14           ; no              ; no                     ; no            ; 2         ; no              ; no         ; no            ; no       ; Off          ; 2.5 V        ; Default          ; Series 50 Ohm without Calibration ; --                        ; no                         ; no                          ; Fitter               ; -                    ; -                   ;
; ADDR_Prog[5]       ; V27   ; 5        ; 117          ; 41           ; 7            ; no              ; no                     ; no            ; 2         ; no              ; no         ; no            ; no       ; Off          ; 2.5 V        ; Default          ; Series 50 Ohm without Calibration ; --                        ; no                         ; no                          ; Fitter               ; -                    ; -                   ;
; ADDR_Prog[6]       ; P25   ; 6        ; 117          ; 54           ; 0            ; no              ; no                     ; no            ; 2         ; no              ; no         ; no            ; no       ; Off          ; 2.5 V        ; Default          ; Series 50 Ohm without Calibration ; --                        ; no                         ; no                          ; Fitter               ; -                    ; -                   ;
; ADDR_Prog[7]       ; R26   ; 6        ; 117          ; 49           ; 7            ; no              ; no                     ; no            ; 2         ; no              ; no         ; no            ; no       ; Off          ; 2.5 V        ; Default          ; Series 50 Ohm without Calibration ; --                        ; no                         ; no                          ; Fitter               ; -                    ; -                   ;
; ADDR_Prog[8]       ; R25   ; 6        ; 117          ; 49           ; 0            ; no              ; no                     ; no            ; 2         ; no              ; no         ; no            ; no       ; Off          ; 2.5 V        ; Default          ; Series 50 Ohm without Calibration ; --                        ; no                         ; no                          ; Fitter               ; -                    ; -                   ;
; ADDR_Prog[9]       ; N30   ; 6        ; 117          ; 53           ; 0            ; no              ; no                     ; no            ; 2         ; no              ; no         ; no            ; no       ; Off          ; 2.5 V        ; Default          ; Series 50 Ohm without Calibration ; --                        ; no                         ; no                          ; Fitter               ; -                    ; -                   ;
; CS                 ; K17   ; 7        ; 61           ; 91           ; 14           ; no              ; no                     ; no            ; 2         ; no              ; no         ; no            ; no       ; Off          ; 2.5 V        ; Default          ; Series 50 Ohm without Calibration ; --                        ; no                         ; no                          ; Fitter               ; -                    ; -                   ;
; CS_P               ; T26   ; 5        ; 117          ; 44           ; 0            ; no              ; no                     ; no            ; 2         ; no              ; no         ; no            ; no       ; Off          ; 2.5 V        ; Default          ; Series 50 Ohm without Calibration ; --                        ; no                         ; no                          ; Fitter               ; -                    ; -                   ;
; Data_BUS_WRITE[0]  ; C23   ; 7        ; 88           ; 91           ; 0            ; no              ; no                     ; no            ; 2         ; no              ; no         ; no            ; no       ; Off          ; 2.5 V        ; Default          ; Series 50 Ohm without Calibration ; --                        ; no                         ; no                          ; Fitter               ; -                    ; -                   ;
; Data_BUS_WRITE[10] ; L28   ; 6        ; 117          ; 66           ; 7            ; no              ; no                     ; no            ; 2         ; no              ; no         ; no            ; no       ; Off          ; 2.5 V        ; Default          ; Series 50 Ohm without Calibration ; --                        ; no                         ; no                          ; Fitter               ; -                    ; -                   ;
; Data_BUS_WRITE[11] ; G15   ; 8        ; 53           ; 91           ; 7            ; no              ; no                     ; no            ; 2         ; no              ; no         ; no            ; no       ; Off          ; 2.5 V        ; Default          ; Series 50 Ohm without Calibration ; --                        ; no                         ; no                          ; Fitter               ; -                    ; -                   ;
; Data_BUS_WRITE[12] ; B12   ; 8        ; 46           ; 91           ; 21           ; no              ; no                     ; no            ; 2         ; no              ; no         ; no            ; no       ; Off          ; 2.5 V        ; Default          ; Series 50 Ohm without Calibration ; --                        ; no                         ; no                          ; Fitter               ; -                    ; -                   ;
; Data_BUS_WRITE[13] ; A20   ; 7        ; 75           ; 91           ; 0            ; no              ; no                     ; no            ; 2         ; no              ; no         ; no            ; no       ; Off          ; 2.5 V        ; Default          ; Series 50 Ohm without Calibration ; --                        ; no                         ; no                          ; Fitter               ; -                    ; -                   ;
; Data_BUS_WRITE[14] ; E13   ; 8        ; 39           ; 91           ; 0            ; no              ; no                     ; no            ; 2         ; no              ; no         ; no            ; no       ; Off          ; 2.5 V        ; Default          ; Series 50 Ohm without Calibration ; --                        ; no                         ; no                          ; Fitter               ; -                    ; -                   ;
; Data_BUS_WRITE[15] ; A14   ; 8        ; 50           ; 91           ; 21           ; no              ; no                     ; no            ; 2         ; no              ; no         ; no            ; no       ; Off          ; 2.5 V        ; Default          ; Series 50 Ohm without Calibration ; --                        ; no                         ; no                          ; Fitter               ; -                    ; -                   ;
; Data_BUS_WRITE[16] ; AA17  ; 4        ; 61           ; 0            ; 14           ; no              ; no                     ; no            ; 2         ; no              ; no         ; no            ; no       ; Off          ; 2.5 V        ; Default          ; Series 50 Ohm without Calibration ; --                        ; no                         ; no                          ; Fitter               ; -                    ; -                   ;
; Data_BUS_WRITE[17] ; M29   ; 6        ; 117          ; 58           ; 7            ; no              ; no                     ; no            ; 2         ; no              ; no         ; no            ; no       ; Off          ; 2.5 V        ; Default          ; Series 50 Ohm without Calibration ; --                        ; no                         ; no                          ; Fitter               ; -                    ; -                   ;
; Data_BUS_WRITE[18] ; A23   ; 7        ; 86           ; 91           ; 7            ; no              ; no                     ; no            ; 2         ; no              ; no         ; no            ; no       ; Off          ; 2.5 V        ; Default          ; Series 50 Ohm without Calibration ; --                        ; no                         ; no                          ; Fitter               ; -                    ; -                   ;
; Data_BUS_WRITE[19] ; D14   ; 8        ; 41           ; 91           ; 7            ; no              ; no                     ; no            ; 2         ; no              ; no         ; no            ; no       ; Off          ; 2.5 V        ; Default          ; Series 50 Ohm without Calibration ; --                        ; no                         ; no                          ; Fitter               ; -                    ; -                   ;
; Data_BUS_WRITE[1]  ; M22   ; 6        ; 117          ; 67           ; 7            ; no              ; no                     ; no            ; 2         ; no              ; no         ; no            ; no       ; Off          ; 2.5 V        ; Default          ; Series 50 Ohm without Calibration ; --                        ; no                         ; no                          ; Fitter               ; -                    ; -                   ;
; Data_BUS_WRITE[20] ; N21   ; 6        ; 117          ; 65           ; 7            ; no              ; no                     ; no            ; 2         ; no              ; no         ; no            ; no       ; Off          ; 2.5 V        ; Default          ; Series 50 Ohm without Calibration ; --                        ; no                         ; no                          ; Fitter               ; -                    ; -                   ;
; Data_BUS_WRITE[21] ; L30   ; 6        ; 117          ; 60           ; 0            ; no              ; no                     ; no            ; 2         ; no              ; no         ; no            ; no       ; Off          ; 2.5 V        ; Default          ; Series 50 Ohm without Calibration ; --                        ; no                         ; no                          ; Fitter               ; -                    ; -                   ;
; Data_BUS_WRITE[22] ; A21   ; 7        ; 79           ; 91           ; 0            ; no              ; no                     ; no            ; 2         ; no              ; no         ; no            ; no       ; Off          ; 2.5 V        ; Default          ; Series 50 Ohm without Calibration ; --                        ; no                         ; no                          ; Fitter               ; -                    ; -                   ;
; Data_BUS_WRITE[23] ; C15   ; 8        ; 44           ; 91           ; 0            ; no              ; no                     ; no            ; 2         ; no              ; no         ; no            ; no       ; Off          ; 2.5 V        ; Default          ; Series 50 Ohm without Calibration ; --                        ; no                         ; no                          ; Fitter               ; -                    ; -                   ;
; Data_BUS_WRITE[24] ; F21   ; 7        ; 84           ; 91           ; 7            ; no              ; no                     ; no            ; 2         ; no              ; no         ; no            ; no       ; Off          ; 2.5 V        ; Default          ; Series 50 Ohm without Calibration ; --                        ; no                         ; no                          ; Fitter               ; -                    ; -                   ;
; Data_BUS_WRITE[25] ; D15   ; 8        ; 44           ; 91           ; 7            ; no              ; no                     ; no            ; 2         ; no              ; no         ; no            ; no       ; Off          ; 2.5 V        ; Default          ; Series 50 Ohm without Calibration ; --                        ; no                         ; no                          ; Fitter               ; -                    ; -                   ;
; Data_BUS_WRITE[26] ; M25   ; 6        ; 117          ; 58           ; 0            ; no              ; no                     ; no            ; 2         ; no              ; no         ; no            ; no       ; Off          ; 2.5 V        ; Default          ; Series 50 Ohm without Calibration ; --                        ; no                         ; no                          ; Fitter               ; -                    ; -                   ;
; Data_BUS_WRITE[27] ; C13   ; 8        ; 41           ; 91           ; 14           ; no              ; no                     ; no            ; 2         ; no              ; no         ; no            ; no       ; Off          ; 2.5 V        ; Default          ; Series 50 Ohm without Calibration ; --                        ; no                         ; no                          ; Fitter               ; -                    ; -                   ;
; Data_BUS_WRITE[28] ; G13   ; 8        ; 50           ; 91           ; 0            ; no              ; no                     ; no            ; 2         ; no              ; no         ; no            ; no       ; Off          ; 2.5 V        ; Default          ; Series 50 Ohm without Calibration ; --                        ; no                         ; no                          ; Fitter               ; -                    ; -                   ;
; Data_BUS_WRITE[29] ; C10   ; 8        ; 39           ; 91           ; 21           ; no              ; no                     ; no            ; 2         ; no              ; no         ; no            ; no       ; Off          ; 2.5 V        ; Default          ; Series 50 Ohm without Calibration ; --                        ; no                         ; no                          ; Fitter               ; -                    ; -                   ;
; Data_BUS_WRITE[2]  ; E16   ; 8        ; 48           ; 91           ; 0            ; no              ; no                     ; no            ; 2         ; no              ; no         ; no            ; no       ; Off          ; 2.5 V        ; Default          ; Series 50 Ohm without Calibration ; --                        ; no                         ; no                          ; Fitter               ; -                    ; -                   ;
; Data_BUS_WRITE[30] ; M27   ; 6        ; 117          ; 60           ; 14           ; no              ; no                     ; no            ; 2         ; no              ; no         ; no            ; no       ; Off          ; 2.5 V        ; Default          ; Series 50 Ohm without Calibration ; --                        ; no                         ; no                          ; Fitter               ; -                    ; -                   ;
; Data_BUS_WRITE[31] ; D21   ; 7        ; 92           ; 91           ; 0            ; no              ; no                     ; no            ; 2         ; no              ; no         ; no            ; no       ; Off          ; 2.5 V        ; Default          ; Series 50 Ohm without Calibration ; --                        ; no                         ; no                          ; Fitter               ; -                    ; -                   ;
; Data_BUS_WRITE[3]  ; B16   ; 7        ; 61           ; 91           ; 7            ; no              ; no                     ; no            ; 2         ; no              ; no         ; no            ; no       ; Off          ; 2.5 V        ; Default          ; Series 50 Ohm without Calibration ; --                        ; no                         ; no                          ; Fitter               ; -                    ; -                   ;
; Data_BUS_WRITE[4]  ; L25   ; 6        ; 117          ; 68           ; 0            ; no              ; no                     ; no            ; 2         ; no              ; no         ; no            ; no       ; Off          ; 2.5 V        ; Default          ; Series 50 Ohm without Calibration ; --                        ; no                         ; no                          ; Fitter               ; -                    ; -                   ;
; Data_BUS_WRITE[5]  ; B21   ; 7        ; 79           ; 91           ; 7            ; no              ; no                     ; no            ; 2         ; no              ; no         ; no            ; no       ; Off          ; 2.5 V        ; Default          ; Series 50 Ohm without Calibration ; --                        ; no                         ; no                          ; Fitter               ; -                    ; -                   ;
; Data_BUS_WRITE[6]  ; F15   ; 8        ; 48           ; 91           ; 7            ; no              ; no                     ; no            ; 2         ; no              ; no         ; no            ; no       ; Off          ; 2.5 V        ; Default          ; Series 50 Ohm without Calibration ; --                        ; no                         ; no                          ; Fitter               ; -                    ; -                   ;
; Data_BUS_WRITE[7]  ; P21   ; 6        ; 117          ; 65           ; 0            ; no              ; no                     ; no            ; 2         ; no              ; no         ; no            ; no       ; Off          ; 2.5 V        ; Default          ; Series 50 Ohm without Calibration ; --                        ; no                         ; no                          ; Fitter               ; -                    ; -                   ;
; Data_BUS_WRITE[8]  ; F14   ; 8        ; 46           ; 91           ; 7            ; no              ; no                     ; no            ; 2         ; no              ; no         ; no            ; no       ; Off          ; 2.5 V        ; Default          ; Series 50 Ohm without Calibration ; --                        ; no                         ; no                          ; Fitter               ; -                    ; -                   ;
; Data_BUS_WRITE[9]  ; C18   ; 7        ; 68           ; 91           ; 0            ; no              ; no                     ; no            ; 2         ; no              ; no         ; no            ; no       ; Off          ; 2.5 V        ; Default          ; Series 50 Ohm without Calibration ; --                        ; no                         ; no                          ; Fitter               ; -                    ; -                   ;
; WE                 ; E15   ; 8        ; 46           ; 91           ; 0            ; no              ; no                     ; no            ; 2         ; no              ; no         ; no            ; no       ; Off          ; 2.5 V        ; Default          ; Series 50 Ohm without Calibration ; --                        ; no                         ; no                          ; Fitter               ; -                    ; -                   ;
+--------------------+-------+----------+--------------+--------------+--------------+-----------------+------------------------+---------------+-----------+-----------------+------------+---------------+----------+--------------+--------------+------------------+-----------------------------------+---------------------------+----------------------------+-----------------------------+----------------------+----------------------+---------------------+


+----------------------------------------------------------------------------------------------------------+
; Dual Purpose and Dedicated Pins                                                                          ;
+----------+------------------+--------------------------+---------------------+---------------------------+
; Location ; Pin Name         ; Reserved As              ; User Signal Name    ; Pin Type                  ;
+----------+------------------+--------------------------+---------------------+---------------------------+
; AC8      ; MSEL3            ; -                        ; -                   ; Dedicated Programming Pin ;
; AC7      ; MSEL2            ; -                        ; -                   ; Dedicated Programming Pin ;
; AD8      ; MSEL1            ; -                        ; -                   ; Dedicated Programming Pin ;
; AD7      ; MSEL0            ; -                        ; -                   ; Dedicated Programming Pin ;
; AB9      ; CONF_DONE        ; -                        ; -                   ; Dedicated Programming Pin ;
; AJ1      ; nSTATUS          ; -                        ; -                   ; Dedicated Programming Pin ;
; AE7      ; DIFFIO_B1n, NCEO ; Use as programming pin   ; ~ALTERA_NCEO~       ; Dual Purpose Pin          ;
; A3       ; DATA0            ; As input tri-stated      ; ~ALTERA_DATA0~      ; Dual Purpose Pin          ;
; G9       ; DATA1, ASDO      ; As input tri-stated      ; ~ALTERA_ASDO_DATA1~ ; Dual Purpose Pin          ;
; B4       ; NCSO             ; As input tri-stated      ; ~ALTERA_NCSO~       ; Dual Purpose Pin          ;
; B3       ; DCLK             ; As output driving ground ; ~ALTERA_DCLK~       ; Dual Purpose Pin          ;
; B1       ; nCONFIG          ; -                        ; -                   ; Dedicated Programming Pin ;
; C1       ; nCE              ; -                        ; -                   ; Dedicated Programming Pin ;
+----------+------------------+--------------------------+---------------------+---------------------------+


+-------------------------------------------------------------------------------+
; I/O Bank Usage                                                                ;
+----------+------------------+---------------+--------------+------------------+
; I/O Bank ; Usage            ; VCCIO Voltage ; VREF Voltage ; VCCCLKIN Voltage ;
+----------+------------------+---------------+--------------+------------------+
; QL1      ; 0 / 16 ( 0 % )   ; --            ; --           ; --               ;
; QL0      ; 0 / 16 ( 0 % )   ; --            ; --           ; --               ;
; 3        ; 5 / 82 ( 6 % )   ; 2.5V          ; --           ; --               ;
; 3B       ; 1 / 4 ( 25 % )   ; --            ; --           ; 2.5V             ;
; 3A       ; 1 / 2 ( 50 % )   ; --            ; --           ; 2.5V             ;
; 4        ; 21 / 82 ( 26 % ) ; 2.5V          ; --           ; --               ;
; 5        ; 15 / 66 ( 23 % ) ; 2.5V          ; --           ; --               ;
; 6        ; 42 / 69 ( 61 % ) ; 2.5V          ; --           ; --               ;
; 7        ; 47 / 80 ( 59 % ) ; 2.5V          ; --           ; --               ;
; 8A       ; 0 / 2 ( 0 % )    ; --            ; --           ; 2.5V             ;
; 8        ; 34 / 81 ( 42 % ) ; 2.5V          ; --           ; --               ;
; 8B       ; 0 / 4 ( 0 % )    ; --            ; --           ; 2.5V             ;
; 9        ; 4 / 4 ( 100 % )  ; 2.5V          ; --           ; --               ;
+----------+------------------+---------------+--------------+------------------+


+-------------------------------------------------------------------------------------------------------------------------------------------------------------------------------------+
; All Package Pins                                                                                                                                                                    ;
+----------+------------+----------+-------------------------------------------------------+--------+--------------+---------+------------+-----------------+----------+--------------+
; Location ; Pad Number ; I/O Bank ; Pin Name/Usage                                        ; Dir.   ; I/O Standard ; Voltage ; I/O Type   ; User Assignment ; Bus Hold ; Weak Pull Up ;
+----------+------------+----------+-------------------------------------------------------+--------+--------------+---------+------------+-----------------+----------+--------------+
; A2       ;            ;          ; NC                                                    ;        ;              ;         ; --         ;                 ; --       ; --           ;
; A3       ; 510        ; 9        ; ~ALTERA_DATA0~ / RESERVED_INPUT_WITH_WEAK_PULLUP      ; input  ; 2.5 V        ;         ; Column I/O ; N               ; no       ; On           ;
; A4       ; 505        ; 8        ; RESERVED_INPUT_WITH_WEAK_PULLUP                       ;        ;              ;         ; Column I/O ;                 ; no       ; On           ;
; A5       ; 465        ; 8        ; RESERVED_INPUT_WITH_WEAK_PULLUP                       ;        ;              ;         ; Column I/O ;                 ; no       ; On           ;
; A6       ; 466        ; 8        ; RESERVED_INPUT_WITH_WEAK_PULLUP                       ;        ;              ;         ; Column I/O ;                 ; no       ; On           ;
; A7       ; 460        ; 8        ; RESERVED_INPUT_WITH_WEAK_PULLUP                       ;        ;              ;         ; Column I/O ;                 ; no       ; On           ;
; A8       ; 456        ; 8        ; RESERVED_INPUT_WITH_WEAK_PULLUP                       ;        ;              ;         ; Column I/O ;                 ; no       ; On           ;
; A9       ; 458        ; 8        ; Data_BUS_READ[27]                                     ; input  ; 2.5 V        ;         ; Column I/O ; N               ; no       ; Off          ;
; A10      ; 442        ; 8        ; Data_BUS_READ[6]                                      ; input  ; 2.5 V        ;         ; Column I/O ; N               ; no       ; Off          ;
; A11      ; 443        ; 8        ; Data_BUS_READ[17]                                     ; input  ; 2.5 V        ;         ; Column I/O ; N               ; no       ; Off          ;
; A12      ; 438        ; 8        ; Prog_BUS_READ[17]                                     ; input  ; 2.5 V        ;         ; Column I/O ; N               ; no       ; Off          ;
; A13      ; 431        ; 8        ; Data_BUS_READ[0]                                      ; input  ; 2.5 V        ;         ; Column I/O ; N               ; no       ; Off          ;
; A14      ; 432        ; 8        ; Data_BUS_WRITE[15]                                    ; output ; 2.5 V        ;         ; Column I/O ; N               ; no       ; Off          ;
; A15      ; 421        ; 7        ; GND+                                                  ;        ;              ;         ; Column I/O ;                 ; --       ; --           ;
; A16      ; 418        ; 7        ; Data_BUS_READ[5]                                      ; input  ; 2.5 V        ;         ; Column I/O ; N               ; no       ; Off          ;
; A17      ; 412        ; 7        ; ADDR[17]                                              ; output ; 2.5 V        ;         ; Column I/O ; N               ; no       ; Off          ;
; A18      ; 413        ; 7        ; ADDR[18]                                              ; output ; 2.5 V        ;         ; Column I/O ; N               ; no       ; Off          ;
; A19      ; 405        ; 7        ; Data_BUS_READ[23]                                     ; input  ; 2.5 V        ;         ; Column I/O ; N               ; no       ; Off          ;
; A20      ; 401        ; 7        ; Data_BUS_WRITE[13]                                    ; output ; 2.5 V        ;         ; Column I/O ; N               ; no       ; Off          ;
; A21      ; 393        ; 7        ; Data_BUS_WRITE[22]                                    ; output ; 2.5 V        ;         ; Column I/O ; N               ; no       ; Off          ;
; A22      ; 386        ; 7        ; Data_BUS_READ[1]                                      ; input  ; 2.5 V        ;         ; Column I/O ; N               ; no       ; Off          ;
; A23      ; 387        ; 7        ; Data_BUS_WRITE[18]                                    ; output ; 2.5 V        ;         ; Column I/O ; N               ; no       ; Off          ;
; A24      ; 380        ; 7        ; Data_BUS_READ[26]                                     ; input  ; 2.5 V        ;         ; Column I/O ; N               ; no       ; Off          ;
; A25      ; 370        ; 7        ; RESERVED_INPUT_WITH_WEAK_PULLUP                       ;        ;              ;         ; Column I/O ;                 ; no       ; On           ;
; A26      ; 371        ; 7        ; RESERVED_INPUT_WITH_WEAK_PULLUP                       ;        ;              ;         ; Column I/O ;                 ; no       ; On           ;
; A27      ; 364        ; 7        ; RESERVED_INPUT_WITH_WEAK_PULLUP                       ;        ;              ;         ; Column I/O ;                 ; no       ; On           ;
; A28      ; 362        ; 7        ; RESERVED_INPUT_WITH_WEAK_PULLUP                       ;        ;              ;         ; Column I/O ;                 ; no       ; On           ;
; A29      ; 357        ; 7        ; RESERVED_INPUT_WITH_WEAK_PULLUP                       ;        ;              ;         ; Column I/O ;                 ; no       ; On           ;
; AA1      ; 27         ; QL0      ; GXB_GND*                                              ;        ;              ;         ; --         ;                 ; --       ; --           ;
; AA2      ; 26         ; QL0      ; GXB_GND*                                              ;        ;              ;         ; --         ;                 ; --       ; --           ;
; AA3      ;            ;          ; GND                                                   ; gnd    ;              ;         ; --         ;                 ; --       ; --           ;
; AA4      ;            ;          ; GND                                                   ; gnd    ;              ;         ; --         ;                 ; --       ; --           ;
; AA5      ;            ;          ; GND                                                   ; gnd    ;              ;         ; --         ;                 ; --       ; --           ;
; AA6      ;            ; --       ; VCCL_GXB                                              ; power  ;              ; 1.2V    ; --         ;                 ; --       ; --           ;
; AA7      ;            ; --       ; VCCA                                                  ; power  ;              ; 2.5V    ; --         ;                 ; --       ; --           ;
; AA8      ;            ;          ; GND                                                   ; gnd    ;              ;         ; --         ;                 ; --       ; --           ;
; AA9      ;            ; --       ; VCCA                                                  ; power  ;              ; 2.5V    ; --         ;                 ; --       ; --           ;
; AA10     ;            ;          ; VCCINT                                                ; power  ;              ; 1.2V    ; --         ;                 ; --       ; --           ;
; AA11     ;            ;          ; GND                                                   ; gnd    ;              ;         ; --         ;                 ; --       ; --           ;
; AA12     ; 89         ; 3        ; RESERVED_INPUT_WITH_WEAK_PULLUP                       ;        ;              ;         ; Column I/O ;                 ; no       ; On           ;
; AA13     ; 95         ; 3        ; RESERVED_INPUT_WITH_WEAK_PULLUP                       ;        ;              ;         ; Column I/O ;                 ; no       ; On           ;
; AA14     ;            ;          ; VCCINT                                                ; power  ;              ; 1.2V    ; --         ;                 ; --       ; --           ;
; AA15     ; 109        ; 3        ; RESERVED_INPUT_WITH_WEAK_PULLUP                       ;        ;              ;         ; Column I/O ;                 ; no       ; On           ;
; AA16     ; 99         ; 3        ; RESERVED_INPUT_WITH_WEAK_PULLUP                       ;        ;              ;         ; Column I/O ;                 ; no       ; On           ;
; AA17     ; 129        ; 4        ; Data_BUS_WRITE[16]                                    ; output ; 2.5 V        ;         ; Column I/O ; N               ; no       ; Off          ;
; AA18     ; 154        ; 4        ; RESERVED_INPUT_WITH_WEAK_PULLUP                       ;        ;              ;         ; Column I/O ;                 ; no       ; On           ;
; AA19     ;            ;          ; GND                                                   ; gnd    ;              ;         ; --         ;                 ; --       ; --           ;
; AA20     ; 165        ; 4        ; RESERVED_INPUT_WITH_WEAK_PULLUP                       ;        ;              ;         ; Column I/O ;                 ; no       ; On           ;
; AA21     ; 195        ; 4        ; RESERVED_INPUT_WITH_WEAK_PULLUP                       ;        ;              ;         ; Column I/O ;                 ; no       ; On           ;
; AA22     ; 235        ; 5        ; RESERVED_INPUT_WITH_WEAK_PULLUP                       ;        ;              ;         ; Row I/O    ;                 ; no       ; On           ;
; AA23     ;            ; 5        ; VCCIO5                                                ; power  ;              ; 2.5V    ; --         ;                 ; --       ; --           ;
; AA24     ;            ; 5        ; VCCIO5                                                ; power  ;              ; 2.5V    ; --         ;                 ; --       ; --           ;
; AA25     ; 212        ; 5        ; RESERVED_INPUT_WITH_WEAK_PULLUP                       ;        ;              ;         ; Row I/O    ;                 ; no       ; On           ;
; AA26     ; 223        ; 5        ; RESERVED_INPUT_WITH_WEAK_PULLUP                       ;        ;              ;         ; Row I/O    ;                 ; --       ; --           ;
; AA27     ; 222        ; 5        ; RESERVED_INPUT_WITH_WEAK_PULLUP                       ;        ;              ;         ; Row I/O    ;                 ; no       ; On           ;
; AA28     ; 246        ; 5        ; RESERVED_INPUT_WITH_WEAK_PULLUP                       ;        ;              ;         ; Row I/O    ;                 ; no       ; On           ;
; AA29     ; 247        ; 5        ; RESERVED_INPUT_WITH_WEAK_PULLUP                       ;        ;              ;         ; Row I/O    ;                 ; no       ; On           ;
; AA30     ; 250        ; 5        ; Prog_BUS_READ[7]                                      ; input  ; 2.5 V        ;         ; Row I/O    ; N               ; no       ; Off          ;
; AB1      ;            ;          ; GND                                                   ; gnd    ;              ;         ; --         ;                 ; --       ; --           ;
; AB2      ;            ;          ; GND                                                   ; gnd    ;              ;         ; --         ;                 ; --       ; --           ;
; AB3      ; 29         ; QL0      ; GXB_NC                                                ;        ;              ;         ; --         ;                 ; --       ; --           ;
; AB4      ; 28         ; QL0      ; GXB_NC                                                ;        ;              ;         ; --         ;                 ; --       ; --           ;
; AB5      ;            ;          ; GND                                                   ; gnd    ;              ;         ; --         ;                 ; --       ; --           ;
; AB6      ;            ;          ; GND                                                   ; gnd    ;              ;         ; --         ;                 ; --       ; --           ;
; AB7      ;            ;          ; GND                                                   ; gnd    ;              ;         ; --         ;                 ; --       ; --           ;
; AB8      ;            ;          ; VCCINT                                                ; power  ;              ; 1.2V    ; --         ;                 ; --       ; --           ;
; AB9      ; 36         ; 3        ; ^CONF_DONE                                            ;        ;              ;         ; --         ;                 ; --       ; --           ;
; AB10     ;            ;          ; GND                                                   ; gnd    ;              ;         ; --         ;                 ; --       ; --           ;
; AB11     ; 90         ; 3        ; RESERVED_INPUT_WITH_WEAK_PULLUP                       ;        ;              ;         ; Column I/O ;                 ; no       ; On           ;
; AB12     ;            ; 3        ; VCCIO3                                                ; power  ;              ; 2.5V    ; --         ;                 ; --       ; --           ;
; AB13     ; 96         ; 3        ; RESERVED_INPUT_WITH_WEAK_PULLUP                       ;        ;              ;         ; Column I/O ;                 ; no       ; On           ;
; AB14     ; 110        ; 3        ; RESERVED_INPUT_WITH_WEAK_PULLUP                       ;        ;              ;         ; Column I/O ;                 ; no       ; On           ;
; AB15     ;            ; 3        ; VCCIO3                                                ; power  ;              ; 2.5V    ; --         ;                 ; --       ; --           ;
; AB16     ; 100        ; 3        ; RESERVED_INPUT_WITH_WEAK_PULLUP                       ;        ;              ;         ; Column I/O ;                 ; no       ; On           ;
; AB17     ; 136        ; 4        ; Prog_BUS_READ[21]                                     ; input  ; 2.5 V        ;         ; Column I/O ; N               ; no       ; Off          ;
; AB18     ;            ; 4        ; VCCIO4                                                ; power  ;              ; 2.5V    ; --         ;                 ; --       ; --           ;
; AB19     ;            ; 4        ; VCCIO4                                                ; power  ;              ; 2.5V    ; --         ;                 ; --       ; --           ;
; AB20     ;            ; 4        ; VCCIO4                                                ; power  ;              ; 2.5V    ; --         ;                 ; --       ; --           ;
; AB21     ; 188        ; 4        ; RESERVED_INPUT_WITH_WEAK_PULLUP                       ;        ;              ;         ; Column I/O ;                 ; --       ; --           ;
; AB22     ; 196        ; 4        ; RESERVED_INPUT_WITH_WEAK_PULLUP                       ;        ;              ;         ; Column I/O ;                 ; no       ; On           ;
; AB23     ;            ;          ; VCCD_PLL                                              ; power  ;              ; 1.2V    ; --         ;                 ; --       ; --           ;
; AB24     ;            ; --       ; VCCA                                                  ; power  ;              ; 2.5V    ; --         ;                 ; --       ; --           ;
; AB25     ; 213        ; 5        ; RESERVED_INPUT_WITH_WEAK_PULLUP                       ;        ;              ;         ; Row I/O    ;                 ; no       ; On           ;
; AB26     ; 210        ; 5        ; RESERVED_INPUT_WITH_WEAK_PULLUP                       ;        ;              ;         ; Row I/O    ;                 ; no       ; On           ;
; AB27     ; 239        ; 5        ; RESERVED_INPUT_WITH_WEAK_PULLUP                       ;        ;              ;         ; Row I/O    ;                 ; no       ; On           ;
; AB28     ; 238        ; 5        ; RESERVED_INPUT_WITH_WEAK_PULLUP                       ;        ;              ;         ; Row I/O    ;                 ; no       ; On           ;
; AB29     ; 248        ; 5        ; RESERVED_INPUT_WITH_WEAK_PULLUP                       ;        ;              ;         ; Row I/O    ;                 ; no       ; On           ;
; AB30     ; 242        ; 5        ; RESERVED_INPUT_WITH_WEAK_PULLUP                       ;        ;              ;         ; Row I/O    ;                 ; no       ; On           ;
; AC1      ; 31         ; QL0      ; GXB_GND*                                              ;        ;              ;         ; --         ;                 ; --       ; --           ;
; AC2      ; 30         ; QL0      ; GXB_GND*                                              ;        ;              ;         ; --         ;                 ; --       ; --           ;
; AC3      ;            ;          ; GND                                                   ; gnd    ;              ;         ; --         ;                 ; --       ; --           ;
; AC4      ;            ;          ; GND                                                   ; gnd    ;              ;         ; --         ;                 ; --       ; --           ;
; AC5      ;            ;          ; GND                                                   ; gnd    ;              ;         ; --         ;                 ; --       ; --           ;
; AC6      ;            ;          ; GND                                                   ; gnd    ;              ;         ; --         ;                 ; --       ; --           ;
; AC7      ; 33         ; 3        ; ^MSEL2                                                ;        ;              ;         ; --         ;                 ; --       ; --           ;
; AC8      ; 32         ; 3        ; ^MSEL3                                                ;        ;              ;         ; --         ;                 ; --       ; --           ;
; AC9      ;            ; 3        ; VCCIO3                                                ; power  ;              ; 2.5V    ; --         ;                 ; --       ; --           ;
; AC10     ;            ; 3        ; VCCIO3                                                ; power  ;              ; 2.5V    ; --         ;                 ; --       ; --           ;
; AC11     ;            ;          ; GND                                                   ; gnd    ;              ;         ; --         ;                 ; --       ; --           ;
; AC12     ;            ; 3        ; VCCIO3                                                ; power  ;              ; 2.5V    ; --         ;                 ; --       ; --           ;
; AC13     ;            ; 3        ; VCCIO3                                                ; power  ;              ; 2.5V    ; --         ;                 ; --       ; --           ;
; AC14     ;            ;          ; GND                                                   ; gnd    ;              ;         ; --         ;                 ; --       ; --           ;
; AC15     ;            ; 3        ; VCCIO3                                                ; power  ;              ; 2.5V    ; --         ;                 ; --       ; --           ;
; AC16     ; 115        ; 3        ; RESERVED_INPUT_WITH_WEAK_PULLUP                       ;        ;              ;         ; Column I/O ;                 ; --       ; --           ;
; AC17     ;            ;          ; GND                                                   ; gnd    ;              ;         ; --         ;                 ; --       ; --           ;
; AC18     ;            ; 4        ; VCCIO4                                                ; power  ;              ; 2.5V    ; --         ;                 ; --       ; --           ;
; AC19     ;            ; 4        ; VCCIO4                                                ; power  ;              ; 2.5V    ; --         ;                 ; --       ; --           ;
; AC20     ;            ;          ; GND                                                   ; gnd    ;              ;         ; --         ;                 ; --       ; --           ;
; AC21     ;            ; 4        ; VCCIO4                                                ; power  ;              ; 2.5V    ; --         ;                 ; --       ; --           ;
; AC22     ;            ; 4        ; VCCIO4                                                ; power  ;              ; 2.5V    ; --         ;                 ; --       ; --           ;
; AC23     ;            ;          ; GND                                                   ; gnd    ;              ;         ; --         ;                 ; --       ; --           ;
; AC24     ;            ;          ; GND                                                   ; gnd    ;              ;         ; --         ;                 ; --       ; --           ;
; AC25     ; 211        ; 5        ; RESERVED_INPUT_WITH_WEAK_PULLUP                       ;        ;              ;         ; Row I/O    ;                 ; no       ; On           ;
; AC26     ;            ;          ; GND                                                   ; gnd    ;              ;         ; --         ;                 ; --       ; --           ;
; AC27     ; 237        ; 5        ; RESERVED_INPUT_WITH_WEAK_PULLUP                       ;        ;              ;         ; Row I/O    ;                 ; no       ; On           ;
; AC28     ; 236        ; 5        ; RESERVED_INPUT_WITH_WEAK_PULLUP                       ;        ;              ;         ; Row I/O    ;                 ; no       ; On           ;
; AC29     ;            ;          ; GND                                                   ; gnd    ;              ;         ; --         ;                 ; --       ; --           ;
; AC30     ; 243        ; 5        ; RESERVED_INPUT_WITH_WEAK_PULLUP                       ;        ;              ;         ; Row I/O    ;                 ; no       ; On           ;
; AD1      ;            ;          ; GND                                                   ; gnd    ;              ;         ; --         ;                 ; --       ; --           ;
; AD2      ;            ;          ; GND                                                   ; gnd    ;              ;         ; --         ;                 ; --       ; --           ;
; AD3      ;            ; --       ; VCCA_GXB                                              ; power  ;              ; 2.5V    ; --         ;                 ; --       ; --           ;
; AD4      ;            ; --       ; VCCL_GXB                                              ; power  ;              ; 1.2V    ; --         ;                 ; --       ; --           ;
; AD5      ;            ;          ; GND                                                   ; gnd    ;              ;         ; --         ;                 ; --       ; --           ;
; AD6      ; 39         ; 3        ; RESERVED_INPUT_WITH_WEAK_PULLUP                       ;        ;              ;         ; Column I/O ;                 ; no       ; On           ;
; AD7      ; 35         ; 3        ; ^MSEL0                                                ;        ;              ;         ; --         ;                 ; --       ; --           ;
; AD8      ; 34         ; 3        ; ^MSEL1                                                ;        ;              ;         ; --         ;                 ; --       ; --           ;
; AD9      ; 62         ; 3        ; RESERVED_INPUT_WITH_WEAK_PULLUP                       ;        ;              ;         ; Column I/O ;                 ; no       ; On           ;
; AD10     ; 63         ; 3        ; RESERVED_INPUT_WITH_WEAK_PULLUP                       ;        ;              ;         ; Column I/O ;                 ; no       ; On           ;
; AD11     ;            ; 3        ; VCCIO3                                                ; power  ;              ; 2.5V    ; --         ;                 ; --       ; --           ;
; AD12     ;            ; 3        ; VCCIO3                                                ; power  ;              ; 2.5V    ; --         ;                 ; --       ; --           ;
; AD13     ;            ; 3        ; VCCIO3                                                ; power  ;              ; 2.5V    ; --         ;                 ; --       ; --           ;
; AD14     ;            ; 3        ; VCCIO3                                                ; power  ;              ; 2.5V    ; --         ;                 ; --       ; --           ;
; AD15     ;            ; 3        ; VCCIO3                                                ; power  ;              ; 2.5V    ; --         ;                 ; --       ; --           ;
; AD16     ; 134        ; 4        ; Prog_BUS_READ[14]                                     ; input  ; 2.5 V        ;         ; Column I/O ; N               ; no       ; Off          ;
; AD17     ;            ; 4        ; VCCIO4                                                ; power  ;              ; 2.5V    ; --         ;                 ; --       ; --           ;
; AD18     ;            ; 4        ; VCCIO4                                                ; power  ;              ; 2.5V    ; --         ;                 ; --       ; --           ;
; AD19     ;            ; 4        ; VCCIO4                                                ; power  ;              ; 2.5V    ; --         ;                 ; --       ; --           ;
; AD20     ;            ; 4        ; VCCIO4                                                ; power  ;              ; 2.5V    ; --         ;                 ; --       ; --           ;
; AD21     ;            ; 4        ; VCCIO4                                                ; power  ;              ; 2.5V    ; --         ;                 ; --       ; --           ;
; AD22     ; 172        ; 4        ; RESERVED_INPUT_WITH_WEAK_PULLUP                       ;        ;              ;         ; Column I/O ;                 ; no       ; On           ;
; AD23     ; 199        ; 4        ; RESERVED_INPUT_WITH_WEAK_PULLUP                       ;        ;              ;         ; Column I/O ;                 ; no       ; On           ;
; AD24     ; 206        ; 4        ; RESERVED_INPUT_WITH_WEAK_PULLUP                       ;        ;              ;         ; Column I/O ;                 ; no       ; On           ;
; AD25     ; 208        ; 5        ; RESERVED_INPUT_WITH_WEAK_PULLUP                       ;        ;              ;         ; Row I/O    ;                 ; no       ; On           ;
; AD26     ; 209        ; 5        ; RESERVED_INPUT_WITH_WEAK_PULLUP                       ;        ;              ;         ; Row I/O    ;                 ; no       ; On           ;
; AD27     ; 233        ; 5        ; RESERVED_INPUT_WITH_WEAK_PULLUP                       ;        ;              ;         ; Row I/O    ;                 ; no       ; On           ;
; AD28     ; 232        ; 5        ; RESERVED_INPUT_WITH_WEAK_PULLUP                       ;        ;              ;         ; Row I/O    ;                 ; no       ; On           ;
; AD29     ; 241        ; 5        ; RESERVED_INPUT_WITH_WEAK_PULLUP                       ;        ;              ;         ; Row I/O    ;                 ; no       ; On           ;
; AD30     ; 240        ; 5        ; RESERVED_INPUT_WITH_WEAK_PULLUP                       ;        ;              ;         ; Row I/O    ;                 ; no       ; On           ;
; AE1      ;            ;          ; RREF                                                  ;        ;              ;         ; --         ;                 ; --       ; --           ;
; AE2      ;            ;          ; GND                                                   ; gnd    ;              ;         ; --         ;                 ; --       ; --           ;
; AE3      ; 57         ; 3        ; RESERVED_INPUT_WITH_WEAK_PULLUP                       ;        ;              ;         ; Column I/O ;                 ; no       ; On           ;
; AE4      ; 51         ; 3        ; RESERVED_INPUT_WITH_WEAK_PULLUP                       ;        ;              ;         ; Column I/O ;                 ; no       ; On           ;
; AE5      ; 52         ; 3        ; RESERVED_INPUT_WITH_WEAK_PULLUP                       ;        ;              ;         ; Column I/O ;                 ; no       ; On           ;
; AE6      ; 45         ; 3        ; RESERVED_INPUT_WITH_WEAK_PULLUP                       ;        ;              ;         ; Column I/O ;                 ; no       ; On           ;
; AE7      ; 40         ; 3        ; ~ALTERA_NCEO~ / RESERVED_OUTPUT_OPEN_DRAIN            ; output ; 2.5 V        ;         ; Column I/O ; N               ; no       ; Off          ;
; AE8      ; 38         ; 3        ; RESERVED_INPUT_WITH_WEAK_PULLUP                       ;        ;              ;         ; Column I/O ;                 ; no       ; On           ;
; AE9      ; 49         ; 3        ; RESERVED_INPUT_WITH_WEAK_PULLUP                       ;        ;              ;         ; Column I/O ;                 ; no       ; On           ;
; AE10     ; 53         ; 3        ; RESERVED_INPUT_WITH_WEAK_PULLUP                       ;        ;              ;         ; Column I/O ;                 ; no       ; On           ;
; AE11     ; 61         ; 3        ; RESERVED_INPUT_WITH_WEAK_PULLUP                       ;        ;              ;         ; Column I/O ;                 ; --       ; --           ;
; AE12     ; 76         ; 3        ; RESERVED_INPUT_WITH_WEAK_PULLUP                       ;        ;              ;         ; Column I/O ;                 ; no       ; On           ;
; AE13     ; 80         ; 3        ; RESERVED_INPUT_WITH_WEAK_PULLUP                       ;        ;              ;         ; Column I/O ;                 ; no       ; On           ;
; AE14     ; 111        ; 3        ; RESERVED_INPUT_WITH_WEAK_PULLUP                       ;        ;              ;         ; Column I/O ;                 ; no       ; On           ;
; AE15     ; 112        ; 3        ; RESERVED_INPUT_WITH_WEAK_PULLUP                       ;        ;              ;         ; Column I/O ;                 ; no       ; On           ;
; AE16     ; 135        ; 4        ; Prog_BUS_READ[15]                                     ; input  ; 2.5 V        ;         ; Column I/O ; N               ; no       ; Off          ;
; AE17     ; 137        ; 4        ; ADDR[4]                                               ; output ; 2.5 V        ;         ; Column I/O ; N               ; no       ; Off          ;
; AE18     ; 147        ; 4        ; ADDR[13]                                              ; output ; 2.5 V        ;         ; Column I/O ; N               ; no       ; Off          ;
; AE19     ; 148        ; 4        ; RESERVED_INPUT_WITH_WEAK_PULLUP                       ;        ;              ;         ; Column I/O ;                 ; no       ; On           ;
; AE20     ; 166        ; 4        ; RESERVED_INPUT_WITH_WEAK_PULLUP                       ;        ;              ;         ; Column I/O ;                 ; no       ; On           ;
; AE21     ; 167        ; 4        ; RESERVED_INPUT_WITH_WEAK_PULLUP                       ;        ;              ;         ; Column I/O ;                 ; no       ; On           ;
; AE22     ; 173        ; 4        ; RESERVED_INPUT_WITH_WEAK_PULLUP                       ;        ;              ;         ; Column I/O ;                 ; no       ; On           ;
; AE23     ; 200        ; 4        ; RESERVED_INPUT_WITH_WEAK_PULLUP                       ;        ;              ;         ; Column I/O ;                 ; no       ; On           ;
; AE24     ; 207        ; 4        ; RESERVED_INPUT_WITH_WEAK_PULLUP                       ;        ;              ;         ; Column I/O ;                 ; no       ; On           ;
; AE25     ; 216        ; 5        ; RESERVED_INPUT_WITH_WEAK_PULLUP                       ;        ;              ;         ; Row I/O    ;                 ; no       ; On           ;
; AE26     ; 215        ; 5        ; RESERVED_INPUT_WITH_WEAK_PULLUP                       ;        ;              ;         ; Row I/O    ;                 ; no       ; On           ;
; AE27     ; 229        ; 5        ; RESERVED_INPUT_WITH_WEAK_PULLUP                       ;        ;              ;         ; Row I/O    ;                 ; no       ; On           ;
; AE28     ; 228        ; 5        ; RESERVED_INPUT_WITH_WEAK_PULLUP                       ;        ;              ;         ; Row I/O    ;                 ; no       ; On           ;
; AE29     ; 231        ; 5        ; RESERVED_INPUT_WITH_WEAK_PULLUP                       ;        ;              ;         ; Row I/O    ;                 ; no       ; On           ;
; AE30     ; 230        ; 5        ; RESERVED_INPUT_WITH_WEAK_PULLUP                       ;        ;              ;         ; Row I/O    ;                 ; no       ; On           ;
; AF1      ;            ;          ; GND                                                   ; gnd    ;              ;         ; --         ;                 ; --       ; --           ;
; AF2      ;            ;          ; GND                                                   ; gnd    ;              ;         ; --         ;                 ; --       ; --           ;
; AF3      ; 58         ; 3        ; RESERVED_INPUT_WITH_WEAK_PULLUP                       ;        ;              ;         ; Column I/O ;                 ; no       ; On           ;
; AF4      ; 55         ; 3        ; RESERVED_INPUT_WITH_WEAK_PULLUP                       ;        ;              ;         ; Column I/O ;                 ; no       ; On           ;
; AF5      ;            ;          ; GND                                                   ; gnd    ;              ;         ; --         ;                 ; --       ; --           ;
; AF6      ; 46         ; 3        ; RESERVED_INPUT_WITH_WEAK_PULLUP                       ;        ;              ;         ; Column I/O ;                 ; no       ; On           ;
; AF7      ; 47         ; 3        ; RESERVED_INPUT_WITH_WEAK_PULLUP                       ;        ;              ;         ; Column I/O ;                 ; no       ; On           ;
; AF8      ;            ;          ; GND                                                   ; gnd    ;              ;         ; --         ;                 ; --       ; --           ;
; AF9      ; 50         ; 3        ; RESERVED_INPUT_WITH_WEAK_PULLUP                       ;        ;              ;         ; Column I/O ;                 ; no       ; On           ;
; AF10     ; 54         ; 3        ; RESERVED_INPUT_WITH_WEAK_PULLUP                       ;        ;              ;         ; Column I/O ;                 ; no       ; On           ;
; AF11     ;            ;          ; GND                                                   ; gnd    ;              ;         ; --         ;                 ; --       ; --           ;
; AF12     ; 77         ; 3        ; RESERVED_INPUT_WITH_WEAK_PULLUP                       ;        ;              ;         ; Column I/O ;                 ; no       ; On           ;
; AF13     ; 81         ; 3        ; RESERVED_INPUT_WITH_WEAK_PULLUP                       ;        ;              ;         ; Column I/O ;                 ; no       ; On           ;
; AF14     ;            ;          ; GND                                                   ; gnd    ;              ;         ; --         ;                 ; --       ; --           ;
; AF15     ; 113        ; 3        ; RESERVED_INPUT_WITH_WEAK_PULLUP                       ;        ;              ;         ; Column I/O ;                 ; no       ; On           ;
; AF16     ; 130        ; 4        ; Data_BUS_READ[11]                                     ; input  ; 2.5 V        ;         ; Column I/O ; N               ; no       ; Off          ;
; AF17     ;            ;          ; GND                                                   ; gnd    ;              ;         ; --         ;                 ; --       ; --           ;
; AF18     ; 138        ; 4        ; Prog_BUS_READ[26]                                     ; input  ; 2.5 V        ;         ; Column I/O ; N               ; no       ; Off          ;
; AF19     ; 151        ; 4        ; RESERVED_INPUT_WITH_WEAK_PULLUP                       ;        ;              ;         ; Column I/O ;                 ; no       ; On           ;
; AF20     ;            ;          ; GND                                                   ; gnd    ;              ;         ; --         ;                 ; --       ; --           ;
; AF21     ; 170        ; 4        ; RESERVED_INPUT_WITH_WEAK_PULLUP                       ;        ;              ;         ; Column I/O ;                 ; no       ; On           ;
; AF22     ; 171        ; 4        ; RESERVED_INPUT_WITH_WEAK_PULLUP                       ;        ;              ;         ; Column I/O ;                 ; no       ; On           ;
; AF23     ;            ;          ; GND                                                   ; gnd    ;              ;         ; --         ;                 ; --       ; --           ;
; AF24     ; 204        ; 4        ; RESERVED_INPUT_WITH_WEAK_PULLUP                       ;        ;              ;         ; Column I/O ;                 ; no       ; On           ;
; AF25     ; 205        ; 4        ; RESERVED_INPUT_WITH_WEAK_PULLUP                       ;        ;              ;         ; Column I/O ;                 ; no       ; On           ;
; AF26     ;            ;          ; GND                                                   ; gnd    ;              ;         ; --         ;                 ; --       ; --           ;
; AF27     ; 225        ; 5        ; RESERVED_INPUT_WITH_WEAK_PULLUP                       ;        ;              ;         ; Row I/O    ;                 ; no       ; On           ;
; AF28     ; 224        ; 5        ; RESERVED_INPUT_WITH_WEAK_PULLUP                       ;        ;              ;         ; Row I/O    ;                 ; no       ; On           ;
; AF29     ;            ;          ; GND                                                   ; gnd    ;              ;         ; --         ;                 ; --       ; --           ;
; AF30     ; 226        ; 5        ; RESERVED_INPUT_WITH_WEAK_PULLUP                       ;        ;              ;         ; Row I/O    ;                 ; no       ; On           ;
; AG1      ;            ;          ; NC                                                    ;        ;              ;         ; --         ;                 ; --       ; --           ;
; AG2      ;            ;          ; GND                                                   ; gnd    ;              ;         ; --         ;                 ; --       ; --           ;
; AG3      ; 59         ; 3        ; RESERVED_INPUT_WITH_WEAK_PULLUP                       ;        ;              ;         ; Column I/O ;                 ; no       ; On           ;
; AG4      ; 56         ; 3        ; RESERVED_INPUT_WITH_WEAK_PULLUP                       ;        ;              ;         ; Column I/O ;                 ; no       ; On           ;
; AG5      ; 68         ; 3        ; RESERVED_INPUT_WITH_WEAK_PULLUP                       ;        ;              ;         ; Column I/O ;                 ; no       ; On           ;
; AG6      ; 48         ; 3        ; RESERVED_INPUT_WITH_WEAK_PULLUP                       ;        ;              ;         ; Column I/O ;                 ; no       ; On           ;
; AG7      ; 97         ; 3        ; RESERVED_INPUT_WITH_WEAK_PULLUP                       ;        ;              ;         ; Column I/O ;                 ; no       ; On           ;
; AG8      ; 93         ; 3        ; RESERVED_INPUT_WITH_WEAK_PULLUP                       ;        ;              ;         ; Column I/O ;                 ; no       ; On           ;
; AG9      ; 78         ; 3        ; RESERVED_INPUT_WITH_WEAK_PULLUP                       ;        ;              ;         ; Column I/O ;                 ; no       ; On           ;
; AG10     ; 82         ; 3        ; RESERVED_INPUT_WITH_WEAK_PULLUP                       ;        ;              ;         ; Column I/O ;                 ; no       ; On           ;
; AG11     ; 86         ; 3        ; RESERVED_INPUT_WITH_WEAK_PULLUP                       ;        ;              ;         ; Column I/O ;                 ; --       ; --           ;
; AG12     ; 87         ; 3        ; RESERVED_INPUT_WITH_WEAK_PULLUP                       ;        ;              ;         ; Column I/O ;                 ; no       ; On           ;
; AG13     ; 91         ; 3        ; RESERVED_INPUT_WITH_WEAK_PULLUP                       ;        ;              ;         ; Column I/O ;                 ; no       ; On           ;
; AG14     ; 101        ; 3        ; RESERVED_INPUT_WITH_WEAK_PULLUP                       ;        ;              ;         ; Column I/O ;                 ; no       ; On           ;
; AG15     ; 114        ; 3        ; RESERVED_INPUT_WITH_WEAK_PULLUP                       ;        ;              ;         ; Column I/O ;                 ; no       ; On           ;
; AG16     ; 131        ; 4        ; Prog_BUS_READ[24]                                     ; input  ; 2.5 V        ;         ; Column I/O ; N               ; no       ; Off          ;
; AG17     ; 143        ; 4        ; Prog_BUS_READ[27]                                     ; input  ; 2.5 V        ;         ; Column I/O ; N               ; no       ; Off          ;
; AG18     ; 149        ; 4        ; ADDR_Prog[2]                                          ; output ; 2.5 V        ;         ; Column I/O ; N               ; no       ; Off          ;
; AG19     ; 152        ; 4        ; ADDR_Prog[15]                                         ; output ; 2.5 V        ;         ; Column I/O ; N               ; no       ; Off          ;
; AG20     ; 159        ; 4        ; RESERVED_INPUT_WITH_WEAK_PULLUP                       ;        ;              ;         ; Column I/O ;                 ; no       ; On           ;
; AG21     ; 163        ; 4        ; RESERVED_INPUT_WITH_WEAK_PULLUP                       ;        ;              ;         ; Column I/O ;                 ; --       ; --           ;
; AG22     ; 168        ; 4        ; RESERVED_INPUT_WITH_WEAK_PULLUP                       ;        ;              ;         ; Column I/O ;                 ; no       ; On           ;
; AG23     ; 178        ; 4        ; RESERVED_INPUT_WITH_WEAK_PULLUP                       ;        ;              ;         ; Column I/O ;                 ; no       ; On           ;
; AG24     ; 186        ; 4        ; RESERVED_INPUT_WITH_WEAK_PULLUP                       ;        ;              ;         ; Column I/O ;                 ; no       ; On           ;
; AG25     ; 201        ; 4        ; RESERVED_INPUT_WITH_WEAK_PULLUP                       ;        ;              ;         ; Column I/O ;                 ; no       ; On           ;
; AG26     ; 193        ; 4        ; RESERVED_INPUT_WITH_WEAK_PULLUP                       ;        ;              ;         ; Column I/O ;                 ; no       ; On           ;
; AG27     ; 197        ; 4        ; RESERVED_INPUT_WITH_WEAK_PULLUP                       ;        ;              ;         ; Column I/O ;                 ; no       ; On           ;
; AG28     ; 202        ; 4        ; RESERVED_INPUT_WITH_WEAK_PULLUP                       ;        ;              ;         ; Column I/O ;                 ; no       ; On           ;
; AG29     ; 219        ; 5        ; RESERVED_INPUT_WITH_WEAK_PULLUP                       ;        ;              ;         ; Row I/O    ;                 ; no       ; On           ;
; AG30     ; 227        ; 5        ; RESERVED_INPUT_WITH_WEAK_PULLUP                       ;        ;              ;         ; Row I/O    ;                 ; no       ; On           ;
; AH1      ;            ;          ; NC                                                    ;        ;              ;         ; --         ;                 ; --       ; --           ;
; AH2      ; 64         ; 3        ; RESERVED_INPUT_WITH_WEAK_PULLUP                       ;        ;              ;         ; Column I/O ;                 ; no       ; On           ;
; AH3      ; 60         ; 3        ; RESERVED_INPUT_WITH_WEAK_PULLUP                       ;        ;              ;         ; Column I/O ;                 ; no       ; On           ;
; AH4      ; 66         ; 3        ; Prog_BUS_READ[9]                                      ; input  ; 2.5 V        ;         ; Column I/O ; N               ; no       ; Off          ;
; AH5      ; 69         ; 3        ; RESERVED_INPUT_WITH_WEAK_PULLUP                       ;        ;              ;         ; Column I/O ;                 ; no       ; On           ;
; AH6      ; 72         ; 3        ; RESERVED_INPUT_WITH_WEAK_PULLUP                       ;        ;              ;         ; Column I/O ;                 ; no       ; On           ;
; AH7      ; 98         ; 3        ; RESERVED_INPUT_WITH_WEAK_PULLUP                       ;        ;              ;         ; Column I/O ;                 ; no       ; On           ;
; AH8      ; 94         ; 3        ; RESERVED_INPUT_WITH_WEAK_PULLUP                       ;        ;              ;         ; Column I/O ;                 ; no       ; On           ;
; AH9      ; 79         ; 3        ; Prog_BUS_READ[8]                                      ; input  ; 2.5 V        ;         ; Column I/O ; N               ; no       ; Off          ;
; AH10     ; 83         ; 3        ; RESERVED_INPUT_WITH_WEAK_PULLUP                       ;        ;              ;         ; Column I/O ;                 ; no       ; On           ;
; AH11     ; 84         ; 3        ; RESERVED_INPUT_WITH_WEAK_PULLUP                       ;        ;              ;         ; Column I/O ;                 ; no       ; On           ;
; AH12     ; 88         ; 3        ; RESERVED_INPUT_WITH_WEAK_PULLUP                       ;        ;              ;         ; Column I/O ;                 ; no       ; On           ;
; AH13     ; 92         ; 3        ; RESERVED_INPUT_WITH_WEAK_PULLUP                       ;        ;              ;         ; Column I/O ;                 ; no       ; On           ;
; AH14     ; 102        ; 3        ; RESERVED_INPUT_WITH_WEAK_PULLUP                       ;        ;              ;         ; Column I/O ;                 ; no       ; On           ;
; AH15     ; 120        ; 3        ; Prog_BUS_READ[23]                                     ; input  ; 2.5 V        ;         ; Column I/O ; N               ; no       ; Off          ;
; AH16     ; 121        ; 3        ; RESERVED_INPUT_WITH_WEAK_PULLUP                       ;        ;              ;         ; Column I/O ;                 ; no       ; On           ;
; AH17     ; 144        ; 4        ; ADDR[22]                                              ; output ; 2.5 V        ;         ; Column I/O ; N               ; no       ; Off          ;
; AH18     ; 141        ; 4        ; Prog_BUS_READ[2]                                      ; input  ; 2.5 V        ;         ; Column I/O ; N               ; no       ; Off          ;
; AH19     ; 150        ; 4        ; RESERVED_INPUT_WITH_WEAK_PULLUP                       ;        ;              ;         ; Column I/O ;                 ; no       ; On           ;
; AH20     ; 160        ; 4        ; RESERVED_INPUT_WITH_WEAK_PULLUP                       ;        ;              ;         ; Column I/O ;                 ; no       ; On           ;
; AH21     ; 161        ; 4        ; RESERVED_INPUT_WITH_WEAK_PULLUP                       ;        ;              ;         ; Column I/O ;                 ; no       ; On           ;
; AH22     ; 169        ; 4        ; RESERVED_INPUT_WITH_WEAK_PULLUP                       ;        ;              ;         ; Column I/O ;                 ; no       ; On           ;
; AH23     ; 179        ; 4        ; RESERVED_INPUT_WITH_WEAK_PULLUP                       ;        ;              ;         ; Column I/O ;                 ; no       ; On           ;
; AH24     ; 187        ; 4        ; RESERVED_INPUT_WITH_WEAK_PULLUP                       ;        ;              ;         ; Column I/O ;                 ; no       ; On           ;
; AH25     ; 182        ; 4        ; RESERVED_INPUT_WITH_WEAK_PULLUP                       ;        ;              ;         ; Column I/O ;                 ; no       ; On           ;
; AH26     ; 194        ; 4        ; RESERVED_INPUT_WITH_WEAK_PULLUP                       ;        ;              ;         ; Column I/O ;                 ; no       ; On           ;
; AH27     ; 198        ; 4        ; RESERVED_INPUT_WITH_WEAK_PULLUP                       ;        ;              ;         ; Column I/O ;                 ; no       ; On           ;
; AH28     ; 203        ; 4        ; RESERVED_INPUT_WITH_WEAK_PULLUP                       ;        ;              ;         ; Column I/O ;                 ; no       ; On           ;
; AH29     ; 220        ; 5        ; RESERVED_INPUT_WITH_WEAK_PULLUP                       ;        ;              ;         ; Row I/O    ;                 ; no       ; On           ;
; AH30     ; 217        ; 5        ; RESERVED_INPUT_WITH_WEAK_PULLUP                       ;        ;              ;         ; Row I/O    ;                 ; no       ; On           ;
; AJ1      ; 37         ; 3        ; ^nSTATUS                                              ;        ;              ;         ; --         ;                 ; --       ; --           ;
; AJ2      ;            ;          ; GND                                                   ; gnd    ;              ;         ; --         ;                 ; --       ; --           ;
; AJ3      ; 65         ; 3        ; RESERVED_INPUT_WITH_WEAK_PULLUP                       ;        ;              ;         ; Column I/O ;                 ; no       ; On           ;
; AJ4      ; 67         ; 3        ; RESERVED_INPUT_WITH_WEAK_PULLUP                       ;        ;              ;         ; Column I/O ;                 ; no       ; On           ;
; AJ5      ;            ;          ; GND                                                   ; gnd    ;              ;         ; --         ;                 ; --       ; --           ;
; AJ6      ; 73         ; 3        ; RESERVED_INPUT_WITH_WEAK_PULLUP                       ;        ;              ;         ; Column I/O ;                 ; no       ; On           ;
; AJ7      ; 103        ; 3        ; RESERVED_INPUT_WITH_WEAK_PULLUP                       ;        ;              ;         ; Column I/O ;                 ; no       ; On           ;
; AJ8      ;            ;          ; GND                                                   ; gnd    ;              ;         ; --         ;                 ; --       ; --           ;
; AJ9      ; 105        ; 3        ; RESERVED_INPUT_WITH_WEAK_PULLUP                       ;        ;              ;         ; Column I/O ;                 ; no       ; On           ;
; AJ10     ; 85         ; 3        ; RESERVED_INPUT_WITH_WEAK_PULLUP                       ;        ;              ;         ; Column I/O ;                 ; no       ; On           ;
; AJ11     ;            ;          ; GND                                                   ; gnd    ;              ;         ; --         ;                 ; --       ; --           ;
; AJ12     ; 118        ; 3        ; RESERVED_INPUT_WITH_WEAK_PULLUP                       ;        ;              ;         ; Column I/O ;                 ; no       ; On           ;
; AJ13     ; 122        ; 3        ; RESERVED_INPUT_WITH_WEAK_PULLUP                       ;        ;              ;         ; Column I/O ;                 ; no       ; On           ;
; AJ14     ;            ;          ; GND                                                   ; gnd    ;              ;         ; --         ;                 ; --       ; --           ;
; AJ15     ; 132        ; 4        ; RESERVED_INPUT_WITH_WEAK_PULLUP                       ;        ;              ;         ; Column I/O ;                 ; no       ; On           ;
; AJ16     ; 126        ; 4        ; GND+                                                  ;        ;              ;         ; Column I/O ;                 ; --       ; --           ;
; AJ17     ;            ;          ; GND                                                   ; gnd    ;              ;         ; --         ;                 ; --       ; --           ;
; AJ18     ; 142        ; 4        ; Prog_BUS_READ[3]                                      ; input  ; 2.5 V        ;         ; Column I/O ; N               ; no       ; Off          ;
; AJ19     ; 145        ; 4        ; ADDR[9]                                               ; output ; 2.5 V        ;         ; Column I/O ; N               ; no       ; Off          ;
; AJ20     ;            ;          ; GND                                                   ; gnd    ;              ;         ; --         ;                 ; --       ; --           ;
; AJ21     ; 162        ; 4        ; RESERVED_INPUT_WITH_WEAK_PULLUP                       ;        ;              ;         ; Column I/O ;                 ; no       ; On           ;
; AJ22     ; 157        ; 4        ; RESERVED_INPUT_WITH_WEAK_PULLUP                       ;        ;              ;         ; Column I/O ;                 ; no       ; On           ;
; AJ23     ;            ;          ; GND                                                   ; gnd    ;              ;         ; --         ;                 ; --       ; --           ;
; AJ24     ; 176        ; 4        ; RESERVED_INPUT_WITH_WEAK_PULLUP                       ;        ;              ;         ; Column I/O ;                 ; no       ; On           ;
; AJ25     ; 183        ; 4        ; RESERVED_INPUT_WITH_WEAK_PULLUP                       ;        ;              ;         ; Column I/O ;                 ; no       ; On           ;
; AJ26     ;            ;          ; GND                                                   ; gnd    ;              ;         ; --         ;                 ; --       ; --           ;
; AJ27     ; 184        ; 4        ; RESERVED_INPUT_WITH_WEAK_PULLUP                       ;        ;              ;         ; Column I/O ;                 ; no       ; On           ;
; AJ28     ; 189        ; 4        ; RESERVED_INPUT_WITH_WEAK_PULLUP                       ;        ;              ;         ; Column I/O ;                 ; no       ; On           ;
; AJ29     ;            ;          ; GND                                                   ; gnd    ;              ;         ; --         ;                 ; --       ; --           ;
; AJ30     ; 218        ; 5        ; RESERVED_INPUT_WITH_WEAK_PULLUP                       ;        ;              ;         ; Row I/O    ;                 ; no       ; On           ;
; AK2      ;            ;          ; NC                                                    ;        ;              ;         ; --         ;                 ; --       ; --           ;
; AK3      ; 70         ; 3        ; RESERVED_INPUT_WITH_WEAK_PULLUP                       ;        ;              ;         ; Column I/O ;                 ; no       ; On           ;
; AK4      ; 71         ; 3        ; RESERVED_INPUT_WITH_WEAK_PULLUP                       ;        ;              ;         ; Column I/O ;                 ; no       ; On           ;
; AK5      ; 74         ; 3        ; RESERVED_INPUT_WITH_WEAK_PULLUP                       ;        ;              ;         ; Column I/O ;                 ; no       ; On           ;
; AK6      ; 75         ; 3        ; RESERVED_INPUT_WITH_WEAK_PULLUP                       ;        ;              ;         ; Column I/O ;                 ; no       ; On           ;
; AK7      ; 104        ; 3        ; RESERVED_INPUT_WITH_WEAK_PULLUP                       ;        ;              ;         ; Column I/O ;                 ; no       ; On           ;
; AK8      ; 106        ; 3        ; RESERVED_INPUT_WITH_WEAK_PULLUP                       ;        ;              ;         ; Column I/O ;                 ; no       ; On           ;
; AK9      ; 107        ; 3        ; RESERVED_INPUT_WITH_WEAK_PULLUP                       ;        ;              ;         ; Column I/O ;                 ; no       ; On           ;
; AK10     ; 108        ; 3        ; RESERVED_INPUT_WITH_WEAK_PULLUP                       ;        ;              ;         ; Column I/O ;                 ; no       ; On           ;
; AK11     ; 116        ; 3        ; Prog_BUS_READ[16]                                     ; input  ; 2.5 V        ;         ; Column I/O ; N               ; no       ; Off          ;
; AK12     ; 117        ; 3        ; RESERVED_INPUT_WITH_WEAK_PULLUP                       ;        ;              ;         ; Column I/O ;                 ; no       ; On           ;
; AK13     ; 119        ; 3        ; RESERVED_INPUT_WITH_WEAK_PULLUP                       ;        ;              ;         ; Column I/O ;                 ; no       ; On           ;
; AK14     ; 123        ; 3        ; RESERVED_INPUT_WITH_WEAK_PULLUP                       ;        ;              ;         ; Column I/O ;                 ; no       ; On           ;
; AK15     ; 133        ; 4        ; Prog_BUS_READ[29]                                     ; input  ; 2.5 V        ;         ; Column I/O ; N               ; no       ; Off          ;
; AK16     ; 127        ; 4        ; GND+                                                  ;        ;              ;         ; Column I/O ;                 ; --       ; --           ;
; AK17     ; 139        ; 4        ; Prog_BUS_READ[11]                                     ; input  ; 2.5 V        ;         ; Column I/O ; N               ; no       ; Off          ;
; AK18     ; 140        ; 4        ; Prog_BUS_READ[0]                                      ; input  ; 2.5 V        ;         ; Column I/O ; N               ; no       ; Off          ;
; AK19     ; 146        ; 4        ; ADDR_Prog[1]                                          ; output ; 2.5 V        ;         ; Column I/O ; N               ; no       ; Off          ;
; AK20     ; 155        ; 4        ; RESERVED_INPUT_WITH_WEAK_PULLUP                       ;        ;              ;         ; Column I/O ;                 ; no       ; On           ;
; AK21     ; 156        ; 4        ; RESERVED_INPUT_WITH_WEAK_PULLUP                       ;        ;              ;         ; Column I/O ;                 ; no       ; On           ;
; AK22     ; 158        ; 4        ; RESERVED_INPUT_WITH_WEAK_PULLUP                       ;        ;              ;         ; Column I/O ;                 ; no       ; On           ;
; AK23     ; 174        ; 4        ; RESERVED_INPUT_WITH_WEAK_PULLUP                       ;        ;              ;         ; Column I/O ;                 ; no       ; On           ;
; AK24     ; 175        ; 4        ; RESERVED_INPUT_WITH_WEAK_PULLUP                       ;        ;              ;         ; Column I/O ;                 ; no       ; On           ;
; AK25     ; 177        ; 4        ; RESERVED_INPUT_WITH_WEAK_PULLUP                       ;        ;              ;         ; Column I/O ;                 ; no       ; On           ;
; AK26     ; 180        ; 4        ; RESERVED_INPUT_WITH_WEAK_PULLUP                       ;        ;              ;         ; Column I/O ;                 ; no       ; On           ;
; AK27     ; 181        ; 4        ; RESERVED_INPUT_WITH_WEAK_PULLUP                       ;        ;              ;         ; Column I/O ;                 ; no       ; On           ;
; AK28     ; 185        ; 4        ; RESERVED_INPUT_WITH_WEAK_PULLUP                       ;        ;              ;         ; Column I/O ;                 ; no       ; On           ;
; AK29     ; 190        ; 4        ; RESERVED_INPUT_WITH_WEAK_PULLUP                       ;        ;              ;         ; Column I/O ;                 ; no       ; On           ;
; B1       ; 514        ; 9        ; ^nCONFIG                                              ;        ;              ;         ; --         ;                 ; --       ; --           ;
; B2       ;            ;          ; GND                                                   ; gnd    ;              ;         ; --         ;                 ; --       ; --           ;
; B3       ; 513        ; 9        ; ~ALTERA_DCLK~                                         ; output ; 2.5 V        ;         ; Column I/O ; N               ; no       ; On           ;
; B4       ; 512        ; 9        ; ~ALTERA_NCSO~ / RESERVED_INPUT_WITH_WEAK_PULLUP       ; input  ; 2.5 V        ;         ; Column I/O ; N               ; no       ; On           ;
; B5       ;            ;          ; GND                                                   ; gnd    ;              ;         ; --         ;                 ; --       ; --           ;
; B6       ; 461        ; 8        ; Data_BUS_READ[3]                                      ; input  ; 2.5 V        ;         ; Column I/O ; N               ; no       ; Off          ;
; B7       ; 457        ; 8        ; ADDR[29]                                              ; output ; 2.5 V        ;         ; Column I/O ; N               ; no       ; Off          ;
; B8       ;            ;          ; GND                                                   ; gnd    ;              ;         ; --         ;                 ; --       ; --           ;
; B9       ; 459        ; 8        ; RESERVED_INPUT_WITH_WEAK_PULLUP                       ;        ;              ;         ; Column I/O ;                 ; no       ; On           ;
; B10      ; 450        ; 8        ; Data_BUS_READ[28]                                     ; input  ; 2.5 V        ;         ; Column I/O ; N               ; no       ; Off          ;
; B11      ;            ;          ; GND                                                   ; gnd    ;              ;         ; --         ;                 ; --       ; --           ;
; B12      ; 439        ; 8        ; Data_BUS_WRITE[12]                                    ; output ; 2.5 V        ;         ; Column I/O ; N               ; no       ; Off          ;
; B13      ; 435        ; 8        ; Data_BUS_READ[16]                                     ; input  ; 2.5 V        ;         ; Column I/O ; N               ; no       ; Off          ;
; B14      ;            ;          ; GND                                                   ; gnd    ;              ;         ; --         ;                 ; --       ; --           ;
; B15      ; 422        ; 7        ; GND+                                                  ;        ;              ;         ; Column I/O ;                 ; --       ; --           ;
; B16      ; 419        ; 7        ; Data_BUS_WRITE[3]                                     ; output ; 2.5 V        ;         ; Column I/O ; N               ; no       ; Off          ;
; B17      ;            ;          ; GND                                                   ; gnd    ;              ;         ; --         ;                 ; --       ; --           ;
; B18      ; 406        ; 7        ; Data_BUS_READ[24]                                     ; input  ; 2.5 V        ;         ; Column I/O ; N               ; no       ; Off          ;
; B19      ; 402        ; 7        ; ADDR[8]                                               ; output ; 2.5 V        ;         ; Column I/O ; N               ; no       ; Off          ;
; B20      ;            ;          ; GND                                                   ; gnd    ;              ;         ; --         ;                 ; --       ; --           ;
; B21      ; 394        ; 7        ; Data_BUS_WRITE[5]                                     ; output ; 2.5 V        ;         ; Column I/O ; N               ; no       ; Off          ;
; B22      ; 391        ; 7        ; Prog_BUS_READ[4]                                      ; input  ; 2.5 V        ;         ; Column I/O ; N               ; no       ; Off          ;
; B23      ;            ;          ; GND                                                   ; gnd    ;              ;         ; --         ;                 ; --       ; --           ;
; B24      ; 382        ; 7        ; Prog_BUS_READ[10]                                     ; input  ; 2.5 V        ;         ; Column I/O ; N               ; no       ; Off          ;
; B25      ; 381        ; 7        ; Data_BUS_READ[8]                                      ; input  ; 2.5 V        ;         ; Column I/O ; N               ; no       ; Off          ;
; B26      ;            ;          ; GND                                                   ; gnd    ;              ;         ; --         ;                 ; --       ; --           ;
; B27      ; 365        ; 7        ; RESERVED_INPUT_WITH_WEAK_PULLUP                       ;        ;              ;         ; Column I/O ;                 ; no       ; On           ;
; B28      ; 363        ; 7        ; RESERVED_INPUT_WITH_WEAK_PULLUP                       ;        ;              ;         ; Column I/O ;                 ; no       ; On           ;
; B29      ;            ;          ; GND                                                   ; gnd    ;              ;         ; --         ;                 ; --       ; --           ;
; B30      ; 358        ; 7        ; RESERVED_INPUT_WITH_WEAK_PULLUP                       ;        ;              ;         ; Column I/O ;                 ; no       ; On           ;
; C1       ; 515        ; 9        ; ^nCE                                                  ;        ;              ;         ; --         ;                 ; --       ; --           ;
; C2       ; 490        ; 8        ; RESERVED_INPUT_WITH_WEAK_PULLUP                       ;        ;              ;         ; Column I/O ;                 ; no       ; On           ;
; C3       ; 481        ; 8        ; RESERVED_INPUT_WITH_WEAK_PULLUP                       ;        ;              ;         ; Column I/O ;                 ; no       ; On           ;
; C4       ; 471        ; 8        ; RESERVED_INPUT_WITH_WEAK_PULLUP                       ;        ;              ;         ; Column I/O ;                 ; no       ; On           ;
; C5       ; 473        ; 8        ; RESERVED_INPUT_WITH_WEAK_PULLUP                       ;        ;              ;         ; Column I/O ;                 ; no       ; On           ;
; C6       ; 474        ; 8        ; RESERVED_INPUT_WITH_WEAK_PULLUP                       ;        ;              ;         ; Column I/O ;                 ; no       ; On           ;
; C7       ; 475        ; 8        ; RESERVED_INPUT_WITH_WEAK_PULLUP                       ;        ;              ;         ; Column I/O ;                 ; no       ; On           ;
; C8       ; 487        ; 8        ; RESERVED_INPUT_WITH_WEAK_PULLUP                       ;        ;              ;         ; Column I/O ;                 ; --       ; --           ;
; C9       ; 485        ; 8        ; RESERVED_INPUT_WITH_WEAK_PULLUP                       ;        ;              ;         ; Column I/O ;                 ; no       ; On           ;
; C10      ; 451        ; 8        ; Data_BUS_WRITE[29]                                    ; output ; 2.5 V        ;         ; Column I/O ; N               ; no       ; Off          ;
; C11      ; 462        ; 8        ; RESERVED_INPUT_WITH_WEAK_PULLUP                       ;        ;              ;         ; Column I/O ;                 ; no       ; On           ;
; C12      ; 454        ; 8        ; ADDR[11]                                              ; output ; 2.5 V        ;         ; Column I/O ; N               ; no       ; Off          ;
; C13      ; 446        ; 8        ; Data_BUS_WRITE[27]                                    ; output ; 2.5 V        ;         ; Column I/O ; N               ; no       ; Off          ;
; C14      ; 444        ; 8        ; ADDR[19]                                              ; output ; 2.5 V        ;         ; Column I/O ; N               ; no       ; Off          ;
; C15      ; 440        ; 8        ; Data_BUS_WRITE[23]                                    ; output ; 2.5 V        ;         ; Column I/O ; N               ; no       ; Off          ;
; C16      ; 427        ; 8        ; Data_BUS_READ[15]                                     ; input  ; 2.5 V        ;         ; Column I/O ; N               ; no       ; Off          ;
; C17      ; 414        ; 7        ; Data_BUS_READ[14]                                     ; input  ; 2.5 V        ;         ; Column I/O ; N               ; no       ; Off          ;
; C18      ; 407        ; 7        ; Data_BUS_WRITE[9]                                     ; output ; 2.5 V        ;         ; Column I/O ; N               ; no       ; Off          ;
; C19      ; 403        ; 7        ; ADDR[30]                                              ; output ; 2.5 V        ;         ; Column I/O ; N               ; no       ; Off          ;
; C20      ; 397        ; 7        ; ADDR_Prog[13]                                         ; output ; 2.5 V        ;         ; Column I/O ; N               ; no       ; Off          ;
; C21      ; 388        ; 7        ; Data_BUS_READ[12]                                     ; input  ; 2.5 V        ;         ; Column I/O ; N               ; no       ; Off          ;
; C22      ; 392        ; 7        ; ADDR_Prog[24]                                         ; output ; 2.5 V        ;         ; Column I/O ; N               ; no       ; Off          ;
; C23      ; 384        ; 7        ; Data_BUS_WRITE[0]                                     ; output ; 2.5 V        ;         ; Column I/O ; N               ; no       ; Off          ;
; C24      ; 383        ; 7        ; Prog_BUS_READ[31]                                     ; input  ; 2.5 V        ;         ; Column I/O ; N               ; no       ; Off          ;
; C25      ; 372        ; 7        ; ADDR_Prog[28]                                         ; output ; 2.5 V        ;         ; Column I/O ; N               ; no       ; Off          ;
; C26      ; 368        ; 7        ; ADDR_Prog[4]                                          ; output ; 2.5 V        ;         ; Column I/O ; N               ; no       ; Off          ;
; C27      ; 345        ; 7        ; RESERVED_INPUT_WITH_WEAK_PULLUP                       ;        ;              ;         ; Column I/O ;                 ; no       ; On           ;
; C28      ; 349        ; 7        ; RESERVED_INPUT_WITH_WEAK_PULLUP                       ;        ;              ;         ; Column I/O ;                 ; no       ; On           ;
; C29      ; 329        ; 6        ; RESERVED_INPUT_WITH_WEAK_PULLUP                       ;        ;              ;         ; Row I/O    ;                 ; no       ; On           ;
; C30      ; 328        ; 6        ; RESERVED_INPUT_WITH_WEAK_PULLUP                       ;        ;              ;         ; Row I/O    ;                 ; no       ; On           ;
; D1       ; 491        ; 8        ; RESERVED_INPUT_WITH_WEAK_PULLUP                       ;        ;              ;         ; Column I/O ;                 ; no       ; On           ;
; D2       ;            ;          ; GND                                                   ; gnd    ;              ;         ; --         ;                 ; --       ; --           ;
; D3       ; 482        ; 8        ; RESERVED_INPUT_WITH_WEAK_PULLUP                       ;        ;              ;         ; Column I/O ;                 ; no       ; On           ;
; D4       ; 472        ; 8        ; RESERVED_INPUT_WITH_WEAK_PULLUP                       ;        ;              ;         ; Column I/O ;                 ; no       ; On           ;
; D5       ; 477        ; 8        ; RESERVED_INPUT_WITH_WEAK_PULLUP                       ;        ;              ;         ; Column I/O ;                 ; no       ; On           ;
; D6       ; 476        ; 8        ; RESERVED_INPUT_WITH_WEAK_PULLUP                       ;        ;              ;         ; Column I/O ;                 ; no       ; On           ;
; D7       ; 467        ; 8        ; RESERVED_INPUT_WITH_WEAK_PULLUP                       ;        ;              ;         ; Column I/O ;                 ; no       ; On           ;
; D8       ; 498        ; 8        ; RESERVED_INPUT_WITH_WEAK_PULLUP                       ;        ;              ;         ; Column I/O ;                 ; no       ; On           ;
; D9       ; 486        ; 8        ; RESERVED_INPUT_WITH_WEAK_PULLUP                       ;        ;              ;         ; Column I/O ;                 ; no       ; On           ;
; D10      ; 483        ; 8        ; RESERVED_INPUT_WITH_WEAK_PULLUP                       ;        ;              ;         ; Column I/O ;                 ; no       ; On           ;
; D11      ; 463        ; 8        ; RESERVED_INPUT_WITH_WEAK_PULLUP                       ;        ;              ;         ; Column I/O ;                 ; no       ; On           ;
; D12      ; 455        ; 8        ; Data_BUS_READ[21]                                     ; input  ; 2.5 V        ;         ; Column I/O ; N               ; no       ; Off          ;
; D13      ; 447        ; 8        ; ADDR[31]                                              ; output ; 2.5 V        ;         ; Column I/O ; N               ; no       ; Off          ;
; D14      ; 445        ; 8        ; Data_BUS_WRITE[19]                                    ; output ; 2.5 V        ;         ; Column I/O ; N               ; no       ; Off          ;
; D15      ; 441        ; 8        ; Data_BUS_WRITE[25]                                    ; output ; 2.5 V        ;         ; Column I/O ; N               ; no       ; Off          ;
; D16      ; 428        ; 8        ; Data_BUS_READ[20]                                     ; input  ; 2.5 V        ;         ; Column I/O ; N               ; no       ; Off          ;
; D17      ; 415        ; 7        ; Data_BUS_READ[29]                                     ; input  ; 2.5 V        ;         ; Column I/O ; N               ; no       ; Off          ;
; D18      ; 408        ; 7        ; ADDR[26]                                              ; output ; 2.5 V        ;         ; Column I/O ; N               ; no       ; Off          ;
; D19      ; 404        ; 7        ; ADDR[0]                                               ; output ; 2.5 V        ;         ; Column I/O ; N               ; no       ; Off          ;
; D20      ; 398        ; 7        ; ADDR_Prog[14]                                         ; output ; 2.5 V        ;         ; Column I/O ; N               ; no       ; Off          ;
; D21      ; 376        ; 7        ; Data_BUS_WRITE[31]                                    ; output ; 2.5 V        ;         ; Column I/O ; N               ; no       ; Off          ;
; D22      ; 374        ; 7        ; RESERVED_INPUT_WITH_WEAK_PULLUP                       ;        ;              ;         ; Column I/O ;                 ; no       ; On           ;
; D23      ; 385        ; 7        ; ADDR[12]                                              ; output ; 2.5 V        ;         ; Column I/O ; N               ; no       ; Off          ;
; D24      ; 366        ; 7        ; RESERVED_INPUT_WITH_WEAK_PULLUP                       ;        ;              ;         ; Column I/O ;                 ; no       ; On           ;
; D25      ; 373        ; 7        ; RESERVED_INPUT_WITH_WEAK_PULLUP                       ;        ;              ;         ; Column I/O ;                 ; no       ; On           ;
; D26      ; 369        ; 7        ; RESERVED_INPUT_WITH_WEAK_PULLUP                       ;        ;              ;         ; Column I/O ;                 ; no       ; On           ;
; D27      ; 346        ; 7        ; RESERVED_INPUT_WITH_WEAK_PULLUP                       ;        ;              ;         ; Column I/O ;                 ; no       ; On           ;
; D28      ; 350        ; 7        ; RESERVED_INPUT_WITH_WEAK_PULLUP                       ;        ;              ;         ; Column I/O ;                 ; no       ; On           ;
; D29      ; 325        ; 6        ; ADDR[7]                                               ; output ; 2.5 V        ;         ; Row I/O    ; N               ; no       ; Off          ;
; D30      ; 324        ; 6        ; RESERVED_INPUT_WITH_WEAK_PULLUP                       ;        ;              ;         ; Row I/O    ;                 ; no       ; On           ;
; E1       ; 518        ; 9        ; #TMS                                                  ; input  ;              ;         ; --         ;                 ; --       ; --           ;
; E2       ; 516        ; 9        ; #TDI                                                  ; input  ;              ;         ; --         ;                 ; --       ; --           ;
; E3       ; 492        ; 8        ; RESERVED_INPUT_WITH_WEAK_PULLUP                       ;        ;              ;         ; Column I/O ;                 ; no       ; On           ;
; E4       ; 493        ; 8        ; RESERVED_INPUT_WITH_WEAK_PULLUP                       ;        ;              ;         ; Column I/O ;                 ; no       ; On           ;
; E5       ;            ;          ; GND                                                   ; gnd    ;              ;         ; --         ;                 ; --       ; --           ;
; E6       ; 478        ; 8        ; RESERVED_INPUT_WITH_WEAK_PULLUP                       ;        ;              ;         ; Column I/O ;                 ; no       ; On           ;
; E7       ; 468        ; 8        ; RESERVED_INPUT_WITH_WEAK_PULLUP                       ;        ;              ;         ; Column I/O ;                 ; no       ; On           ;
; E8       ;            ;          ; GND                                                   ; gnd    ;              ;         ; --         ;                 ; --       ; --           ;
; E9       ; 488        ; 8        ; RESERVED_INPUT_WITH_WEAK_PULLUP                       ;        ;              ;         ; Column I/O ;                 ; no       ; On           ;
; E10      ; 484        ; 8        ; RESERVED_INPUT_WITH_WEAK_PULLUP                       ;        ;              ;         ; Column I/O ;                 ; no       ; On           ;
; E11      ;            ;          ; GND                                                   ; gnd    ;              ;         ; --         ;                 ; --       ; --           ;
; E12      ; 469        ; 8        ; RESERVED_INPUT_WITH_WEAK_PULLUP                       ;        ;              ;         ; Column I/O ;                 ; no       ; On           ;
; E13      ; 448        ; 8        ; Data_BUS_WRITE[14]                                    ; output ; 2.5 V        ;         ; Column I/O ; N               ; no       ; Off          ;
; E14      ;            ;          ; GND                                                   ; gnd    ;              ;         ; --         ;                 ; --       ; --           ;
; E15      ; 436        ; 8        ; WE                                                    ; output ; 2.5 V        ;         ; Column I/O ; N               ; no       ; Off          ;
; E16      ; 433        ; 8        ; Data_BUS_WRITE[2]                                     ; output ; 2.5 V        ;         ; Column I/O ; N               ; no       ; Off          ;
; E17      ;            ;          ; GND                                                   ; gnd    ;              ;         ; --         ;                 ; --       ; --           ;
; E18      ; 399        ; 7        ; ADDR[20]                                              ; output ; 2.5 V        ;         ; Column I/O ; N               ; no       ; Off          ;
; E19      ; 400        ; 7        ; ADDR_Prog[25]                                         ; output ; 2.5 V        ;         ; Column I/O ; N               ; no       ; Off          ;
; E20      ;            ;          ; GND                                                   ; gnd    ;              ;         ; --         ;                 ; --       ; --           ;
; E21      ; 377        ; 7        ; Data_BUS_READ[7]                                      ; input  ; 2.5 V        ;         ; Column I/O ; N               ; no       ; Off          ;
; E22      ; 375        ; 7        ; RESERVED_INPUT_WITH_WEAK_PULLUP                       ;        ;              ;         ; Column I/O ;                 ; no       ; On           ;
; E23      ;            ;          ; GND                                                   ; gnd    ;              ;         ; --         ;                 ; --       ; --           ;
; E24      ; 367        ; 7        ; RESERVED_INPUT_WITH_WEAK_PULLUP                       ;        ;              ;         ; Column I/O ;                 ; no       ; On           ;
; E25      ; 348        ; 7        ; RESERVED_INPUT_WITH_WEAK_PULLUP                       ;        ;              ;         ; Column I/O ;                 ; no       ; On           ;
; E26      ;            ;          ; GND                                                   ; gnd    ;              ;         ; --         ;                 ; --       ; --           ;
; E27      ; 338        ; 6        ; RESERVED_INPUT_WITH_WEAK_PULLUP                       ;        ;              ;         ; Row I/O    ;                 ; no       ; On           ;
; E28      ; 337        ; 6        ; RESERVED_INPUT_WITH_WEAK_PULLUP                       ;        ;              ;         ; Row I/O    ;                 ; no       ; On           ;
; E29      ;            ;          ; GND                                                   ; gnd    ;              ;         ; --         ;                 ; --       ; --           ;
; E30      ; 316        ; 6        ; RESERVED_INPUT_WITH_WEAK_PULLUP                       ;        ;              ;         ; Row I/O    ;                 ; no       ; On           ;
; F1       ; 519        ; 9        ; #TDO                                                  ; output ;              ;         ; --         ;                 ; --       ; --           ;
; F2       ; 517        ; 9        ; #TCK                                                  ; input  ;              ;         ; --         ;                 ; --       ; --           ;
; F3       ;            ;          ; GND                                                   ; gnd    ;              ;         ; --         ;                 ; --       ; --           ;
; F4       ; 494        ; 8        ; RESERVED_INPUT_WITH_WEAK_PULLUP                       ;        ;              ;         ; Column I/O ;                 ; no       ; On           ;
; F5       ; 495        ; 8        ; RESERVED_INPUT_WITH_WEAK_PULLUP                       ;        ;              ;         ; Column I/O ;                 ; no       ; On           ;
; F6       ; 499        ; 8        ; RESERVED_INPUT_WITH_WEAK_PULLUP                       ;        ;              ;         ; Column I/O ;                 ; no       ; On           ;
; F7       ; 501        ; 8        ; RESERVED_INPUT_WITH_WEAK_PULLUP                       ;        ;              ;         ; Column I/O ;                 ; no       ; On           ;
; F8       ; 503        ; 8        ; RESERVED_INPUT_WITH_WEAK_PULLUP                       ;        ;              ;         ; Column I/O ;                 ; no       ; On           ;
; F9       ; 489        ; 8        ; RESERVED_INPUT_WITH_WEAK_PULLUP                       ;        ;              ;         ; Column I/O ;                 ; no       ; On           ;
; F10      ; 479        ; 8        ; RESERVED_INPUT_WITH_WEAK_PULLUP                       ;        ;              ;         ; Column I/O ;                 ; no       ; On           ;
; F11      ; 470        ; 8        ; RESERVED_INPUT_WITH_WEAK_PULLUP                       ;        ;              ;         ; Column I/O ;                 ; no       ; On           ;
; F12      ; 452        ; 8        ; Data_BUS_READ[30]                                     ; input  ; 2.5 V        ;         ; Column I/O ; N               ; no       ; Off          ;
; F13      ; 449        ; 8        ; Data_BUS_READ[25]                                     ; input  ; 2.5 V        ;         ; Column I/O ; N               ; no       ; Off          ;
; F14      ; 437        ; 8        ; Data_BUS_WRITE[8]                                     ; output ; 2.5 V        ;         ; Column I/O ; N               ; no       ; Off          ;
; F15      ; 434        ; 8        ; Data_BUS_WRITE[6]                                     ; output ; 2.5 V        ;         ; Column I/O ; N               ; no       ; Off          ;
; F16      ; 425        ; 8        ; Data_BUS_READ[31]                                     ; input  ; 2.5 V        ;         ; Column I/O ; N               ; no       ; Off          ;
; F17      ; 395        ; 7        ; ADDR[28]                                              ; output ; 2.5 V        ;         ; Column I/O ; N               ; no       ; Off          ;
; F18      ; 410        ; 7        ; ADDR[27]                                              ; output ; 2.5 V        ;         ; Column I/O ; N               ; no       ; Off          ;
; F19      ; 378        ; 7        ; ADDR[6]                                               ; output ; 2.5 V        ;         ; Column I/O ; N               ; no       ; Off          ;
; F20      ; 389        ; 7        ; Data_BUS_READ[2]                                      ; input  ; 2.5 V        ;         ; Column I/O ; N               ; no       ; Off          ;
; F21      ; 390        ; 7        ; Data_BUS_WRITE[24]                                    ; output ; 2.5 V        ;         ; Column I/O ; N               ; no       ; Off          ;
; F22      ; 360        ; 7        ; RESERVED_INPUT_WITH_WEAK_PULLUP                       ;        ;              ;         ; Column I/O ;                 ; no       ; On           ;
; F23      ; 355        ; 7        ; RESERVED_INPUT_WITH_WEAK_PULLUP                       ;        ;              ;         ; Column I/O ;                 ; no       ; On           ;
; F24      ; 347        ; 7        ; RESERVED_INPUT_WITH_WEAK_PULLUP                       ;        ;              ;         ; Column I/O ;                 ; no       ; On           ;
; F25      ; 344        ; 7        ; RESERVED_INPUT_WITH_WEAK_PULLUP                       ;        ;              ;         ; Column I/O ;                 ; no       ; On           ;
; F26      ; 342        ; 6        ; RESERVED_INPUT_WITH_WEAK_PULLUP                       ;        ;              ;         ; Row I/O    ;                 ; no       ; On           ;
; F27      ; 341        ; 6        ; RESERVED_INPUT_WITH_WEAK_PULLUP                       ;        ;              ;         ; Row I/O    ;                 ; no       ; On           ;
; F28      ; 336        ; 6        ; RESERVED_INPUT_WITH_WEAK_PULLUP                       ;        ;              ;         ; Row I/O    ;                 ; no       ; On           ;
; F29      ; 335        ; 6        ; RESERVED_INPUT_WITH_WEAK_PULLUP                       ;        ;              ;         ; Row I/O    ;                 ; no       ; On           ;
; F30      ; 317        ; 6        ; RESERVED_INPUT_WITH_WEAK_PULLUP                       ;        ;              ;         ; Row I/O    ;                 ; no       ; On           ;
; G1       ;            ;          ; GND                                                   ; gnd    ;              ;         ; --         ;                 ; --       ; --           ;
; G2       ;            ;          ; GND                                                   ; gnd    ;              ;         ; --         ;                 ; --       ; --           ;
; G3       ;            ;          ; GND                                                   ; gnd    ;              ;         ; --         ;                 ; --       ; --           ;
; G4       ;            ;          ; GND                                                   ; gnd    ;              ;         ; --         ;                 ; --       ; --           ;
; G5       ;            ;          ; GND                                                   ; gnd    ;              ;         ; --         ;                 ; --       ; --           ;
; G6       ; 500        ; 8        ; RESERVED_INPUT_WITH_WEAK_PULLUP                       ;        ;              ;         ; Column I/O ;                 ; no       ; On           ;
; G7       ; 502        ; 8        ; Prog_BUS_READ[6]                                      ; input  ; 2.5 V        ;         ; Column I/O ; N               ; no       ; Off          ;
; G8       ; 504        ; 8        ; RESERVED_INPUT_WITH_WEAK_PULLUP                       ;        ;              ;         ; Column I/O ;                 ; no       ; On           ;
; G9       ; 511        ; 9        ; ~ALTERA_ASDO_DATA1~ / RESERVED_INPUT_WITH_WEAK_PULLUP ; input  ; 2.5 V        ;         ; Column I/O ; N               ; no       ; On           ;
; G10      ; 480        ; 8        ; RESERVED_INPUT_WITH_WEAK_PULLUP                       ;        ;              ;         ; Column I/O ;                 ; no       ; On           ;
; G11      ; 464        ; 8        ; RESERVED_INPUT_WITH_WEAK_PULLUP                       ;        ;              ;         ; Column I/O ;                 ; --       ; --           ;
; G12      ; 453        ; 8        ; RESERVED_INPUT_WITH_WEAK_PULLUP                       ;        ;              ;         ; Column I/O ;                 ; no       ; On           ;
; G13      ; 429        ; 8        ; Data_BUS_WRITE[28]                                    ; output ; 2.5 V        ;         ; Column I/O ; N               ; no       ; Off          ;
; G14      ; 430        ; 8        ; Data_BUS_READ[10]                                     ; input  ; 2.5 V        ;         ; Column I/O ; N               ; no       ; Off          ;
; G15      ; 426        ; 8        ; Data_BUS_WRITE[11]                                    ; output ; 2.5 V        ;         ; Column I/O ; N               ; no       ; Off          ;
; G16      ; 409        ; 7        ; Data_BUS_READ[19]                                     ; input  ; 2.5 V        ;         ; Column I/O ; N               ; no       ; Off          ;
; G17      ; 396        ; 7        ; ADDR[21]                                              ; output ; 2.5 V        ;         ; Column I/O ; N               ; no       ; Off          ;
; G18      ; 411        ; 7        ; Data_BUS_READ[13]                                     ; input  ; 2.5 V        ;         ; Column I/O ; N               ; no       ; Off          ;
; G19      ;            ; 7        ; VCCIO7                                                ; power  ;              ; 2.5V    ; --         ;                 ; --       ; --           ;
; G20      ; 379        ; 7        ; ADDR[2]                                               ; output ; 2.5 V        ;         ; Column I/O ; N               ; no       ; Off          ;
; G21      ; 359        ; 7        ; RESERVED_INPUT_WITH_WEAK_PULLUP                       ;        ;              ;         ; Column I/O ;                 ; --       ; --           ;
; G22      ; 361        ; 7        ; RESERVED_INPUT_WITH_WEAK_PULLUP                       ;        ;              ;         ; Column I/O ;                 ; no       ; On           ;
; G23      ; 356        ; 7        ; RESERVED_INPUT_WITH_WEAK_PULLUP                       ;        ;              ;         ; Column I/O ;                 ; no       ; On           ;
; G24      ; 351        ; 7        ; RESERVED_INPUT_WITH_WEAK_PULLUP                       ;        ;              ;         ; Column I/O ;                 ; no       ; On           ;
; G25      ; 343        ; 7        ; RESERVED_INPUT_WITH_WEAK_PULLUP                       ;        ;              ;         ; Column I/O ;                 ; no       ; On           ;
; G26      ; 340        ; 6        ; RESERVED_INPUT_WITH_WEAK_PULLUP                       ;        ;              ;         ; Row I/O    ;                 ; no       ; On           ;
; G27      ; 339        ; 6        ; RESERVED_INPUT_WITH_WEAK_PULLUP                       ;        ;              ;         ; Row I/O    ;                 ; no       ; On           ;
; G28      ; 319        ; 6        ; RESERVED_INPUT_WITH_WEAK_PULLUP                       ;        ;              ;         ; Row I/O    ;                 ; no       ; On           ;
; G29      ; 318        ; 6        ; RESERVED_INPUT_WITH_WEAK_PULLUP                       ;        ;              ;         ; Row I/O    ;                 ; no       ; On           ;
; G30      ; 303        ; 6        ; ADDR[25]                                              ; output ; 2.5 V        ;         ; Row I/O    ; N               ; no       ; Off          ;
; H1       ;            ;          ; GND                                                   ; gnd    ;              ;         ; --         ;                 ; --       ; --           ;
; H2       ;            ;          ; GND                                                   ; gnd    ;              ;         ; --         ;                 ; --       ; --           ;
; H3       ; 1          ; QL1      ; GXB_NC                                                ;        ;              ;         ; --         ;                 ; --       ; --           ;
; H4       ; 0          ; QL1      ; GXB_NC                                                ;        ;              ;         ; --         ;                 ; --       ; --           ;
; H5       ;            ;          ; GND                                                   ; gnd    ;              ;         ; --         ;                 ; --       ; --           ;
; H6       ;            ;          ; GND                                                   ; gnd    ;              ;         ; --         ;                 ; --       ; --           ;
; H7       ;            ; 9        ; VCCIO9                                                ; power  ;              ; 2.5V    ; --         ;                 ; --       ; --           ;
; H8       ;            ;          ; GND                                                   ; gnd    ;              ;         ; --         ;                 ; --       ; --           ;
; H9       ; 496        ; 8        ; RESERVED_INPUT_WITH_WEAK_PULLUP                       ;        ;              ;         ; Column I/O ;                 ; no       ; On           ;
; H10      ;            ; 8        ; VCCIO8                                                ; power  ;              ; 2.5V    ; --         ;                 ; --       ; --           ;
; H11      ;            ;          ; GND                                                   ; gnd    ;              ;         ; --         ;                 ; --       ; --           ;
; H12      ;            ; 8        ; VCCIO8                                                ; power  ;              ; 2.5V    ; --         ;                 ; --       ; --           ;
; H13      ;            ; 8        ; VCCIO8                                                ; power  ;              ; 2.5V    ; --         ;                 ; --       ; --           ;
; H14      ;            ;          ; GND                                                   ; gnd    ;              ;         ; --         ;                 ; --       ; --           ;
; H15      ;            ; 8        ; VCCIO8                                                ; power  ;              ; 2.5V    ; --         ;                 ; --       ; --           ;
; H16      ;            ; 8        ; VCCIO8                                                ; power  ;              ; 2.5V    ; --         ;                 ; --       ; --           ;
; H17      ;            ;          ; GND                                                   ; gnd    ;              ;         ; --         ;                 ; --       ; --           ;
; H18      ;            ; 7        ; VCCIO7                                                ; power  ;              ; 2.5V    ; --         ;                 ; --       ; --           ;
; H19      ;            ; 7        ; VCCIO7                                                ; power  ;              ; 2.5V    ; --         ;                 ; --       ; --           ;
; H20      ;            ;          ; GND                                                   ; gnd    ;              ;         ; --         ;                 ; --       ; --           ;
; H21      ;            ; 7        ; VCCIO7                                                ; power  ;              ; 2.5V    ; --         ;                 ; --       ; --           ;
; H22      ;            ; 7        ; VCCIO7                                                ; power  ;              ; 2.5V    ; --         ;                 ; --       ; --           ;
; H23      ;            ;          ; GND                                                   ; gnd    ;              ;         ; --         ;                 ; --       ; --           ;
; H24      ; 352        ; 7        ; RESERVED_INPUT_WITH_WEAK_PULLUP                       ;        ;              ;         ; Column I/O ;                 ; no       ; On           ;
; H25      ; 331        ; 6        ; RESERVED_INPUT_WITH_WEAK_PULLUP                       ;        ;              ;         ; Row I/O    ;                 ; no       ; On           ;
; H26      ;            ;          ; GND                                                   ; gnd    ;              ;         ; --         ;                 ; --       ; --           ;
; H27      ; 333        ; 6        ; RESERVED_INPUT_WITH_WEAK_PULLUP                       ;        ;              ;         ; Row I/O    ;                 ; no       ; On           ;
; H28      ; 326        ; 6        ; ADDR[1]                                               ; output ; 2.5 V        ;         ; Row I/O    ; N               ; no       ; Off          ;
; H29      ;            ;          ; GND                                                   ; gnd    ;              ;         ; --         ;                 ; --       ; --           ;
; H30      ; 304        ; 6        ; ADDR[24]                                              ; output ; 2.5 V        ;         ; Row I/O    ; N               ; no       ; Off          ;
; J1       ; 3          ; QL1      ; GXB_GND*                                              ;        ;              ;         ; --         ;                 ; --       ; --           ;
; J2       ; 2          ; QL1      ; GXB_GND*                                              ;        ;              ;         ; --         ;                 ; --       ; --           ;
; J3       ;            ;          ; GND                                                   ; gnd    ;              ;         ; --         ;                 ; --       ; --           ;
; J4       ;            ;          ; GND                                                   ; gnd    ;              ;         ; --         ;                 ; --       ; --           ;
; J5       ;            ;          ; GND                                                   ; gnd    ;              ;         ; --         ;                 ; --       ; --           ;
; J6       ;            ; --       ; VCCA                                                  ; power  ;              ; 2.5V    ; --         ;                 ; --       ; --           ;
; J7       ;            ;          ; GND                                                   ; gnd    ;              ;         ; --         ;                 ; --       ; --           ;
; J8       ;            ;          ; GND                                                   ; gnd    ;              ;         ; --         ;                 ; --       ; --           ;
; J9       ; 497        ; 8        ; RESERVED_INPUT_WITH_WEAK_PULLUP                       ;        ;              ;         ; Column I/O ;                 ; no       ; On           ;
; J10      ;            ; 8        ; VCCIO8                                                ; power  ;              ; 2.5V    ; --         ;                 ; --       ; --           ;
; J11      ;            ; 8        ; VCCIO8                                                ; power  ;              ; 2.5V    ; --         ;                 ; --       ; --           ;
; J12      ;            ; 8        ; VCCIO8                                                ; power  ;              ; 2.5V    ; --         ;                 ; --       ; --           ;
; J13      ;            ; 8        ; VCCIO8                                                ; power  ;              ; 2.5V    ; --         ;                 ; --       ; --           ;
; J14      ;            ; 8        ; VCCIO8                                                ; power  ;              ; 2.5V    ; --         ;                 ; --       ; --           ;
; J15      ;            ; 8        ; VCCIO8                                                ; power  ;              ; 2.5V    ; --         ;                 ; --       ; --           ;
; J16      ;            ; 8        ; VCCIO8                                                ; power  ;              ; 2.5V    ; --         ;                 ; --       ; --           ;
; J17      ;            ; 7        ; VCCIO7                                                ; power  ;              ; 2.5V    ; --         ;                 ; --       ; --           ;
; J18      ;            ; 7        ; VCCIO7                                                ; power  ;              ; 2.5V    ; --         ;                 ; --       ; --           ;
; J19      ;            ; 7        ; VCCIO7                                                ; power  ;              ; 2.5V    ; --         ;                 ; --       ; --           ;
; J20      ;            ; 7        ; VCCIO7                                                ; power  ;              ; 2.5V    ; --         ;                 ; --       ; --           ;
; J21      ;            ; 7        ; VCCIO7                                                ; power  ;              ; 2.5V    ; --         ;                 ; --       ; --           ;
; J22      ;            ; 7        ; VCCIO7                                                ; power  ;              ; 2.5V    ; --         ;                 ; --       ; --           ;
; J23      ;            ;          ; VCCD_PLL                                              ; power  ;              ; 1.2V    ; --         ;                 ; --       ; --           ;
; J24      ;            ;          ; GND                                                   ; gnd    ;              ;         ; --         ;                 ; --       ; --           ;
; J25      ; 332        ; 6        ; RESERVED_INPUT_WITH_WEAK_PULLUP                       ;        ;              ;         ; Row I/O    ;                 ; no       ; On           ;
; J26      ; 322        ; 6        ; RESERVED_INPUT_WITH_WEAK_PULLUP                       ;        ;              ;         ; Row I/O    ;                 ; no       ; On           ;
; J27      ; 334        ; 6        ; RESERVED_INPUT_WITH_WEAK_PULLUP                       ;        ;              ;         ; Row I/O    ;                 ; no       ; On           ;
; J28      ; 327        ; 6        ; RESERVED_INPUT_WITH_WEAK_PULLUP                       ;        ;              ;         ; Row I/O    ;                 ; no       ; On           ;
; J29      ; 306        ; 6        ; ADDR[15]                                              ; output ; 2.5 V        ;         ; Row I/O    ; N               ; no       ; Off          ;
; J30      ; 305        ; 6        ; ADDR[10]                                              ; output ; 2.5 V        ;         ; Row I/O    ; N               ; no       ; Off          ;
; K1       ;            ;          ; GND                                                   ; gnd    ;              ;         ; --         ;                 ; --       ; --           ;
; K2       ;            ;          ; GND                                                   ; gnd    ;              ;         ; --         ;                 ; --       ; --           ;
; K3       ; 5          ; QL1      ; GXB_NC                                                ;        ;              ;         ; --         ;                 ; --       ; --           ;
; K4       ; 4          ; QL1      ; GXB_NC                                                ;        ;              ;         ; --         ;                 ; --       ; --           ;
; K5       ;            ; --       ; VCCL_GXB                                              ; power  ;              ; 1.2V    ; --         ;                 ; --       ; --           ;
; K6       ;            ;          ; VCCD_PLL                                              ; power  ;              ; 1.2V    ; --         ;                 ; --       ; --           ;
; K7       ;            ;          ; GND                                                   ; gnd    ;              ;         ; --         ;                 ; --       ; --           ;
; K8       ;            ;          ; GND                                                   ; gnd    ;              ;         ; --         ;                 ; --       ; --           ;
; K9       ;            ;          ; VCCINT                                                ; power  ;              ; 1.2V    ; --         ;                 ; --       ; --           ;
; K10      ;            ; 8B       ; VCC_CLKIN8B                                           ; power  ;              ; 2.5V    ; --         ;                 ; --       ; --           ;
; K11      ; 506        ; 8B       ; GXB_GND*                                              ;        ;              ;         ; Column I/O ;                 ; --       ; --           ;
; K12      ;            ;          ; GND                                                   ; gnd    ;              ;         ; --         ;                 ; --       ; --           ;
; K13      ;            ;          ; VCCINT                                                ; power  ;              ; 1.2V    ; --         ;                 ; --       ; --           ;
; K14      ;            ;          ; GND                                                   ; gnd    ;              ;         ; --         ;                 ; --       ; --           ;
; K15      ; 423        ; 8A       ; GXB_GND*                                              ;        ;              ;         ; Column I/O ;                 ; --       ; --           ;
; K16      ;            ; 8A       ; VCC_CLKIN8A                                           ; power  ;              ; 2.5V    ; --         ;                 ; --       ; --           ;
; K17      ; 420        ; 7        ; CS                                                    ; output ; 2.5 V        ;         ; Column I/O ; N               ; no       ; Off          ;
; K18      ; 416        ; 7        ; Data_BUS_READ[4]                                      ; input  ; 2.5 V        ;         ; Column I/O ; N               ; no       ; Off          ;
; K19      ; 417        ; 7        ; ADDR[14]                                              ; output ; 2.5 V        ;         ; Column I/O ; N               ; no       ; Off          ;
; K20      ;            ;          ; GND                                                   ; gnd    ;              ;         ; --         ;                 ; --       ; --           ;
; K21      ; 354        ; 7        ; RESERVED_INPUT_WITH_WEAK_PULLUP                       ;        ;              ;         ; Column I/O ;                 ; no       ; On           ;
; K22      ; 353        ; 7        ; RESERVED_INPUT_WITH_WEAK_PULLUP                       ;        ;              ;         ; Column I/O ;                 ; no       ; On           ;
; K23      ;            ; --       ; VCCA                                                  ; power  ;              ; 2.5V    ; --         ;                 ; --       ; --           ;
; K24      ; 330        ; 6        ; RESERVED_INPUT_WITH_WEAK_PULLUP                       ;        ;              ;         ; Row I/O    ;                 ; --       ; --           ;
; K25      ; 323        ; 6        ; RESERVED_INPUT_WITH_WEAK_PULLUP                       ;        ;              ;         ; Row I/O    ;                 ; no       ; On           ;
; K26      ; 321        ; 6        ; RESERVED_INPUT_WITH_WEAK_PULLUP                       ;        ;              ;         ; Row I/O    ;                 ; no       ; On           ;
; K27      ; 320        ; 6        ; RESERVED_INPUT_WITH_WEAK_PULLUP                       ;        ;              ;         ; Row I/O    ;                 ; no       ; On           ;
; K28      ; 308        ; 6        ; ADDR[23]                                              ; output ; 2.5 V        ;         ; Row I/O    ; N               ; no       ; Off          ;
; K29      ; 307        ; 6        ; ADDR[16]                                              ; output ; 2.5 V        ;         ; Row I/O    ; N               ; no       ; Off          ;
; K30      ; 301        ; 6        ; ADDR[3]                                               ; output ; 2.5 V        ;         ; Row I/O    ; N               ; no       ; Off          ;
; L1       ; 7          ; QL1      ; GXB_GND*                                              ;        ;              ;         ; --         ;                 ; --       ; --           ;
; L2       ; 6          ; QL1      ; GXB_GND*                                              ;        ;              ;         ; --         ;                 ; --       ; --           ;
; L3       ;            ;          ; GND                                                   ; gnd    ;              ;         ; --         ;                 ; --       ; --           ;
; L4       ;            ;          ; GND                                                   ; gnd    ;              ;         ; --         ;                 ; --       ; --           ;
; L5       ;            ;          ; GND                                                   ; gnd    ;              ;         ; --         ;                 ; --       ; --           ;
; L6       ;            ; --       ; VCCH_GXB                                              ; power  ;              ; 2.5V    ; --         ;                 ; --       ; --           ;
; L7       ;            ;          ; GND                                                   ; gnd    ;              ;         ; --         ;                 ; --       ; --           ;
; L8       ;            ; --       ; VCCA                                                  ; power  ;              ; 2.5V    ; --         ;                 ; --       ; --           ;
; L9       ;            ;          ; GND                                                   ; gnd    ;              ;         ; --         ;                 ; --       ; --           ;
; L10      ; 508        ; 8B       ; GXB_GND*                                              ;        ;              ;         ; Column I/O ;                 ; --       ; --           ;
; L11      ; 507        ; 8B       ; GXB_GND*                                              ;        ;              ;         ; Column I/O ;                 ; --       ; --           ;
; L12      ;            ;          ; VCCINT                                                ; power  ;              ; 1.2V    ; --         ;                 ; --       ; --           ;
; L13      ;            ;          ; GND                                                   ; gnd    ;              ;         ; --         ;                 ; --       ; --           ;
; L14      ;            ;          ; VCCINT                                                ; power  ;              ; 1.2V    ; --         ;                 ; --       ; --           ;
; L15      ; 424        ; 8A       ; GXB_GND*                                              ;        ;              ;         ; Column I/O ;                 ; --       ; --           ;
; L16      ;            ;          ; VCCINT                                                ; power  ;              ; 1.2V    ; --         ;                 ; --       ; --           ;
; L17      ;            ;          ; GND                                                   ; gnd    ;              ;         ; --         ;                 ; --       ; --           ;
; L18      ;            ;          ; VCCINT                                                ; power  ;              ; 1.2V    ; --         ;                 ; --       ; --           ;
; L19      ;            ;          ; GND                                                   ; gnd    ;              ;         ; --         ;                 ; --       ; --           ;
; L20      ;            ;          ; VCCINT                                                ; power  ;              ; 1.2V    ; --         ;                 ; --       ; --           ;
; L21      ;            ;          ; GND                                                   ; gnd    ;              ;         ; --         ;                 ; --       ; --           ;
; L22      ;            ; 6        ; VCCIO6                                                ; power  ;              ; 2.5V    ; --         ;                 ; --       ; --           ;
; L23      ;            ;          ; GND                                                   ; gnd    ;              ;         ; --         ;                 ; --       ; --           ;
; L24      ;            ; 6        ; VCCIO6                                                ; power  ;              ; 2.5V    ; --         ;                 ; --       ; --           ;
; L25      ; 315        ; 6        ; Data_BUS_WRITE[4]                                     ; output ; 2.5 V        ;         ; Row I/O    ; N               ; no       ; Off          ;
; L26      ;            ;          ; GND                                                   ; gnd    ;              ;         ; --         ;                 ; --       ; --           ;
; L27      ; 312        ; 6        ; Data_BUS_READ[22]                                     ; input  ; 2.5 V        ;         ; Row I/O    ; N               ; no       ; Off          ;
; L28      ; 311        ; 6        ; Data_BUS_WRITE[10]                                    ; output ; 2.5 V        ;         ; Row I/O    ; N               ; no       ; Off          ;
; L29      ;            ;          ; GND                                                   ; gnd    ;              ;         ; --         ;                 ; --       ; --           ;
; L30      ; 302        ; 6        ; Data_BUS_WRITE[21]                                    ; output ; 2.5 V        ;         ; Row I/O    ; N               ; no       ; Off          ;
; M1       ;            ;          ; GND                                                   ; gnd    ;              ;         ; --         ;                 ; --       ; --           ;
; M2       ;            ;          ; GND                                                   ; gnd    ;              ;         ; --         ;                 ; --       ; --           ;
; M3       ; 9          ; QL1      ; GXB_NC                                                ;        ;              ;         ; --         ;                 ; --       ; --           ;
; M4       ; 8          ; QL1      ; GXB_NC                                                ;        ;              ;         ; --         ;                 ; --       ; --           ;
; M5       ;            ; --       ; VCCL_GXB                                              ; power  ;              ; 1.2V    ; --         ;                 ; --       ; --           ;
; M6       ;            ;          ; GND                                                   ; gnd    ;              ;         ; --         ;                 ; --       ; --           ;
; M7       ;            ; --       ; VCCA_GXB                                              ; power  ;              ; 2.5V    ; --         ;                 ; --       ; --           ;
; M8       ;            ;          ; VCCD_PLL                                              ; power  ;              ; 1.2V    ; --         ;                 ; --       ; --           ;
; M9       ;            ;          ; VCCINT                                                ; power  ;              ; 1.2V    ; --         ;                 ; --       ; --           ;
; M10      ; 509        ; 8B       ; GXB_GND*                                              ;        ;              ;         ; Column I/O ;                 ; --       ; --           ;
; M11      ;            ;          ; VCCINT                                                ; power  ;              ; 1.2V    ; --         ;                 ; --       ; --           ;
; M12      ;            ;          ; GND                                                   ; gnd    ;              ;         ; --         ;                 ; --       ; --           ;
; M13      ;            ;          ; VCCINT                                                ; power  ;              ; 1.2V    ; --         ;                 ; --       ; --           ;
; M14      ;            ;          ; GND                                                   ; gnd    ;              ;         ; --         ;                 ; --       ; --           ;
; M15      ;            ;          ; VCCINT                                                ; power  ;              ; 1.2V    ; --         ;                 ; --       ; --           ;
; M16      ;            ;          ; GND                                                   ; gnd    ;              ;         ; --         ;                 ; --       ; --           ;
; M17      ;            ;          ; VCCINT                                                ; power  ;              ; 1.2V    ; --         ;                 ; --       ; --           ;
; M18      ;            ;          ; GND                                                   ; gnd    ;              ;         ; --         ;                 ; --       ; --           ;
; M19      ;            ;          ; VCCINT                                                ; power  ;              ; 1.2V    ; --         ;                 ; --       ; --           ;
; M20      ;            ;          ; GND                                                   ; gnd    ;              ;         ; --         ;                 ; --       ; --           ;
; M21      ; 314        ; 6        ; Prog_BUS_READ[25]                                     ; input  ; 2.5 V        ;         ; Row I/O    ; N               ; no       ; Off          ;
; M22      ; 313        ; 6        ; Data_BUS_WRITE[1]                                     ; output ; 2.5 V        ;         ; Row I/O    ; N               ; no       ; Off          ;
; M23      ;            ; 6        ; VCCIO6                                                ; power  ;              ; 2.5V    ; --         ;                 ; --       ; --           ;
; M24      ;            ; 6        ; VCCIO6                                                ; power  ;              ; 2.5V    ; --         ;                 ; --       ; --           ;
; M25      ; 297        ; 6        ; Data_BUS_WRITE[26]                                    ; output ; 2.5 V        ;         ; Row I/O    ; N               ; no       ; Off          ;
; M26      ; 293        ; 6        ; Prog_BUS_READ[13]                                     ; input  ; 2.5 V        ;         ; Row I/O    ; N               ; no       ; Off          ;
; M27      ; 300        ; 6        ; Data_BUS_WRITE[30]                                    ; output ; 2.5 V        ;         ; Row I/O    ; N               ; no       ; Off          ;
; M28      ; 299        ; 6        ; Data_BUS_READ[18]                                     ; input  ; 2.5 V        ;         ; Row I/O    ; N               ; no       ; Off          ;
; M29      ; 296        ; 6        ; Data_BUS_WRITE[17]                                    ; output ; 2.5 V        ;         ; Row I/O    ; N               ; no       ; Off          ;
; M30      ; 295        ; 6        ; ADDR_Prog[17]                                         ; output ; 2.5 V        ;         ; Row I/O    ; N               ; no       ; Off          ;
; N1       ; 11         ; QL1      ; GXB_GND*                                              ;        ;              ;         ; --         ;                 ; --       ; --           ;
; N2       ; 10         ; QL1      ; GXB_GND*                                              ;        ;              ;         ; --         ;                 ; --       ; --           ;
; N3       ;            ;          ; GND                                                   ; gnd    ;              ;         ; --         ;                 ; --       ; --           ;
; N4       ;            ;          ; GND                                                   ; gnd    ;              ;         ; --         ;                 ; --       ; --           ;
; N5       ;            ; --       ; VCCH_GXB                                              ; power  ;              ; 2.5V    ; --         ;                 ; --       ; --           ;
; N6       ;            ;          ; GND                                                   ; gnd    ;              ;         ; --         ;                 ; --       ; --           ;
; N7       ;            ; --       ; VCCL_GXB                                              ; power  ;              ; 1.2V    ; --         ;                 ; --       ; --           ;
; N8       ;            ;          ; VCCINT                                                ; power  ;              ; 1.2V    ; --         ;                 ; --       ; --           ;
; N9       ;            ;          ; GND                                                   ; gnd    ;              ;         ; --         ;                 ; --       ; --           ;
; N10      ;            ;          ; VCCINT                                                ; power  ;              ; 1.2V    ; --         ;                 ; --       ; --           ;
; N11      ;            ;          ; GND                                                   ; gnd    ;              ;         ; --         ;                 ; --       ; --           ;
; N12      ;            ;          ; VCCINT                                                ; power  ;              ; 1.2V    ; --         ;                 ; --       ; --           ;
; N13      ;            ;          ; GND                                                   ; gnd    ;              ;         ; --         ;                 ; --       ; --           ;
; N14      ;            ;          ; VCCINT                                                ; power  ;              ; 1.2V    ; --         ;                 ; --       ; --           ;
; N15      ;            ;          ; GND                                                   ; gnd    ;              ;         ; --         ;                 ; --       ; --           ;
; N16      ;            ;          ; VCCINT                                                ; power  ;              ; 1.2V    ; --         ;                 ; --       ; --           ;
; N17      ;            ;          ; GND                                                   ; gnd    ;              ;         ; --         ;                 ; --       ; --           ;
; N18      ;            ;          ; VCCINT                                                ; power  ;              ; 1.2V    ; --         ;                 ; --       ; --           ;
; N19      ;            ;          ; GND                                                   ; gnd    ;              ;         ; --         ;                 ; --       ; --           ;
; N20      ;            ;          ; VCCINT                                                ; power  ;              ; 1.2V    ; --         ;                 ; --       ; --           ;
; N21      ; 309        ; 6        ; Data_BUS_WRITE[20]                                    ; output ; 2.5 V        ;         ; Row I/O    ; N               ; no       ; Off          ;
; N22      ;            ; 6        ; VCCIO6                                                ; power  ;              ; 2.5V    ; --         ;                 ; --       ; --           ;
; N23      ;            ; 6        ; VCCIO6                                                ; power  ;              ; 2.5V    ; --         ;                 ; --       ; --           ;
; N24      ; 298        ; 6        ; ADDR[5]                                               ; output ; 2.5 V        ;         ; Row I/O    ; N               ; no       ; Off          ;
; N25      ; 294        ; 6        ; ADDR_Prog[20]                                         ; output ; 2.5 V        ;         ; Row I/O    ; N               ; no       ; Off          ;
; N26      ; 286        ; 6        ; ADDR_Prog[11]                                         ; output ; 2.5 V        ;         ; Row I/O    ; N               ; no       ; Off          ;
; N27      ; 292        ; 6        ; Data_BUS_READ[9]                                      ; input  ; 2.5 V        ;         ; Row I/O    ; N               ; no       ; Off          ;
; N28      ; 291        ; 6        ; Prog_BUS_READ[1]                                      ; input  ; 2.5 V        ;         ; Row I/O    ; N               ; no       ; Off          ;
; N29      ; 288        ; 6        ; ADDR_Prog[18]                                         ; output ; 2.5 V        ;         ; Row I/O    ; N               ; no       ; Off          ;
; N30      ; 287        ; 6        ; ADDR_Prog[9]                                          ; output ; 2.5 V        ;         ; Row I/O    ; N               ; no       ; Off          ;
; P1       ;            ;          ; GND                                                   ; gnd    ;              ;         ; --         ;                 ; --       ; --           ;
; P2       ;            ;          ; GND                                                   ; gnd    ;              ;         ; --         ;                 ; --       ; --           ;
; P3       ; 13         ; QL1      ; GXB_NC                                                ;        ;              ;         ; --         ;                 ; --       ; --           ;
; P4       ; 12         ; QL1      ; GXB_NC                                                ;        ;              ;         ; --         ;                 ; --       ; --           ;
; P5       ;            ;          ; GND                                                   ; gnd    ;              ;         ; --         ;                 ; --       ; --           ;
; P6       ;            ; --       ; VCCL_GXB                                              ; power  ;              ; 1.2V    ; --         ;                 ; --       ; --           ;
; P7       ;            ;          ; VCCD_PLL                                              ; power  ;              ; 1.2V    ; --         ;                 ; --       ; --           ;
; P8       ;            ;          ; GND                                                   ; gnd    ;              ;         ; --         ;                 ; --       ; --           ;
; P9       ;            ;          ; VCCINT                                                ; power  ;              ; 1.2V    ; --         ;                 ; --       ; --           ;
; P10      ;            ;          ; GND                                                   ; gnd    ;              ;         ; --         ;                 ; --       ; --           ;
; P11      ;            ;          ; VCCINT                                                ; power  ;              ; 1.2V    ; --         ;                 ; --       ; --           ;
; P12      ;            ;          ; GND                                                   ; gnd    ;              ;         ; --         ;                 ; --       ; --           ;
; P13      ;            ;          ; VCCINT                                                ; power  ;              ; 1.2V    ; --         ;                 ; --       ; --           ;
; P14      ;            ;          ; GND                                                   ; gnd    ;              ;         ; --         ;                 ; --       ; --           ;
; P15      ;            ;          ; VCCINT                                                ; power  ;              ; 1.2V    ; --         ;                 ; --       ; --           ;
; P16      ;            ;          ; GND                                                   ; gnd    ;              ;         ; --         ;                 ; --       ; --           ;
; P17      ;            ;          ; VCCINT                                                ; power  ;              ; 1.2V    ; --         ;                 ; --       ; --           ;
; P18      ;            ;          ; GND                                                   ; gnd    ;              ;         ; --         ;                 ; --       ; --           ;
; P19      ;            ;          ; VCCINT                                                ; power  ;              ; 1.2V    ; --         ;                 ; --       ; --           ;
; P20      ;            ;          ; GND                                                   ; gnd    ;              ;         ; --         ;                 ; --       ; --           ;
; P21      ; 310        ; 6        ; Data_BUS_WRITE[7]                                     ; output ; 2.5 V        ;         ; Row I/O    ; N               ; no       ; Off          ;
; P22      ;            ; 6        ; VCCIO6                                                ; power  ;              ; 2.5V    ; --         ;                 ; --       ; --           ;
; P23      ;            ;          ; GND                                                   ; gnd    ;              ;         ; --         ;                 ; --       ; --           ;
; P24      ;            ; 6        ; VCCIO6                                                ; power  ;              ; 2.5V    ; --         ;                 ; --       ; --           ;
; P25      ; 289        ; 6        ; ADDR_Prog[6]                                          ; output ; 2.5 V        ;         ; Row I/O    ; N               ; no       ; Off          ;
; P26      ;            ;          ; GND                                                   ; gnd    ;              ;         ; --         ;                 ; --       ; --           ;
; P27      ; 285        ; 6        ; ADDR_Prog[21]                                         ; output ; 2.5 V        ;         ; Row I/O    ; N               ; no       ; Off          ;
; P28      ; 284        ; 6        ; ADDR_Prog[26]                                         ; output ; 2.5 V        ;         ; Row I/O    ; N               ; no       ; Off          ;
; P29      ;            ;          ; GND                                                   ; gnd    ;              ;         ; --         ;                 ; --       ; --           ;
; P30      ; 282        ; 6        ; Prog_BUS_READ[5]                                      ; input  ; 2.5 V        ;         ; Row I/O    ; N               ; no       ; Off          ;
; R1       ; 15         ; QL1      ; GXB_GND*                                              ;        ;              ;         ; --         ;                 ; --       ; --           ;
; R2       ; 14         ; QL1      ; GXB_GND*                                              ;        ;              ;         ; --         ;                 ; --       ; --           ;
; R3       ;            ;          ; GND                                                   ; gnd    ;              ;         ; --         ;                 ; --       ; --           ;
; R4       ;            ;          ; GND                                                   ; gnd    ;              ;         ; --         ;                 ; --       ; --           ;
; R5       ;            ;          ; GND                                                   ; gnd    ;              ;         ; --         ;                 ; --       ; --           ;
; R6       ;            ; --       ; VCCA_GXB                                              ; power  ;              ; 2.5V    ; --         ;                 ; --       ; --           ;
; R7       ;            ;          ; GND                                                   ; gnd    ;              ;         ; --         ;                 ; --       ; --           ;
; R8       ;            ; --       ; VCCA                                                  ; power  ;              ; 2.5V    ; --         ;                 ; --       ; --           ;
; R9       ;            ;          ; GND                                                   ; gnd    ;              ;         ; --         ;                 ; --       ; --           ;
; R10      ;            ;          ; VCCINT                                                ; power  ;              ; 1.2V    ; --         ;                 ; --       ; --           ;
; R11      ;            ;          ; GND                                                   ; gnd    ;              ;         ; --         ;                 ; --       ; --           ;
; R12      ;            ;          ; VCCINT                                                ; power  ;              ; 1.2V    ; --         ;                 ; --       ; --           ;
; R13      ;            ;          ; GND                                                   ; gnd    ;              ;         ; --         ;                 ; --       ; --           ;
; R14      ;            ;          ; VCCINT                                                ; power  ;              ; 1.2V    ; --         ;                 ; --       ; --           ;
; R15      ;            ;          ; GND                                                   ; gnd    ;              ;         ; --         ;                 ; --       ; --           ;
; R16      ;            ;          ; VCCINT                                                ; power  ;              ; 1.2V    ; --         ;                 ; --       ; --           ;
; R17      ;            ;          ; GND                                                   ; gnd    ;              ;         ; --         ;                 ; --       ; --           ;
; R18      ;            ;          ; VCCINT                                                ; power  ;              ; 1.2V    ; --         ;                 ; --       ; --           ;
; R19      ;            ;          ; GND                                                   ; gnd    ;              ;         ; --         ;                 ; --       ; --           ;
; R20      ;            ;          ; VCCINT                                                ; power  ;              ; 1.2V    ; --         ;                 ; --       ; --           ;
; R21      ;            ;          ; GND                                                   ; gnd    ;              ;         ; --         ;                 ; --       ; --           ;
; R22      ;            ; 6        ; VCCIO6                                                ; power  ;              ; 2.5V    ; --         ;                 ; --       ; --           ;
; R23      ;            ; 6        ; VCCIO6                                                ; power  ;              ; 2.5V    ; --         ;                 ; --       ; --           ;
; R24      ; 290        ; 6        ; Prog_BUS_READ[28]                                     ; input  ; 2.5 V        ;         ; Row I/O    ; N               ; no       ; Off          ;
; R25      ; 279        ; 6        ; ADDR_Prog[8]                                          ; output ; 2.5 V        ;         ; Row I/O    ; N               ; no       ; Off          ;
; R26      ; 278        ; 6        ; ADDR_Prog[7]                                          ; output ; 2.5 V        ;         ; Row I/O    ; N               ; no       ; Off          ;
; R27      ; 281        ; 6        ; Prog_BUS_READ[20]                                     ; input  ; 2.5 V        ;         ; Row I/O    ; N               ; no       ; Off          ;
; R28      ; 280        ; 6        ; ADDR_Prog[30]                                         ; output ; 2.5 V        ;         ; Row I/O    ; N               ; no       ; Off          ;
; R29      ; 276        ; 6        ; Prog_BUS_READ[30]                                     ; input  ; 2.5 V        ;         ; Row I/O    ; N               ; no       ; Off          ;
; R30      ; 283        ; 6        ; ADDR_Prog[29]                                         ; output ; 2.5 V        ;         ; Row I/O    ; N               ; no       ; Off          ;
; T1       ;            ;          ; GND                                                   ; gnd    ;              ;         ; --         ;                 ; --       ; --           ;
; T2       ;            ;          ; GND                                                   ; gnd    ;              ;         ; --         ;                 ; --       ; --           ;
; T3       ; 17         ; QL0      ; GXB_NC                                                ;        ;              ;         ; --         ;                 ; --       ; --           ;
; T4       ; 16         ; QL0      ; GXB_NC                                                ;        ;              ;         ; --         ;                 ; --       ; --           ;
; T5       ;            ;          ; GND                                                   ; gnd    ;              ;         ; --         ;                 ; --       ; --           ;
; T6       ;            ; --       ; VCCL_GXB                                              ; power  ;              ; 1.2V    ; --         ;                 ; --       ; --           ;
; T7       ;            ;          ; GND                                                   ; gnd    ;              ;         ; --         ;                 ; --       ; --           ;
; T8       ;            ; --       ; VCCA                                                  ; power  ;              ; 2.5V    ; --         ;                 ; --       ; --           ;
; T9       ;            ;          ; VCCINT                                                ; power  ;              ; 1.2V    ; --         ;                 ; --       ; --           ;
; T10      ;            ;          ; GND                                                   ; gnd    ;              ;         ; --         ;                 ; --       ; --           ;
; T11      ;            ;          ; VCCINT                                                ; power  ;              ; 1.2V    ; --         ;                 ; --       ; --           ;
; T12      ;            ;          ; GND                                                   ; gnd    ;              ;         ; --         ;                 ; --       ; --           ;
; T13      ;            ;          ; VCCINT                                                ; power  ;              ; 1.2V    ; --         ;                 ; --       ; --           ;
; T14      ;            ;          ; GND                                                   ; gnd    ;              ;         ; --         ;                 ; --       ; --           ;
; T15      ;            ;          ; VCCINT                                                ; power  ;              ; 1.2V    ; --         ;                 ; --       ; --           ;
; T16      ;            ;          ; GND                                                   ; gnd    ;              ;         ; --         ;                 ; --       ; --           ;
; T17      ;            ;          ; VCCINT                                                ; power  ;              ; 1.2V    ; --         ;                 ; --       ; --           ;
; T18      ;            ;          ; GND                                                   ; gnd    ;              ;         ; --         ;                 ; --       ; --           ;
; T19      ;            ;          ; VCCINT                                                ; power  ;              ; 1.2V    ; --         ;                 ; --       ; --           ;
; T20      ;            ;          ; GND                                                   ; gnd    ;              ;         ; --         ;                 ; --       ; --           ;
; T21      ; 251        ; 5        ; RESERVED_INPUT_WITH_WEAK_PULLUP                       ;        ;              ;         ; Row I/O    ;                 ; no       ; On           ;
; T22      ;            ;          ; GND                                                   ; gnd    ;              ;         ; --         ;                 ; --       ; --           ;
; T23      ; 269        ; 5        ; ADDR_Prog[3]                                          ; output ; 2.5 V        ;         ; Row I/O    ; N               ; no       ; Off          ;
; T24      ; 268        ; 5        ; ADDR_Prog[0]                                          ; output ; 2.5 V        ;         ; Row I/O    ; N               ; no       ; Off          ;
; T25      ; 255        ; 5        ; RESERVED_INPUT_WITH_WEAK_PULLUP                       ;        ;              ;         ; Row I/O    ;                 ; no       ; On           ;
; T26      ; 271        ; 5        ; CS_P                                                  ; output ; 2.5 V        ;         ; Row I/O    ; N               ; no       ; Off          ;
; T27      ; 270        ; 5        ; ADDR_Prog[27]                                         ; output ; 2.5 V        ;         ; Row I/O    ; N               ; no       ; Off          ;
; T28      ; 277        ; 6        ; ADDR_Prog[31]                                         ; output ; 2.5 V        ;         ; Row I/O    ; N               ; no       ; Off          ;
; T29      ; 275        ; 6        ; GND+                                                  ;        ;              ;         ; Row I/O    ;                 ; --       ; --           ;
; T30      ; 274        ; 6        ; GND+                                                  ;        ;              ;         ; Row I/O    ;                 ; --       ; --           ;
; U1       ; 19         ; QL0      ; GXB_GND*                                              ;        ;              ;         ; --         ;                 ; --       ; --           ;
; U2       ; 18         ; QL0      ; GXB_GND*                                              ;        ;              ;         ; --         ;                 ; --       ; --           ;
; U3       ;            ;          ; GND                                                   ; gnd    ;              ;         ; --         ;                 ; --       ; --           ;
; U4       ;            ;          ; GND                                                   ; gnd    ;              ;         ; --         ;                 ; --       ; --           ;
; U5       ;            ;          ; GND                                                   ; gnd    ;              ;         ; --         ;                 ; --       ; --           ;
; U6       ;            ; --       ; VCCH_GXB                                              ; power  ;              ; 2.5V    ; --         ;                 ; --       ; --           ;
; U7       ;            ;          ; VCCD_PLL                                              ; power  ;              ; 1.2V    ; --         ;                 ; --       ; --           ;
; U8       ;            ;          ; VCCINT                                                ; power  ;              ; 1.2V    ; --         ;                 ; --       ; --           ;
; U9       ;            ;          ; GND                                                   ; gnd    ;              ;         ; --         ;                 ; --       ; --           ;
; U10      ;            ;          ; VCCINT                                                ; power  ;              ; 1.2V    ; --         ;                 ; --       ; --           ;
; U11      ;            ;          ; GND                                                   ; gnd    ;              ;         ; --         ;                 ; --       ; --           ;
; U12      ;            ;          ; VCCINT                                                ; power  ;              ; 1.2V    ; --         ;                 ; --       ; --           ;
; U13      ;            ;          ; GND                                                   ; gnd    ;              ;         ; --         ;                 ; --       ; --           ;
; U14      ;            ;          ; VCCINT                                                ; power  ;              ; 1.2V    ; --         ;                 ; --       ; --           ;
; U15      ;            ;          ; GND                                                   ; gnd    ;              ;         ; --         ;                 ; --       ; --           ;
; U16      ;            ;          ; VCCINT                                                ; power  ;              ; 1.2V    ; --         ;                 ; --       ; --           ;
; U17      ;            ;          ; GND                                                   ; gnd    ;              ;         ; --         ;                 ; --       ; --           ;
; U18      ;            ;          ; VCCINT                                                ; power  ;              ; 1.2V    ; --         ;                 ; --       ; --           ;
; U19      ;            ;          ; GND                                                   ; gnd    ;              ;         ; --         ;                 ; --       ; --           ;
; U20      ;            ;          ; VCCINT                                                ; power  ;              ; 1.2V    ; --         ;                 ; --       ; --           ;
; U21      ; 252        ; 5        ; RESERVED_INPUT_WITH_WEAK_PULLUP                       ;        ;              ;         ; Row I/O    ;                 ; no       ; On           ;
; U22      ;            ; 5        ; VCCIO5                                                ; power  ;              ; 2.5V    ; --         ;                 ; --       ; --           ;
; U23      ;            ;          ; GND                                                   ; gnd    ;              ;         ; --         ;                 ; --       ; --           ;
; U24      ;            ; 5        ; VCCIO5                                                ; power  ;              ; 2.5V    ; --         ;                 ; --       ; --           ;
; U25      ; 256        ; 5        ; ADDR_Prog[23]                                         ; output ; 2.5 V        ;         ; Row I/O    ; N               ; no       ; Off          ;
; U26      ;            ;          ; GND                                                   ; gnd    ;              ;         ; --         ;                 ; --       ; --           ;
; U27      ; 266        ; 5        ; Prog_BUS_READ[19]                                     ; input  ; 2.5 V        ;         ; Row I/O    ; N               ; no       ; Off          ;
; U28      ; 265        ; 5        ; ADDR_Prog[22]                                         ; output ; 2.5 V        ;         ; Row I/O    ; N               ; no       ; Off          ;
; U29      ;            ;          ; GND                                                   ; gnd    ;              ;         ; --         ;                 ; --       ; --           ;
; U30      ; 267        ; 5        ; Prog_BUS_READ[22]                                     ; input  ; 2.5 V        ;         ; Row I/O    ; N               ; no       ; Off          ;
; V1       ;            ;          ; GND                                                   ; gnd    ;              ;         ; --         ;                 ; --       ; --           ;
; V2       ;            ;          ; GND                                                   ; gnd    ;              ;         ; --         ;                 ; --       ; --           ;
; V3       ; 21         ; QL0      ; GXB_NC                                                ;        ;              ;         ; --         ;                 ; --       ; --           ;
; V4       ; 20         ; QL0      ; GXB_NC                                                ;        ;              ;         ; --         ;                 ; --       ; --           ;
; V5       ;            ; --       ; VCCL_GXB                                              ; power  ;              ; 1.2V    ; --         ;                 ; --       ; --           ;
; V6       ;            ;          ; GND                                                   ; gnd    ;              ;         ; --         ;                 ; --       ; --           ;
; V7       ;            ; --       ; VCCA_GXB                                              ; power  ;              ; 2.5V    ; --         ;                 ; --       ; --           ;
; V8       ;            ;          ; GND                                                   ; gnd    ;              ;         ; --         ;                 ; --       ; --           ;
; V9       ;            ;          ; VCCINT                                                ; power  ;              ; 1.2V    ; --         ;                 ; --       ; --           ;
; V10      ;            ;          ; GND                                                   ; gnd    ;              ;         ; --         ;                 ; --       ; --           ;
; V11      ; 41         ; 3B       ; GXB_GND*                                              ;        ;              ;         ; Column I/O ;                 ; --       ; --           ;
; V12      ; 43         ; 3B       ; CLK                                                   ; input  ; 2.5 V        ;         ; Column I/O ; N               ; no       ; Off          ;
; V13      ;            ;          ; VCCINT                                                ; power  ;              ; 1.2V    ; --         ;                 ; --       ; --           ;
; V14      ;            ;          ; GND                                                   ; gnd    ;              ;         ; --         ;                 ; --       ; --           ;
; V15      ; 124        ; 3A       ; GXB_GND*                                              ;        ;              ;         ; Column I/O ;                 ; --       ; --           ;
; V16      ;            ;          ; GND                                                   ; gnd    ;              ;         ; --         ;                 ; --       ; --           ;
; V17      ;            ;          ; VCCINT                                                ; power  ;              ; 1.2V    ; --         ;                 ; --       ; --           ;
; V18      ;            ;          ; GND                                                   ; gnd    ;              ;         ; --         ;                 ; --       ; --           ;
; V19      ;            ;          ; VCCINT                                                ; power  ;              ; 1.2V    ; --         ;                 ; --       ; --           ;
; V20      ;            ;          ; GND                                                   ; gnd    ;              ;         ; --         ;                 ; --       ; --           ;
; V21      ; 244        ; 5        ; RESERVED_INPUT_WITH_WEAK_PULLUP                       ;        ;              ;         ; Row I/O    ;                 ; --       ; --           ;
; V22      ;            ; 5        ; VCCIO5                                                ; power  ;              ; 2.5V    ; --         ;                 ; --       ; --           ;
; V23      ;            ; 5        ; VCCIO5                                                ; power  ;              ; 2.5V    ; --         ;                 ; --       ; --           ;
; V24      ;            ;          ; GND                                                   ; gnd    ;              ;         ; --         ;                 ; --       ; --           ;
; V25      ; 254        ; 5        ; RESERVED_INPUT_WITH_WEAK_PULLUP                       ;        ;              ;         ; Row I/O    ;                 ; no       ; On           ;
; V26      ; 253        ; 5        ; Prog_BUS_READ[12]                                     ; input  ; 2.5 V        ;         ; Row I/O    ; N               ; no       ; Off          ;
; V27      ; 264        ; 5        ; ADDR_Prog[5]                                          ; output ; 2.5 V        ;         ; Row I/O    ; N               ; no       ; Off          ;
; V28      ; 263        ; 5        ; ADDR_Prog[12]                                         ; output ; 2.5 V        ;         ; Row I/O    ; N               ; no       ; Off          ;
; V29      ; 273        ; 5        ; GND+                                                  ;        ;              ;         ; Row I/O    ;                 ; --       ; --           ;
; V30      ; 272        ; 5        ; GND+                                                  ;        ;              ;         ; Row I/O    ;                 ; --       ; --           ;
; W1       ; 23         ; QL0      ; GXB_GND*                                              ;        ;              ;         ; --         ;                 ; --       ; --           ;
; W2       ; 22         ; QL0      ; GXB_GND*                                              ;        ;              ;         ; --         ;                 ; --       ; --           ;
; W3       ;            ;          ; GND                                                   ; gnd    ;              ;         ; --         ;                 ; --       ; --           ;
; W4       ;            ;          ; GND                                                   ; gnd    ;              ;         ; --         ;                 ; --       ; --           ;
; W5       ;            ;          ; GND                                                   ; gnd    ;              ;         ; --         ;                 ; --       ; --           ;
; W6       ;            ;          ; GND                                                   ; gnd    ;              ;         ; --         ;                 ; --       ; --           ;
; W7       ;            ; --       ; VCCH_GXB                                              ; power  ;              ; 2.5V    ; --         ;                 ; --       ; --           ;
; W8       ;            ;          ; VCCINT                                                ; power  ;              ; 1.2V    ; --         ;                 ; --       ; --           ;
; W9       ;            ;          ; GND                                                   ; gnd    ;              ;         ; --         ;                 ; --       ; --           ;
; W10      ;            ;          ; VCCINT                                                ; power  ;              ; 1.2V    ; --         ;                 ; --       ; --           ;
; W11      ; 42         ; 3B       ; GXB_GND*                                              ;        ;              ;         ; Column I/O ;                 ; --       ; --           ;
; W12      ; 44         ; 3B       ; GXB_GND*                                              ;        ;              ;         ; Column I/O ;                 ; --       ; --           ;
; W13      ;            ;          ; GND                                                   ; gnd    ;              ;         ; --         ;                 ; --       ; --           ;
; W14      ;            ;          ; VCCINT                                                ; power  ;              ; 1.2V    ; --         ;                 ; --       ; --           ;
; W15      ; 125        ; 3A       ; Reset                                                 ; input  ; 2.5 V        ;         ; Column I/O ; N               ; no       ; Off          ;
; W16      ;            ; 3A       ; VCC_CLKIN3A                                           ; power  ;              ; 2.5V    ; --         ;                 ; --       ; --           ;
; W17      ;            ;          ; GND                                                   ; gnd    ;              ;         ; --         ;                 ; --       ; --           ;
; W18      ;            ;          ; VCCINT                                                ; power  ;              ; 1.2V    ; --         ;                 ; --       ; --           ;
; W19      ;            ;          ; GND                                                   ; gnd    ;              ;         ; --         ;                 ; --       ; --           ;
; W20      ;            ;          ; VCCINT                                                ; power  ;              ; 1.2V    ; --         ;                 ; --       ; --           ;
; W21      ;            ;          ; GND                                                   ; gnd    ;              ;         ; --         ;                 ; --       ; --           ;
; W22      ;            ; 5        ; VCCIO5                                                ; power  ;              ; 2.5V    ; --         ;                 ; --       ; --           ;
; W23      ;            ; 5        ; VCCIO5                                                ; power  ;              ; 2.5V    ; --         ;                 ; --       ; --           ;
; W24      ;            ; 5        ; VCCIO5                                                ; power  ;              ; 2.5V    ; --         ;                 ; --       ; --           ;
; W25      ; 258        ; 5        ; ADDR_Prog[10]                                         ; output ; 2.5 V        ;         ; Row I/O    ; N               ; no       ; Off          ;
; W26      ; 257        ; 5        ; ADDR_Prog[19]                                         ; output ; 2.5 V        ;         ; Row I/O    ; N               ; no       ; Off          ;
; W27      ; 260        ; 5        ; ADDR_Prog[16]                                         ; output ; 2.5 V        ;         ; Row I/O    ; N               ; no       ; Off          ;
; W28      ; 259        ; 5        ; RESERVED_INPUT_WITH_WEAK_PULLUP                       ;        ;              ;         ; Row I/O    ;                 ; no       ; On           ;
; W29      ; 262        ; 5        ; RESERVED_INPUT_WITH_WEAK_PULLUP                       ;        ;              ;         ; Row I/O    ;                 ; no       ; On           ;
; W30      ; 261        ; 5        ; RESERVED_INPUT_WITH_WEAK_PULLUP                       ;        ;              ;         ; Row I/O    ;                 ; no       ; On           ;
; Y1       ;            ;          ; GND                                                   ; gnd    ;              ;         ; --         ;                 ; --       ; --           ;
; Y2       ;            ;          ; GND                                                   ; gnd    ;              ;         ; --         ;                 ; --       ; --           ;
; Y3       ; 25         ; QL0      ; GXB_NC                                                ;        ;              ;         ; --         ;                 ; --       ; --           ;
; Y4       ; 24         ; QL0      ; GXB_NC                                                ;        ;              ;         ; --         ;                 ; --       ; --           ;
; Y5       ;            ; --       ; VCCL_GXB                                              ; power  ;              ; 1.2V    ; --         ;                 ; --       ; --           ;
; Y6       ;            ; --       ; VCCA_GXB                                              ; power  ;              ; 2.5V    ; --         ;                 ; --       ; --           ;
; Y7       ;            ;          ; VCCD_PLL                                              ; power  ;              ; 1.2V    ; --         ;                 ; --       ; --           ;
; Y8       ;            ;          ; VCCD_PLL                                              ; power  ;              ; 1.2V    ; --         ;                 ; --       ; --           ;
; Y9       ;            ;          ; GND                                                   ; gnd    ;              ;         ; --         ;                 ; --       ; --           ;
; Y10      ;            ;          ; GND                                                   ; gnd    ;              ;         ; --         ;                 ; --       ; --           ;
; Y11      ;            ;          ; VCCINT                                                ; power  ;              ; 1.2V    ; --         ;                 ; --       ; --           ;
; Y12      ;            ; 3B       ; VCC_CLKIN3B                                           ; power  ;              ; 2.5V    ; --         ;                 ; --       ; --           ;
; Y13      ;            ;          ; VCCINT                                                ; power  ;              ; 1.2V    ; --         ;                 ; --       ; --           ;
; Y14      ;            ;          ; GND                                                   ; gnd    ;              ;         ; --         ;                 ; --       ; --           ;
; Y15      ;            ;          ; VCCINT                                                ; power  ;              ; 1.2V    ; --         ;                 ; --       ; --           ;
; Y16      ;            ;          ; GND                                                   ; gnd    ;              ;         ; --         ;                 ; --       ; --           ;
; Y17      ; 128        ; 4        ; Prog_BUS_READ[18]                                     ; input  ; 2.5 V        ;         ; Column I/O ; N               ; no       ; Off          ;
; Y18      ; 153        ; 4        ; RESERVED_INPUT_WITH_WEAK_PULLUP                       ;        ;              ;         ; Column I/O ;                 ; no       ; On           ;
; Y19      ; 164        ; 4        ; RESERVED_INPUT_WITH_WEAK_PULLUP                       ;        ;              ;         ; Column I/O ;                 ; no       ; On           ;
; Y20      ; 191        ; 4        ; RESERVED_INPUT_WITH_WEAK_PULLUP                       ;        ;              ;         ; Column I/O ;                 ; no       ; On           ;
; Y21      ; 192        ; 4        ; RESERVED_INPUT_WITH_WEAK_PULLUP                       ;        ;              ;         ; Column I/O ;                 ; no       ; On           ;
; Y22      ; 234        ; 5        ; RESERVED_INPUT_WITH_WEAK_PULLUP                       ;        ;              ;         ; Row I/O    ;                 ; no       ; On           ;
; Y23      ;            ;          ; GND                                                   ; gnd    ;              ;         ; --         ;                 ; --       ; --           ;
; Y24      ;            ; 5        ; VCCIO5                                                ; power  ;              ; 2.5V    ; --         ;                 ; --       ; --           ;
; Y25      ; 214        ; 5        ; RESERVED_INPUT_WITH_WEAK_PULLUP                       ;        ;              ;         ; Row I/O    ;                 ; no       ; On           ;
; Y26      ;            ;          ; GND                                                   ; gnd    ;              ;         ; --         ;                 ; --       ; --           ;
; Y27      ; 221        ; 5        ; RESERVED_INPUT_WITH_WEAK_PULLUP                       ;        ;              ;         ; Row I/O    ;                 ; no       ; On           ;
; Y28      ; 245        ; 5        ; RESERVED_INPUT_WITH_WEAK_PULLUP                       ;        ;              ;         ; Row I/O    ;                 ; no       ; On           ;
; Y29      ;            ;          ; GND                                                   ; gnd    ;              ;         ; --         ;                 ; --       ; --           ;
; Y30      ; 249        ; 5        ; RESERVED_INPUT_WITH_WEAK_PULLUP                       ;        ;              ;         ; Row I/O    ;                 ; no       ; On           ;
+----------+------------+----------+-------------------------------------------------------+--------+--------------+---------+------------+-----------------+----------+--------------+
Note: Pin directions (input, output or bidir) are based on device operating in user mode.


+------------------------------------------------------------------------------------------------+
; PLL Summary                                                                                    ;
+-------------------------------+----------------------------------------------------------------+
; Name                          ; PLL:pll|altpll:altpll_component|PLL_altpll:auto_generated|pll1 ;
+-------------------------------+----------------------------------------------------------------+
; SDC pin name                  ; pll|altpll_component|auto_generated|pll1                       ;
; PLL type                      ; GPLL                                                           ;
; PLL mode                      ; Normal                                                         ;
; Compensate clock              ; clock0                                                         ;
; Compensated input/output pins ; --                                                             ;
; Switchover type               ; --                                                             ;
; Input frequency 0             ; 100.0 MHz                                                      ;
; Input frequency 1             ; --                                                             ;
; Nominal PFD frequency         ; 100.0 MHz                                                      ;
; Nominal VCO frequency         ; 600.0 MHz                                                      ;
; VCO post scale K counter      ; 2                                                              ;
; VCO frequency control         ; Auto                                                           ;
; VCO phase shift step          ; 208 ps                                                         ;
; VCO multiply                  ; --                                                             ;
; VCO divide                    ; --                                                             ;
; DPA multiply                  ; --                                                             ;
; DPA divide                    ; --                                                             ;
; DPA divider counter value     ; 1                                                              ;
; Freq min lock                 ; 50.01 MHz                                                      ;
; Freq max lock                 ; 133.33 MHz                                                     ;
; M VCO Tap                     ; 0                                                              ;
; M Initial                     ; 1                                                              ;
; M value                       ; 6                                                              ;
; N value                       ; 1                                                              ;
; Charge pump current           ; setting 1                                                      ;
; Loop filter resistance        ; setting 27                                                     ;
; Loop filter capacitance       ; setting 0                                                      ;
; Bandwidth                     ; 1.03 MHz to 1.97 MHz                                           ;
; Bandwidth type                ; Medium                                                         ;
; Real time reconfigurable      ; Off                                                            ;
; Scan chain MIF file           ; --                                                             ;
; Preserve PLL counter order    ; Off                                                            ;
; PLL location                  ; PLL_1                                                          ;
; Inclk0 signal                 ; CLK                                                            ;
; Inclk1 signal                 ; --                                                             ;
; Inclk0 signal type            ; Dedicated Pin                                                  ;
; Inclk1 signal type            ; --                                                             ;
+-------------------------------+----------------------------------------------------------------+


+-------------------------------------------------------------------------------------------------------------------------------------------------------------------------------------------------------------------------------------------------+
; PLL Usage                                                                                                                                                                                                                                       ;
+--------------------+--------------+------+------+------------------+-------------+------------------+------------+---------+---------------+--------------+---------------+---------+---------+-------------------------------------------------+
; Name               ; Output Clock ; Mult ; Div  ; Output Frequency ; Phase Shift ; Phase Shift Step ; Duty Cycle ; Counter ; Counter Value ; High / Low   ; Cascade Input ; Initial ; VCO Tap ; SDC Pin Name                                    ;
+--------------------+--------------+------+------+------------------+-------------+------------------+------------+---------+---------------+--------------+---------------+---------+---------+-------------------------------------------------+
; CLK_SYS            ; clock0       ; 1    ; 1250 ; 0.08 MHz         ; 0 (0 ps)    ; 0.09 (208 ps)    ; 50/50      ; C1      ; 500           ; 250/250 Even ; C0            ; 1       ; 0       ; pll|altpll_component|auto_generated|pll1|clk[0] ;
; CLK_MUL            ; clock1       ; 3    ; 2500 ; 0.12 MHz         ; 0 (0 ps)    ; 0.09 (208 ps)    ; 50/50      ; C3      ; 500           ; 250/250 Even ; C2            ; 1       ; 0       ; pll|altpll_component|auto_generated|pll1|clk[1] ;
; CLK_MUL~cascade_in ; --           ; --   ; --   ; --               ; --          ; --               ; --         ; C2      ; 10            ; 5/5 Even     ; --            ; 1       ; 0       ;                                                 ;
; CLK_SYS~cascade_in ; --           ; --   ; --   ; --               ; --          ; --               ; --         ; C0      ; 15            ; 7/8 Odd      ; --            ; 1       ; 0       ;                                                 ;
+--------------------+--------------+------+------+------------------+-------------+------------------+------------+---------+---------------+--------------+---------------+---------+---------+-------------------------------------------------+


+----------------------------------------------------+
; I/O Assignment Warnings                            ;
+--------------------+-------------------------------+
; Pin Name           ; Reason                        ;
+--------------------+-------------------------------+
; Prog_BUS_READ[6]   ; Incomplete set of assignments ;
; Prog_BUS_READ[7]   ; Incomplete set of assignments ;
; Prog_BUS_READ[8]   ; Incomplete set of assignments ;
; Prog_BUS_READ[9]   ; Incomplete set of assignments ;
; Prog_BUS_READ[10]  ; Incomplete set of assignments ;
; ADDR[0]            ; Incomplete set of assignments ;
; ADDR[1]            ; Incomplete set of assignments ;
; ADDR[2]            ; Incomplete set of assignments ;
; ADDR[3]            ; Incomplete set of assignments ;
; ADDR[4]            ; Incomplete set of assignments ;
; ADDR[5]            ; Incomplete set of assignments ;
; ADDR[6]            ; Incomplete set of assignments ;
; ADDR[7]            ; Incomplete set of assignments ;
; ADDR[8]            ; Incomplete set of assignments ;
; ADDR[9]            ; Incomplete set of assignments ;
; ADDR[10]           ; Incomplete set of assignments ;
; ADDR[11]           ; Incomplete set of assignments ;
; ADDR[12]           ; Incomplete set of assignments ;
; ADDR[13]           ; Incomplete set of assignments ;
; ADDR[14]           ; Incomplete set of assignments ;
; ADDR[15]           ; Incomplete set of assignments ;
; ADDR[16]           ; Incomplete set of assignments ;
; ADDR[17]           ; Incomplete set of assignments ;
; ADDR[18]           ; Incomplete set of assignments ;
; ADDR[19]           ; Incomplete set of assignments ;
; ADDR[20]           ; Incomplete set of assignments ;
; ADDR[21]           ; Incomplete set of assignments ;
; ADDR[22]           ; Incomplete set of assignments ;
; ADDR[23]           ; Incomplete set of assignments ;
; ADDR[24]           ; Incomplete set of assignments ;
; ADDR[25]           ; Incomplete set of assignments ;
; ADDR[26]           ; Incomplete set of assignments ;
; ADDR[27]           ; Incomplete set of assignments ;
; ADDR[28]           ; Incomplete set of assignments ;
; ADDR[29]           ; Incomplete set of assignments ;
; ADDR[30]           ; Incomplete set of assignments ;
; ADDR[31]           ; Incomplete set of assignments ;
; Data_BUS_WRITE[0]  ; Incomplete set of assignments ;
; Data_BUS_WRITE[1]  ; Incomplete set of assignments ;
; Data_BUS_WRITE[2]  ; Incomplete set of assignments ;
; Data_BUS_WRITE[3]  ; Incomplete set of assignments ;
; Data_BUS_WRITE[4]  ; Incomplete set of assignments ;
; Data_BUS_WRITE[5]  ; Incomplete set of assignments ;
; Data_BUS_WRITE[6]  ; Incomplete set of assignments ;
; Data_BUS_WRITE[7]  ; Incomplete set of assignments ;
; Data_BUS_WRITE[8]  ; Incomplete set of assignments ;
; Data_BUS_WRITE[9]  ; Incomplete set of assignments ;
; Data_BUS_WRITE[10] ; Incomplete set of assignments ;
; Data_BUS_WRITE[11] ; Incomplete set of assignments ;
; Data_BUS_WRITE[12] ; Incomplete set of assignments ;
; Data_BUS_WRITE[13] ; Incomplete set of assignments ;
; Data_BUS_WRITE[14] ; Incomplete set of assignments ;
; Data_BUS_WRITE[15] ; Incomplete set of assignments ;
; Data_BUS_WRITE[16] ; Incomplete set of assignments ;
; Data_BUS_WRITE[17] ; Incomplete set of assignments ;
; Data_BUS_WRITE[18] ; Incomplete set of assignments ;
; Data_BUS_WRITE[19] ; Incomplete set of assignments ;
; Data_BUS_WRITE[20] ; Incomplete set of assignments ;
; Data_BUS_WRITE[21] ; Incomplete set of assignments ;
; Data_BUS_WRITE[22] ; Incomplete set of assignments ;
; Data_BUS_WRITE[23] ; Incomplete set of assignments ;
; Data_BUS_WRITE[24] ; Incomplete set of assignments ;
; Data_BUS_WRITE[25] ; Incomplete set of assignments ;
; Data_BUS_WRITE[26] ; Incomplete set of assignments ;
; Data_BUS_WRITE[27] ; Incomplete set of assignments ;
; Data_BUS_WRITE[28] ; Incomplete set of assignments ;
; Data_BUS_WRITE[29] ; Incomplete set of assignments ;
; Data_BUS_WRITE[30] ; Incomplete set of assignments ;
; Data_BUS_WRITE[31] ; Incomplete set of assignments ;
; ADDR_Prog[0]       ; Incomplete set of assignments ;
; ADDR_Prog[1]       ; Incomplete set of assignments ;
; ADDR_Prog[2]       ; Incomplete set of assignments ;
; ADDR_Prog[3]       ; Incomplete set of assignments ;
; ADDR_Prog[4]       ; Incomplete set of assignments ;
; ADDR_Prog[5]       ; Incomplete set of assignments ;
; ADDR_Prog[6]       ; Incomplete set of assignments ;
; ADDR_Prog[7]       ; Incomplete set of assignments ;
; ADDR_Prog[8]       ; Incomplete set of assignments ;
; ADDR_Prog[9]       ; Incomplete set of assignments ;
; ADDR_Prog[10]      ; Incomplete set of assignments ;
; ADDR_Prog[11]      ; Incomplete set of assignments ;
; ADDR_Prog[12]      ; Incomplete set of assignments ;
; ADDR_Prog[13]      ; Incomplete set of assignments ;
; ADDR_Prog[14]      ; Incomplete set of assignments ;
; ADDR_Prog[15]      ; Incomplete set of assignments ;
; ADDR_Prog[16]      ; Incomplete set of assignments ;
; ADDR_Prog[17]      ; Incomplete set of assignments ;
; ADDR_Prog[18]      ; Incomplete set of assignments ;
; ADDR_Prog[19]      ; Incomplete set of assignments ;
; ADDR_Prog[20]      ; Incomplete set of assignments ;
; ADDR_Prog[21]      ; Incomplete set of assignments ;
; ADDR_Prog[22]      ; Incomplete set of assignments ;
; ADDR_Prog[23]      ; Incomplete set of assignments ;
; ADDR_Prog[24]      ; Incomplete set of assignments ;
; ADDR_Prog[25]      ; Incomplete set of assignments ;
; ADDR_Prog[26]      ; Incomplete set of assignments ;
; ADDR_Prog[27]      ; Incomplete set of assignments ;
; ADDR_Prog[28]      ; Incomplete set of assignments ;
; ADDR_Prog[29]      ; Incomplete set of assignments ;
; ADDR_Prog[30]      ; Incomplete set of assignments ;
; ADDR_Prog[31]      ; Incomplete set of assignments ;
; CS                 ; Incomplete set of assignments ;
; WE                 ; Incomplete set of assignments ;
; CS_P               ; Incomplete set of assignments ;
; Reset              ; Incomplete set of assignments ;
; Prog_BUS_READ[16]  ; Incomplete set of assignments ;
; Prog_BUS_READ[20]  ; Incomplete set of assignments ;
; Prog_BUS_READ[19]  ; Incomplete set of assignments ;
; Prog_BUS_READ[18]  ; Incomplete set of assignments ;
; Prog_BUS_READ[17]  ; Incomplete set of assignments ;
; CLK                ; Incomplete set of assignments ;
; Prog_BUS_READ[27]  ; Incomplete set of assignments ;
; Prog_BUS_READ[30]  ; Incomplete set of assignments ;
; Prog_BUS_READ[26]  ; Incomplete set of assignments ;
; Prog_BUS_READ[31]  ; Incomplete set of assignments ;
; Prog_BUS_READ[28]  ; Incomplete set of assignments ;
; Prog_BUS_READ[29]  ; Incomplete set of assignments ;
; Prog_BUS_READ[0]   ; Incomplete set of assignments ;
; Prog_BUS_READ[1]   ; Incomplete set of assignments ;
; Prog_BUS_READ[2]   ; Incomplete set of assignments ;
; Prog_BUS_READ[4]   ; Incomplete set of assignments ;
; Prog_BUS_READ[5]   ; Incomplete set of assignments ;
; Prog_BUS_READ[3]   ; Incomplete set of assignments ;
; Prog_BUS_READ[21]  ; Incomplete set of assignments ;
; Prog_BUS_READ[25]  ; Incomplete set of assignments ;
; Prog_BUS_READ[24]  ; Incomplete set of assignments ;
; Prog_BUS_READ[23]  ; Incomplete set of assignments ;
; Prog_BUS_READ[22]  ; Incomplete set of assignments ;
; Data_BUS_READ[0]   ; Incomplete set of assignments ;
; Data_BUS_READ[1]   ; Incomplete set of assignments ;
; Data_BUS_READ[2]   ; Incomplete set of assignments ;
; Data_BUS_READ[3]   ; Incomplete set of assignments ;
; Data_BUS_READ[4]   ; Incomplete set of assignments ;
; Data_BUS_READ[5]   ; Incomplete set of assignments ;
; Data_BUS_READ[6]   ; Incomplete set of assignments ;
; Data_BUS_READ[7]   ; Incomplete set of assignments ;
; Data_BUS_READ[8]   ; Incomplete set of assignments ;
; Data_BUS_READ[9]   ; Incomplete set of assignments ;
; Data_BUS_READ[10]  ; Incomplete set of assignments ;
; Data_BUS_READ[11]  ; Incomplete set of assignments ;
; Data_BUS_READ[12]  ; Incomplete set of assignments ;
; Data_BUS_READ[13]  ; Incomplete set of assignments ;
; Data_BUS_READ[14]  ; Incomplete set of assignments ;
; Data_BUS_READ[15]  ; Incomplete set of assignments ;
; Data_BUS_READ[16]  ; Incomplete set of assignments ;
; Data_BUS_READ[17]  ; Incomplete set of assignments ;
; Data_BUS_READ[18]  ; Incomplete set of assignments ;
; Data_BUS_READ[19]  ; Incomplete set of assignments ;
; Data_BUS_READ[20]  ; Incomplete set of assignments ;
; Data_BUS_READ[21]  ; Incomplete set of assignments ;
; Data_BUS_READ[22]  ; Incomplete set of assignments ;
; Data_BUS_READ[23]  ; Incomplete set of assignments ;
; Data_BUS_READ[24]  ; Incomplete set of assignments ;
; Data_BUS_READ[25]  ; Incomplete set of assignments ;
; Data_BUS_READ[26]  ; Incomplete set of assignments ;
; Data_BUS_READ[27]  ; Incomplete set of assignments ;
; Data_BUS_READ[28]  ; Incomplete set of assignments ;
; Data_BUS_READ[29]  ; Incomplete set of assignments ;
; Data_BUS_READ[30]  ; Incomplete set of assignments ;
; Data_BUS_READ[31]  ; Incomplete set of assignments ;
; Prog_BUS_READ[11]  ; Incomplete set of assignments ;
; Prog_BUS_READ[12]  ; Incomplete set of assignments ;
; Prog_BUS_READ[13]  ; Incomplete set of assignments ;
; Prog_BUS_READ[14]  ; Incomplete set of assignments ;
; Prog_BUS_READ[15]  ; Incomplete set of assignments ;
; Prog_BUS_READ[6]   ; Missing location assignment   ;
; Prog_BUS_READ[7]   ; Missing location assignment   ;
; Prog_BUS_READ[8]   ; Missing location assignment   ;
; Prog_BUS_READ[9]   ; Missing location assignment   ;
; Prog_BUS_READ[10]  ; Missing location assignment   ;
; ADDR[0]            ; Missing location assignment   ;
; ADDR[1]            ; Missing location assignment   ;
; ADDR[2]            ; Missing location assignment   ;
; ADDR[3]            ; Missing location assignment   ;
; ADDR[4]            ; Missing location assignment   ;
; ADDR[5]            ; Missing location assignment   ;
; ADDR[6]            ; Missing location assignment   ;
; ADDR[7]            ; Missing location assignment   ;
; ADDR[8]            ; Missing location assignment   ;
; ADDR[9]            ; Missing location assignment   ;
; ADDR[10]           ; Missing location assignment   ;
; ADDR[11]           ; Missing location assignment   ;
; ADDR[12]           ; Missing location assignment   ;
; ADDR[13]           ; Missing location assignment   ;
; ADDR[14]           ; Missing location assignment   ;
; ADDR[15]           ; Missing location assignment   ;
; ADDR[16]           ; Missing location assignment   ;
; ADDR[17]           ; Missing location assignment   ;
; ADDR[18]           ; Missing location assignment   ;
; ADDR[19]           ; Missing location assignment   ;
; ADDR[20]           ; Missing location assignment   ;
; ADDR[21]           ; Missing location assignment   ;
; ADDR[22]           ; Missing location assignment   ;
; ADDR[23]           ; Missing location assignment   ;
; ADDR[24]           ; Missing location assignment   ;
; ADDR[25]           ; Missing location assignment   ;
; ADDR[26]           ; Missing location assignment   ;
; ADDR[27]           ; Missing location assignment   ;
; ADDR[28]           ; Missing location assignment   ;
; ADDR[29]           ; Missing location assignment   ;
; ADDR[30]           ; Missing location assignment   ;
; ADDR[31]           ; Missing location assignment   ;
; Data_BUS_WRITE[0]  ; Missing location assignment   ;
; Data_BUS_WRITE[1]  ; Missing location assignment   ;
; Data_BUS_WRITE[2]  ; Missing location assignment   ;
; Data_BUS_WRITE[3]  ; Missing location assignment   ;
; Data_BUS_WRITE[4]  ; Missing location assignment   ;
; Data_BUS_WRITE[5]  ; Missing location assignment   ;
; Data_BUS_WRITE[6]  ; Missing location assignment   ;
; Data_BUS_WRITE[7]  ; Missing location assignment   ;
; Data_BUS_WRITE[8]  ; Missing location assignment   ;
; Data_BUS_WRITE[9]  ; Missing location assignment   ;
; Data_BUS_WRITE[10] ; Missing location assignment   ;
; Data_BUS_WRITE[11] ; Missing location assignment   ;
; Data_BUS_WRITE[12] ; Missing location assignment   ;
; Data_BUS_WRITE[13] ; Missing location assignment   ;
; Data_BUS_WRITE[14] ; Missing location assignment   ;
; Data_BUS_WRITE[15] ; Missing location assignment   ;
; Data_BUS_WRITE[16] ; Missing location assignment   ;
; Data_BUS_WRITE[17] ; Missing location assignment   ;
; Data_BUS_WRITE[18] ; Missing location assignment   ;
; Data_BUS_WRITE[19] ; Missing location assignment   ;
; Data_BUS_WRITE[20] ; Missing location assignment   ;
; Data_BUS_WRITE[21] ; Missing location assignment   ;
; Data_BUS_WRITE[22] ; Missing location assignment   ;
; Data_BUS_WRITE[23] ; Missing location assignment   ;
; Data_BUS_WRITE[24] ; Missing location assignment   ;
; Data_BUS_WRITE[25] ; Missing location assignment   ;
; Data_BUS_WRITE[26] ; Missing location assignment   ;
; Data_BUS_WRITE[27] ; Missing location assignment   ;
; Data_BUS_WRITE[28] ; Missing location assignment   ;
; Data_BUS_WRITE[29] ; Missing location assignment   ;
; Data_BUS_WRITE[30] ; Missing location assignment   ;
; Data_BUS_WRITE[31] ; Missing location assignment   ;
; ADDR_Prog[0]       ; Missing location assignment   ;
; ADDR_Prog[1]       ; Missing location assignment   ;
; ADDR_Prog[2]       ; Missing location assignment   ;
; ADDR_Prog[3]       ; Missing location assignment   ;
; ADDR_Prog[4]       ; Missing location assignment   ;
; ADDR_Prog[5]       ; Missing location assignment   ;
; ADDR_Prog[6]       ; Missing location assignment   ;
; ADDR_Prog[7]       ; Missing location assignment   ;
; ADDR_Prog[8]       ; Missing location assignment   ;
; ADDR_Prog[9]       ; Missing location assignment   ;
; ADDR_Prog[10]      ; Missing location assignment   ;
; ADDR_Prog[11]      ; Missing location assignment   ;
; ADDR_Prog[12]      ; Missing location assignment   ;
; ADDR_Prog[13]      ; Missing location assignment   ;
; ADDR_Prog[14]      ; Missing location assignment   ;
; ADDR_Prog[15]      ; Missing location assignment   ;
; ADDR_Prog[16]      ; Missing location assignment   ;
; ADDR_Prog[17]      ; Missing location assignment   ;
; ADDR_Prog[18]      ; Missing location assignment   ;
; ADDR_Prog[19]      ; Missing location assignment   ;
; ADDR_Prog[20]      ; Missing location assignment   ;
; ADDR_Prog[21]      ; Missing location assignment   ;
; ADDR_Prog[22]      ; Missing location assignment   ;
; ADDR_Prog[23]      ; Missing location assignment   ;
; ADDR_Prog[24]      ; Missing location assignment   ;
; ADDR_Prog[25]      ; Missing location assignment   ;
; ADDR_Prog[26]      ; Missing location assignment   ;
; ADDR_Prog[27]      ; Missing location assignment   ;
; ADDR_Prog[28]      ; Missing location assignment   ;
; ADDR_Prog[29]      ; Missing location assignment   ;
; ADDR_Prog[30]      ; Missing location assignment   ;
; ADDR_Prog[31]      ; Missing location assignment   ;
; CS                 ; Missing location assignment   ;
; WE                 ; Missing location assignment   ;
; CS_P               ; Missing location assignment   ;
; Reset              ; Missing location assignment   ;
; Prog_BUS_READ[16]  ; Missing location assignment   ;
; Prog_BUS_READ[20]  ; Missing location assignment   ;
; Prog_BUS_READ[19]  ; Missing location assignment   ;
; Prog_BUS_READ[18]  ; Missing location assignment   ;
; Prog_BUS_READ[17]  ; Missing location assignment   ;
; CLK                ; Missing location assignment   ;
; Prog_BUS_READ[27]  ; Missing location assignment   ;
; Prog_BUS_READ[30]  ; Missing location assignment   ;
; Prog_BUS_READ[26]  ; Missing location assignment   ;
; Prog_BUS_READ[31]  ; Missing location assignment   ;
; Prog_BUS_READ[28]  ; Missing location assignment   ;
; Prog_BUS_READ[29]  ; Missing location assignment   ;
; Prog_BUS_READ[0]   ; Missing location assignment   ;
; Prog_BUS_READ[1]   ; Missing location assignment   ;
; Prog_BUS_READ[2]   ; Missing location assignment   ;
; Prog_BUS_READ[4]   ; Missing location assignment   ;
; Prog_BUS_READ[5]   ; Missing location assignment   ;
; Prog_BUS_READ[3]   ; Missing location assignment   ;
; Prog_BUS_READ[21]  ; Missing location assignment   ;
; Prog_BUS_READ[25]  ; Missing location assignment   ;
; Prog_BUS_READ[24]  ; Missing location assignment   ;
; Prog_BUS_READ[23]  ; Missing location assignment   ;
; Prog_BUS_READ[22]  ; Missing location assignment   ;
; Data_BUS_READ[0]   ; Missing location assignment   ;
; Data_BUS_READ[1]   ; Missing location assignment   ;
; Data_BUS_READ[2]   ; Missing location assignment   ;
; Data_BUS_READ[3]   ; Missing location assignment   ;
; Data_BUS_READ[4]   ; Missing location assignment   ;
; Data_BUS_READ[5]   ; Missing location assignment   ;
; Data_BUS_READ[6]   ; Missing location assignment   ;
; Data_BUS_READ[7]   ; Missing location assignment   ;
; Data_BUS_READ[8]   ; Missing location assignment   ;
; Data_BUS_READ[9]   ; Missing location assignment   ;
; Data_BUS_READ[10]  ; Missing location assignment   ;
; Data_BUS_READ[11]  ; Missing location assignment   ;
; Data_BUS_READ[12]  ; Missing location assignment   ;
; Data_BUS_READ[13]  ; Missing location assignment   ;
; Data_BUS_READ[14]  ; Missing location assignment   ;
; Data_BUS_READ[15]  ; Missing location assignment   ;
; Data_BUS_READ[16]  ; Missing location assignment   ;
; Data_BUS_READ[17]  ; Missing location assignment   ;
; Data_BUS_READ[18]  ; Missing location assignment   ;
; Data_BUS_READ[19]  ; Missing location assignment   ;
; Data_BUS_READ[20]  ; Missing location assignment   ;
; Data_BUS_READ[21]  ; Missing location assignment   ;
; Data_BUS_READ[22]  ; Missing location assignment   ;
; Data_BUS_READ[23]  ; Missing location assignment   ;
; Data_BUS_READ[24]  ; Missing location assignment   ;
; Data_BUS_READ[25]  ; Missing location assignment   ;
; Data_BUS_READ[26]  ; Missing location assignment   ;
; Data_BUS_READ[27]  ; Missing location assignment   ;
; Data_BUS_READ[28]  ; Missing location assignment   ;
; Data_BUS_READ[29]  ; Missing location assignment   ;
; Data_BUS_READ[30]  ; Missing location assignment   ;
; Data_BUS_READ[31]  ; Missing location assignment   ;
; Prog_BUS_READ[11]  ; Missing location assignment   ;
; Prog_BUS_READ[12]  ; Missing location assignment   ;
; Prog_BUS_READ[13]  ; Missing location assignment   ;
; Prog_BUS_READ[14]  ; Missing location assignment   ;
; Prog_BUS_READ[15]  ; Missing location assignment   ;
+--------------------+-------------------------------+


+---------------------------------------------------------------------------------------------------------------------------------------------------------------------------------------------------------------------------------------------------------------------------------------------------------------------------------------------------------------------------------------+
; Fitter Resource Utilization by Entity                                                                                                                                                                                                                                                                                                                                                 ;
+-------------------------------------------+-------------+---------------------------+---------------+-------------+------+--------------+---------+-----------+-----------+------+--------------+--------------+-------------------+------------------+--------------------------------------------------------------------------------------------+-------------------+--------------+
; Compilation Hierarchy Node                ; Logic Cells ; Dedicated Logic Registers ; I/O Registers ; Memory Bits ; M9Ks ; DSP Elements ; DSP 9x9 ; DSP 18x18 ; DSP 36x36 ; Pins ; Virtual Pins ; LUT-Only LCs ; Register-Only LCs ; LUT/Register LCs ; Full Hierarchy Name                                                                        ; Entity Name       ; Library Name ;
+-------------------------------------------+-------------+---------------------------+---------------+-------------+------+--------------+---------+-----------+-----------+------+--------------+--------------+-------------------+------------------+--------------------------------------------------------------------------------------------+-------------------+--------------+
; |cpu                                      ; 2246 (427)  ; 1218 (0)                  ; 0 (0)         ; 60416       ; 7    ; 0            ; 0       ; 0         ; 0         ; 165  ; 0            ; 1028 (404)   ; 9 (0)             ; 1209 (71)        ; |cpu                                                                                       ; cpu               ; work         ;
;    |ADDRDecoding:AddrDecoding|            ; 11 (11)     ; 0 (0)                     ; 0 (0)         ; 0           ; 0    ; 0            ; 0       ; 0         ; 0         ; 0    ; 0            ; 11 (11)      ; 0 (0)             ; 0 (0)            ; |cpu|ADDRDecoding:AddrDecoding                                                             ; ADDRDecoding      ; work         ;
;    |ADDRDecoding_Prog:addrDecoding_Prog|  ; 12 (12)     ; 0 (0)                     ; 0 (0)         ; 0           ; 0    ; 0            ; 0       ; 0         ; 0         ; 0    ; 0            ; 12 (12)      ; 0 (0)             ; 0 (0)            ; |cpu|ADDRDecoding_Prog:addrDecoding_Prog                                                   ; ADDRDecoding_Prog ; work         ;
;    |InstMem:IM|                           ; 0 (0)       ; 0 (0)                     ; 0 (0)         ; 27648       ; 3    ; 0            ; 0       ; 0         ; 0         ; 0    ; 0            ; 0 (0)        ; 0 (0)             ; 0 (0)            ; |cpu|InstMem:IM                                                                            ; InstMem           ; work         ;
;       |altsyncram:altsyncram_component|   ; 0 (0)       ; 0 (0)                     ; 0 (0)         ; 27648       ; 3    ; 0            ; 0       ; 0         ; 0         ; 0    ; 0            ; 0 (0)        ; 0 (0)             ; 0 (0)            ; |cpu|InstMem:IM|altsyncram:altsyncram_component                                            ; altsyncram        ; work         ;
;          |altsyncram_jv91:auto_generated| ; 0 (0)       ; 0 (0)                     ; 0 (0)         ; 27648       ; 3    ; 0            ; 0       ; 0         ; 0         ; 0    ; 0            ; 0 (0)        ; 0 (0)             ; 0 (0)            ; |cpu|InstMem:IM|altsyncram:altsyncram_component|altsyncram_jv91:auto_generated             ; altsyncram_jv91   ; work         ;
;    |Multiplicador:multiplicador|          ; 67 (0)      ; 43 (0)                    ; 0 (0)         ; 0           ; 0    ; 0            ; 0       ; 0         ; 0         ; 0    ; 0            ; 24 (0)       ; 1 (0)             ; 42 (0)           ; |cpu|Multiplicador:multiplicador                                                           ; Multiplicador     ; work         ;
;       |ACC:acc|                           ; 35 (35)     ; 33 (33)                   ; 0 (0)         ; 0           ; 0    ; 0            ; 0       ; 0         ; 0         ; 0    ; 0            ; 2 (2)        ; 0 (0)             ; 33 (33)          ; |cpu|Multiplicador:multiplicador|ACC:acc                                                   ; ACC               ; work         ;
;       |Adder:adder|                       ; 35 (35)     ; 0 (0)                     ; 0 (0)         ; 0           ; 0    ; 0            ; 0       ; 0         ; 0         ; 0    ; 0            ; 18 (18)      ; 0 (0)             ; 17 (17)          ; |cpu|Multiplicador:multiplicador|Adder:adder                                               ; Adder             ; work         ;
;       |CONTROL:control|                   ; 6 (6)       ; 4 (4)                     ; 0 (0)         ; 0           ; 0    ; 0            ; 0       ; 0         ; 0         ; 0    ; 0            ; 2 (2)        ; 1 (1)             ; 3 (3)            ; |cpu|Multiplicador:multiplicador|CONTROL:control                                           ; CONTROL           ; work         ;
;       |Counter:counter|                   ; 8 (8)       ; 6 (6)                     ; 0 (0)         ; 0           ; 0    ; 0            ; 0       ; 0         ; 0         ; 0    ; 0            ; 2 (2)        ; 0 (0)             ; 6 (6)            ; |cpu|Multiplicador:multiplicador|Counter:counter                                           ; Counter           ; work         ;
;    |PC:pc|                                ; 97 (97)     ; 33 (33)                   ; 0 (0)         ; 0           ; 0    ; 0            ; 0       ; 0         ; 0         ; 0    ; 0            ; 64 (64)      ; 0 (0)             ; 33 (33)          ; |cpu|PC:pc                                                                                 ; PC                ; work         ;
;    |PLL:pll|                              ; 0 (0)       ; 0 (0)                     ; 0 (0)         ; 0           ; 0    ; 0            ; 0       ; 0         ; 0         ; 0    ; 0            ; 0 (0)        ; 0 (0)             ; 0 (0)            ; |cpu|PLL:pll                                                                               ; PLL               ; work         ;
;       |altpll:altpll_component|           ; 0 (0)       ; 0 (0)                     ; 0 (0)         ; 0           ; 0    ; 0            ; 0       ; 0         ; 0         ; 0    ; 0            ; 0 (0)        ; 0 (0)             ; 0 (0)            ; |cpu|PLL:pll|altpll:altpll_component                                                       ; altpll            ; work         ;
;          |PLL_altpll:auto_generated|      ; 0 (0)       ; 0 (0)                     ; 0 (0)         ; 0           ; 0    ; 0            ; 0       ; 0         ; 0         ; 0    ; 0            ; 0 (0)        ; 0 (0)             ; 0 (0)            ; |cpu|PLL:pll|altpll:altpll_component|PLL_altpll:auto_generated                             ; PLL_altpll        ; work         ;
;    |alu:ALU|                              ; 107 (107)   ; 0 (0)                     ; 0 (0)         ; 0           ; 0    ; 0            ; 0       ; 0         ; 0         ; 0    ; 0            ; 107 (107)    ; 0 (0)             ; 0 (0)            ; |cpu|alu:ALU                                                                               ; alu               ; work         ;
;    |control:Control|                      ; 27 (27)     ; 0 (0)                     ; 0 (0)         ; 0           ; 0    ; 0            ; 0       ; 0         ; 0         ; 0    ; 0            ; 27 (27)      ; 0 (0)             ; 0 (0)            ; |cpu|control:Control                                                                       ; control           ; work         ;
;    |datamemory:Data_Memory|               ; 0 (0)       ; 0 (0)                     ; 0 (0)         ; 32768       ; 4    ; 0            ; 0       ; 0         ; 0         ; 0    ; 0            ; 0 (0)        ; 0 (0)             ; 0 (0)            ; |cpu|datamemory:Data_Memory                                                                ; datamemory        ; work         ;
;       |altsyncram:altsyncram_component|   ; 0 (0)       ; 0 (0)                     ; 0 (0)         ; 32768       ; 4    ; 0            ; 0       ; 0         ; 0         ; 0    ; 0            ; 0 (0)        ; 0 (0)             ; 0 (0)            ; |cpu|datamemory:Data_Memory|altsyncram:altsyncram_component                                ; altsyncram        ; work         ;
;          |altsyncram_28i1:auto_generated| ; 0 (0)       ; 0 (0)                     ; 0 (0)         ; 32768       ; 4    ; 0            ; 0       ; 0         ; 0         ; 0    ; 0            ; 0 (0)        ; 0 (0)             ; 0 (0)            ; |cpu|datamemory:Data_Memory|altsyncram:altsyncram_component|altsyncram_28i1:auto_generated ; altsyncram_28i1   ; work         ;
;    |mux:MuxOp2ALU|                        ; 32 (32)     ; 0 (0)                     ; 0 (0)         ; 0           ; 0    ; 0            ; 0       ; 0         ; 0         ; 0    ; 0            ; 32 (32)      ; 0 (0)             ; 0 (0)            ; |cpu|mux:MuxOp2ALU                                                                         ; mux               ; work         ;
;    |mux:MuxProgMem|                       ; 11 (11)     ; 0 (0)                     ; 0 (0)         ; 0           ; 0    ; 0            ; 0       ; 0         ; 0         ; 0    ; 0            ; 11 (11)      ; 0 (0)             ; 0 (0)            ; |cpu|mux:MuxProgMem                                                                        ; mux               ; work         ;
;    |register:CTRL1|                       ; 14 (14)     ; 14 (14)                   ; 0 (0)         ; 0           ; 0    ; 0            ; 0       ; 0         ; 0         ; 0    ; 0            ; 0 (0)        ; 0 (0)             ; 14 (14)          ; |cpu|register:CTRL1                                                                        ; register          ; work         ;
;    |register:CTRL2|                       ; 8 (8)       ; 8 (8)                     ; 0 (0)         ; 0           ; 0    ; 0            ; 0       ; 0         ; 0         ; 0    ; 0            ; 0 (0)        ; 0 (0)             ; 8 (8)            ; |cpu|register:CTRL2                                                                        ; register          ; work         ;
;    |register:D|                           ; 32 (32)     ; 32 (32)                   ; 0 (0)         ; 0           ; 0    ; 0            ; 0       ; 0         ; 0         ; 0    ; 0            ; 0 (0)        ; 1 (1)             ; 31 (31)          ; |cpu|register:D                                                                            ; register          ; work         ;
;    |registerfile:RegisterFile|            ; 1424 (1424) ; 1088 (1088)               ; 0 (0)         ; 0           ; 0    ; 0            ; 0       ; 0         ; 0         ; 0    ; 0            ; 336 (336)    ; 7 (7)             ; 1081 (1081)      ; |cpu|registerfile:RegisterFile                                                             ; registerfile      ; work         ;
+-------------------------------------------+-------------+---------------------------+---------------+-------------+------+--------------+---------+-----------+-----------+------+--------------+--------------+-------------------+------------------+--------------------------------------------------------------------------------------------+-------------------+--------------+
Note: For table entries with two numbers listed, the numbers in parentheses indicate the number of resources of the given type used by the specific entity alone. The numbers listed outside of parentheses indicate the total resources of the given type used by the specific entity and all of its sub-entities in the hierarchy.


+----------------------------------------------------------------------------------------------------+
; Delay Chain Summary                                                                                ;
+--------------------+----------+---------------+---------------+-----------------------+-----+------+
; Name               ; Pin Type ; Pad to Core 0 ; Pad to Core 1 ; Pad to Input Register ; TCO ; TCOE ;
+--------------------+----------+---------------+---------------+-----------------------+-----+------+
; Prog_BUS_READ[6]   ; Input    ; --            ; --            ; --                    ; --  ; --   ;
; Prog_BUS_READ[7]   ; Input    ; --            ; --            ; --                    ; --  ; --   ;
; Prog_BUS_READ[8]   ; Input    ; --            ; --            ; --                    ; --  ; --   ;
; Prog_BUS_READ[9]   ; Input    ; --            ; --            ; --                    ; --  ; --   ;
; Prog_BUS_READ[10]  ; Input    ; --            ; --            ; --                    ; --  ; --   ;
; ADDR[0]            ; Output   ; --            ; --            ; --                    ; --  ; --   ;
; ADDR[1]            ; Output   ; --            ; --            ; --                    ; --  ; --   ;
; ADDR[2]            ; Output   ; --            ; --            ; --                    ; --  ; --   ;
; ADDR[3]            ; Output   ; --            ; --            ; --                    ; --  ; --   ;
; ADDR[4]            ; Output   ; --            ; --            ; --                    ; --  ; --   ;
; ADDR[5]            ; Output   ; --            ; --            ; --                    ; --  ; --   ;
; ADDR[6]            ; Output   ; --            ; --            ; --                    ; --  ; --   ;
; ADDR[7]            ; Output   ; --            ; --            ; --                    ; --  ; --   ;
; ADDR[8]            ; Output   ; --            ; --            ; --                    ; --  ; --   ;
; ADDR[9]            ; Output   ; --            ; --            ; --                    ; --  ; --   ;
; ADDR[10]           ; Output   ; --            ; --            ; --                    ; --  ; --   ;
; ADDR[11]           ; Output   ; --            ; --            ; --                    ; --  ; --   ;
; ADDR[12]           ; Output   ; --            ; --            ; --                    ; --  ; --   ;
; ADDR[13]           ; Output   ; --            ; --            ; --                    ; --  ; --   ;
; ADDR[14]           ; Output   ; --            ; --            ; --                    ; --  ; --   ;
; ADDR[15]           ; Output   ; --            ; --            ; --                    ; --  ; --   ;
; ADDR[16]           ; Output   ; --            ; --            ; --                    ; --  ; --   ;
; ADDR[17]           ; Output   ; --            ; --            ; --                    ; --  ; --   ;
; ADDR[18]           ; Output   ; --            ; --            ; --                    ; --  ; --   ;
; ADDR[19]           ; Output   ; --            ; --            ; --                    ; --  ; --   ;
; ADDR[20]           ; Output   ; --            ; --            ; --                    ; --  ; --   ;
; ADDR[21]           ; Output   ; --            ; --            ; --                    ; --  ; --   ;
; ADDR[22]           ; Output   ; --            ; --            ; --                    ; --  ; --   ;
; ADDR[23]           ; Output   ; --            ; --            ; --                    ; --  ; --   ;
; ADDR[24]           ; Output   ; --            ; --            ; --                    ; --  ; --   ;
; ADDR[25]           ; Output   ; --            ; --            ; --                    ; --  ; --   ;
; ADDR[26]           ; Output   ; --            ; --            ; --                    ; --  ; --   ;
; ADDR[27]           ; Output   ; --            ; --            ; --                    ; --  ; --   ;
; ADDR[28]           ; Output   ; --            ; --            ; --                    ; --  ; --   ;
; ADDR[29]           ; Output   ; --            ; --            ; --                    ; --  ; --   ;
; ADDR[30]           ; Output   ; --            ; --            ; --                    ; --  ; --   ;
; ADDR[31]           ; Output   ; --            ; --            ; --                    ; --  ; --   ;
; Data_BUS_WRITE[0]  ; Output   ; --            ; --            ; --                    ; --  ; --   ;
; Data_BUS_WRITE[1]  ; Output   ; --            ; --            ; --                    ; --  ; --   ;
; Data_BUS_WRITE[2]  ; Output   ; --            ; --            ; --                    ; --  ; --   ;
; Data_BUS_WRITE[3]  ; Output   ; --            ; --            ; --                    ; --  ; --   ;
; Data_BUS_WRITE[4]  ; Output   ; --            ; --            ; --                    ; --  ; --   ;
; Data_BUS_WRITE[5]  ; Output   ; --            ; --            ; --                    ; --  ; --   ;
; Data_BUS_WRITE[6]  ; Output   ; --            ; --            ; --                    ; --  ; --   ;
; Data_BUS_WRITE[7]  ; Output   ; --            ; --            ; --                    ; --  ; --   ;
; Data_BUS_WRITE[8]  ; Output   ; --            ; --            ; --                    ; --  ; --   ;
; Data_BUS_WRITE[9]  ; Output   ; --            ; --            ; --                    ; --  ; --   ;
; Data_BUS_WRITE[10] ; Output   ; --            ; --            ; --                    ; --  ; --   ;
; Data_BUS_WRITE[11] ; Output   ; --            ; --            ; --                    ; --  ; --   ;
; Data_BUS_WRITE[12] ; Output   ; --            ; --            ; --                    ; --  ; --   ;
; Data_BUS_WRITE[13] ; Output   ; --            ; --            ; --                    ; --  ; --   ;
; Data_BUS_WRITE[14] ; Output   ; --            ; --            ; --                    ; --  ; --   ;
; Data_BUS_WRITE[15] ; Output   ; --            ; --            ; --                    ; --  ; --   ;
; Data_BUS_WRITE[16] ; Output   ; --            ; --            ; --                    ; --  ; --   ;
; Data_BUS_WRITE[17] ; Output   ; --            ; --            ; --                    ; --  ; --   ;
; Data_BUS_WRITE[18] ; Output   ; --            ; --            ; --                    ; --  ; --   ;
; Data_BUS_WRITE[19] ; Output   ; --            ; --            ; --                    ; --  ; --   ;
; Data_BUS_WRITE[20] ; Output   ; --            ; --            ; --                    ; --  ; --   ;
; Data_BUS_WRITE[21] ; Output   ; --            ; --            ; --                    ; --  ; --   ;
; Data_BUS_WRITE[22] ; Output   ; --            ; --            ; --                    ; --  ; --   ;
; Data_BUS_WRITE[23] ; Output   ; --            ; --            ; --                    ; --  ; --   ;
; Data_BUS_WRITE[24] ; Output   ; --            ; --            ; --                    ; --  ; --   ;
; Data_BUS_WRITE[25] ; Output   ; --            ; --            ; --                    ; --  ; --   ;
; Data_BUS_WRITE[26] ; Output   ; --            ; --            ; --                    ; --  ; --   ;
; Data_BUS_WRITE[27] ; Output   ; --            ; --            ; --                    ; --  ; --   ;
; Data_BUS_WRITE[28] ; Output   ; --            ; --            ; --                    ; --  ; --   ;
; Data_BUS_WRITE[29] ; Output   ; --            ; --            ; --                    ; --  ; --   ;
; Data_BUS_WRITE[30] ; Output   ; --            ; --            ; --                    ; --  ; --   ;
; Data_BUS_WRITE[31] ; Output   ; --            ; --            ; --                    ; --  ; --   ;
; ADDR_Prog[0]       ; Output   ; --            ; --            ; --                    ; --  ; --   ;
; ADDR_Prog[1]       ; Output   ; --            ; --            ; --                    ; --  ; --   ;
; ADDR_Prog[2]       ; Output   ; --            ; --            ; --                    ; --  ; --   ;
; ADDR_Prog[3]       ; Output   ; --            ; --            ; --                    ; --  ; --   ;
; ADDR_Prog[4]       ; Output   ; --            ; --            ; --                    ; --  ; --   ;
; ADDR_Prog[5]       ; Output   ; --            ; --            ; --                    ; --  ; --   ;
; ADDR_Prog[6]       ; Output   ; --            ; --            ; --                    ; --  ; --   ;
; ADDR_Prog[7]       ; Output   ; --            ; --            ; --                    ; --  ; --   ;
; ADDR_Prog[8]       ; Output   ; --            ; --            ; --                    ; --  ; --   ;
; ADDR_Prog[9]       ; Output   ; --            ; --            ; --                    ; --  ; --   ;
; ADDR_Prog[10]      ; Output   ; --            ; --            ; --                    ; --  ; --   ;
; ADDR_Prog[11]      ; Output   ; --            ; --            ; --                    ; --  ; --   ;
; ADDR_Prog[12]      ; Output   ; --            ; --            ; --                    ; --  ; --   ;
; ADDR_Prog[13]      ; Output   ; --            ; --            ; --                    ; --  ; --   ;
; ADDR_Prog[14]      ; Output   ; --            ; --            ; --                    ; --  ; --   ;
; ADDR_Prog[15]      ; Output   ; --            ; --            ; --                    ; --  ; --   ;
; ADDR_Prog[16]      ; Output   ; --            ; --            ; --                    ; --  ; --   ;
; ADDR_Prog[17]      ; Output   ; --            ; --            ; --                    ; --  ; --   ;
; ADDR_Prog[18]      ; Output   ; --            ; --            ; --                    ; --  ; --   ;
; ADDR_Prog[19]      ; Output   ; --            ; --            ; --                    ; --  ; --   ;
; ADDR_Prog[20]      ; Output   ; --            ; --            ; --                    ; --  ; --   ;
; ADDR_Prog[21]      ; Output   ; --            ; --            ; --                    ; --  ; --   ;
; ADDR_Prog[22]      ; Output   ; --            ; --            ; --                    ; --  ; --   ;
; ADDR_Prog[23]      ; Output   ; --            ; --            ; --                    ; --  ; --   ;
; ADDR_Prog[24]      ; Output   ; --            ; --            ; --                    ; --  ; --   ;
; ADDR_Prog[25]      ; Output   ; --            ; --            ; --                    ; --  ; --   ;
; ADDR_Prog[26]      ; Output   ; --            ; --            ; --                    ; --  ; --   ;
; ADDR_Prog[27]      ; Output   ; --            ; --            ; --                    ; --  ; --   ;
; ADDR_Prog[28]      ; Output   ; --            ; --            ; --                    ; --  ; --   ;
; ADDR_Prog[29]      ; Output   ; --            ; --            ; --                    ; --  ; --   ;
; ADDR_Prog[30]      ; Output   ; --            ; --            ; --                    ; --  ; --   ;
; ADDR_Prog[31]      ; Output   ; --            ; --            ; --                    ; --  ; --   ;
; CS                 ; Output   ; --            ; --            ; --                    ; --  ; --   ;
; WE                 ; Output   ; --            ; --            ; --                    ; --  ; --   ;
; CS_P               ; Output   ; --            ; --            ; --                    ; --  ; --   ;
; Reset              ; Input    ; (0) 0 ps      ; --            ; --                    ; --  ; --   ;
; Prog_BUS_READ[16]  ; Input    ; --            ; (6) 1218 ps   ; --                    ; --  ; --   ;
; Prog_BUS_READ[20]  ; Input    ; (6) 1219 ps   ; --            ; --                    ; --  ; --   ;
; Prog_BUS_READ[19]  ; Input    ; --            ; (6) 1219 ps   ; --                    ; --  ; --   ;
; Prog_BUS_READ[18]  ; Input    ; (6) 1218 ps   ; --            ; --                    ; --  ; --   ;
; Prog_BUS_READ[17]  ; Input    ; (6) 1218 ps   ; --            ; --                    ; --  ; --   ;
; CLK                ; Input    ; --            ; --            ; --                    ; --  ; --   ;
; Prog_BUS_READ[27]  ; Input    ; (6) 1218 ps   ; --            ; --                    ; --  ; --   ;
; Prog_BUS_READ[30]  ; Input    ; --            ; (6) 1219 ps   ; --                    ; --  ; --   ;
; Prog_BUS_READ[26]  ; Input    ; (6) 1218 ps   ; --            ; --                    ; --  ; --   ;
; Prog_BUS_READ[31]  ; Input    ; --            ; (6) 1218 ps   ; --                    ; --  ; --   ;
; Prog_BUS_READ[28]  ; Input    ; --            ; (6) 1219 ps   ; --                    ; --  ; --   ;
; Prog_BUS_READ[29]  ; Input    ; (6) 1218 ps   ; --            ; --                    ; --  ; --   ;
; Prog_BUS_READ[0]   ; Input    ; (6) 1218 ps   ; --            ; --                    ; --  ; --   ;
; Prog_BUS_READ[1]   ; Input    ; (6) 1219 ps   ; --            ; --                    ; --  ; --   ;
; Prog_BUS_READ[2]   ; Input    ; (6) 1218 ps   ; --            ; --                    ; --  ; --   ;
; Prog_BUS_READ[4]   ; Input    ; (6) 1218 ps   ; --            ; --                    ; --  ; --   ;
; Prog_BUS_READ[5]   ; Input    ; --            ; (6) 1219 ps   ; --                    ; --  ; --   ;
; Prog_BUS_READ[3]   ; Input    ; (6) 1218 ps   ; --            ; --                    ; --  ; --   ;
; Prog_BUS_READ[21]  ; Input    ; --            ; (6) 1218 ps   ; --                    ; --  ; --   ;
; Prog_BUS_READ[25]  ; Input    ; (6) 1219 ps   ; --            ; --                    ; --  ; --   ;
; Prog_BUS_READ[24]  ; Input    ; (6) 1218 ps   ; --            ; --                    ; --  ; --   ;
; Prog_BUS_READ[23]  ; Input    ; --            ; (6) 1218 ps   ; --                    ; --  ; --   ;
; Prog_BUS_READ[22]  ; Input    ; (6) 1219 ps   ; --            ; --                    ; --  ; --   ;
; Data_BUS_READ[0]   ; Input    ; (6) 1218 ps   ; --            ; --                    ; --  ; --   ;
; Data_BUS_READ[1]   ; Input    ; (6) 1218 ps   ; --            ; --                    ; --  ; --   ;
; Data_BUS_READ[2]   ; Input    ; (6) 1218 ps   ; --            ; --                    ; --  ; --   ;
; Data_BUS_READ[3]   ; Input    ; (6) 1218 ps   ; --            ; --                    ; --  ; --   ;
; Data_BUS_READ[4]   ; Input    ; --            ; (6) 1218 ps   ; --                    ; --  ; --   ;
; Data_BUS_READ[5]   ; Input    ; (6) 1218 ps   ; --            ; --                    ; --  ; --   ;
; Data_BUS_READ[6]   ; Input    ; --            ; (6) 1218 ps   ; --                    ; --  ; --   ;
; Data_BUS_READ[7]   ; Input    ; (6) 1218 ps   ; --            ; --                    ; --  ; --   ;
; Data_BUS_READ[8]   ; Input    ; (6) 1218 ps   ; --            ; --                    ; --  ; --   ;
; Data_BUS_READ[9]   ; Input    ; --            ; (6) 1219 ps   ; --                    ; --  ; --   ;
; Data_BUS_READ[10]  ; Input    ; (6) 1218 ps   ; --            ; --                    ; --  ; --   ;
; Data_BUS_READ[11]  ; Input    ; (6) 1218 ps   ; --            ; --                    ; --  ; --   ;
; Data_BUS_READ[12]  ; Input    ; (6) 1218 ps   ; --            ; --                    ; --  ; --   ;
; Data_BUS_READ[13]  ; Input    ; --            ; (6) 1218 ps   ; --                    ; --  ; --   ;
; Data_BUS_READ[14]  ; Input    ; (6) 1218 ps   ; --            ; --                    ; --  ; --   ;
; Data_BUS_READ[15]  ; Input    ; --            ; (6) 1218 ps   ; --                    ; --  ; --   ;
; Data_BUS_READ[16]  ; Input    ; --            ; (6) 1218 ps   ; --                    ; --  ; --   ;
; Data_BUS_READ[17]  ; Input    ; (6) 1218 ps   ; --            ; --                    ; --  ; --   ;
; Data_BUS_READ[18]  ; Input    ; (6) 1219 ps   ; --            ; --                    ; --  ; --   ;
; Data_BUS_READ[19]  ; Input    ; (6) 1218 ps   ; --            ; --                    ; --  ; --   ;
; Data_BUS_READ[20]  ; Input    ; (6) 1218 ps   ; --            ; --                    ; --  ; --   ;
; Data_BUS_READ[21]  ; Input    ; --            ; (6) 1218 ps   ; --                    ; --  ; --   ;
; Data_BUS_READ[22]  ; Input    ; (6) 1219 ps   ; --            ; --                    ; --  ; --   ;
; Data_BUS_READ[23]  ; Input    ; (6) 1218 ps   ; --            ; --                    ; --  ; --   ;
; Data_BUS_READ[24]  ; Input    ; --            ; (6) 1218 ps   ; --                    ; --  ; --   ;
; Data_BUS_READ[25]  ; Input    ; (6) 1218 ps   ; --            ; --                    ; --  ; --   ;
; Data_BUS_READ[26]  ; Input    ; (6) 1218 ps   ; --            ; --                    ; --  ; --   ;
; Data_BUS_READ[27]  ; Input    ; --            ; (6) 1218 ps   ; --                    ; --  ; --   ;
; Data_BUS_READ[28]  ; Input    ; --            ; (6) 1218 ps   ; --                    ; --  ; --   ;
; Data_BUS_READ[29]  ; Input    ; (6) 1218 ps   ; --            ; --                    ; --  ; --   ;
; Data_BUS_READ[30]  ; Input    ; (6) 1218 ps   ; --            ; --                    ; --  ; --   ;
; Data_BUS_READ[31]  ; Input    ; (6) 1218 ps   ; --            ; --                    ; --  ; --   ;
; Prog_BUS_READ[11]  ; Input    ; --            ; (6) 1218 ps   ; --                    ; --  ; --   ;
; Prog_BUS_READ[12]  ; Input    ; (6) 1219 ps   ; --            ; --                    ; --  ; --   ;
; Prog_BUS_READ[13]  ; Input    ; (6) 1219 ps   ; --            ; --                    ; --  ; --   ;
; Prog_BUS_READ[14]  ; Input    ; (6) 1218 ps   ; --            ; --                    ; --  ; --   ;
; Prog_BUS_READ[15]  ; Input    ; (6) 1218 ps   ; --            ; --                    ; --  ; --   ;
+--------------------+----------+---------------+---------------+-----------------------+-----+------+


+------------------------------------------------------------------+
; Pad To Core Delay Chain Fanout                                   ;
+------------------------------------+-------------------+---------+
; Source Pin / Fanout                ; Pad To Core Index ; Setting ;
+------------------------------------+-------------------+---------+
; Prog_BUS_READ[6]                   ;                   ;         ;
; Prog_BUS_READ[7]                   ;                   ;         ;
; Prog_BUS_READ[8]                   ;                   ;         ;
; Prog_BUS_READ[9]                   ;                   ;         ;
; Prog_BUS_READ[10]                  ;                   ;         ;
; Reset                              ;                   ;         ;
; Prog_BUS_READ[16]                  ;                   ;         ;
;      - ctrl0[15]                   ; 1                 ; 6       ;
; Prog_BUS_READ[20]                  ;                   ;         ;
;      - ctrl0[19]                   ; 0                 ; 6       ;
; Prog_BUS_READ[19]                  ;                   ;         ;
;      - ctrl0[18]                   ; 1                 ; 6       ;
; Prog_BUS_READ[18]                  ;                   ;         ;
;      - ctrl0[17]                   ; 0                 ; 6       ;
; Prog_BUS_READ[17]                  ;                   ;         ;
;      - ctrl0[16]                   ; 0                 ; 6       ;
; CLK                                ;                   ;         ;
; Prog_BUS_READ[27]                  ;                   ;         ;
;      - mux:MuxProgMem|out[27]~5    ; 0                 ; 6       ;
; Prog_BUS_READ[30]                  ;                   ;         ;
;      - control:Control|Decoder1~2  ; 1                 ; 6       ;
;      - control:Control|WideOr3~0   ; 1                 ; 6       ;
; Prog_BUS_READ[26]                  ;                   ;         ;
;      - mux:MuxProgMem|out[26]~6    ; 0                 ; 6       ;
; Prog_BUS_READ[31]                  ;                   ;         ;
;      - mux:MuxProgMem|out[31]~7    ; 1                 ; 6       ;
;      - control:Control|Decoder1~8  ; 1                 ; 6       ;
; Prog_BUS_READ[28]                  ;                   ;         ;
;      - mux:MuxProgMem|out[28]~8    ; 1                 ; 6       ;
;      - control:Control|Selector0~6 ; 1                 ; 6       ;
; Prog_BUS_READ[29]                  ;                   ;         ;
;      - mux:MuxProgMem|out[29]~9    ; 0                 ; 6       ;
;      - control:Control|Decoder1~4  ; 0                 ; 6       ;
; Prog_BUS_READ[0]                   ;                   ;         ;
;      - mux:MuxProgMem|out[0]~10    ; 0                 ; 6       ;
; Prog_BUS_READ[1]                   ;                   ;         ;
;      - mux:MuxProgMem|out[1]~11    ; 0                 ; 6       ;
; Prog_BUS_READ[2]                   ;                   ;         ;
;      - mux:MuxProgMem|out[2]~12    ; 0                 ; 6       ;
; Prog_BUS_READ[4]                   ;                   ;         ;
;      - mux:MuxProgMem|out[4]~13    ; 0                 ; 6       ;
; Prog_BUS_READ[5]                   ;                   ;         ;
;      - mux:MuxProgMem|out[5]~14    ; 1                 ; 6       ;
; Prog_BUS_READ[3]                   ;                   ;         ;
;      - mux:MuxProgMem|out[3]~15    ; 0                 ; 6       ;
; Prog_BUS_READ[21]                  ;                   ;         ;
;      - ctrl0[20]                   ; 1                 ; 6       ;
; Prog_BUS_READ[25]                  ;                   ;         ;
;      - ctrl0[24]                   ; 0                 ; 6       ;
; Prog_BUS_READ[24]                  ;                   ;         ;
;      - ctrl0[23]                   ; 0                 ; 6       ;
; Prog_BUS_READ[23]                  ;                   ;         ;
;      - ctrl0[22]                   ; 1                 ; 6       ;
; Prog_BUS_READ[22]                  ;                   ;         ;
;      - ctrl0[21]                   ; 0                 ; 6       ;
; Data_BUS_READ[0]                   ;                   ;         ;
;      - dataOut_DM[0]               ; 0                 ; 6       ;
; Data_BUS_READ[1]                   ;                   ;         ;
;      - dataOut_DM[1]               ; 0                 ; 6       ;
; Data_BUS_READ[2]                   ;                   ;         ;
;      - dataOut_DM[2]               ; 0                 ; 6       ;
; Data_BUS_READ[3]                   ;                   ;         ;
;      - dataOut_DM[3]               ; 0                 ; 6       ;
; Data_BUS_READ[4]                   ;                   ;         ;
;      - dataOut_DM[4]               ; 1                 ; 6       ;
; Data_BUS_READ[5]                   ;                   ;         ;
;      - dataOut_DM[5]               ; 0                 ; 6       ;
; Data_BUS_READ[6]                   ;                   ;         ;
;      - dataOut_DM[6]               ; 1                 ; 6       ;
; Data_BUS_READ[7]                   ;                   ;         ;
;      - dataOut_DM[7]               ; 0                 ; 6       ;
; Data_BUS_READ[8]                   ;                   ;         ;
;      - dataOut_DM[8]               ; 0                 ; 6       ;
; Data_BUS_READ[9]                   ;                   ;         ;
;      - dataOut_DM[9]               ; 1                 ; 6       ;
; Data_BUS_READ[10]                  ;                   ;         ;
;      - dataOut_DM[10]              ; 0                 ; 6       ;
; Data_BUS_READ[11]                  ;                   ;         ;
;      - dataOut_DM[11]              ; 0                 ; 6       ;
; Data_BUS_READ[12]                  ;                   ;         ;
;      - dataOut_DM[12]              ; 0                 ; 6       ;
; Data_BUS_READ[13]                  ;                   ;         ;
;      - dataOut_DM[13]              ; 1                 ; 6       ;
; Data_BUS_READ[14]                  ;                   ;         ;
;      - dataOut_DM[14]              ; 0                 ; 6       ;
; Data_BUS_READ[15]                  ;                   ;         ;
;      - dataOut_DM[15]              ; 1                 ; 6       ;
; Data_BUS_READ[16]                  ;                   ;         ;
;      - dataOut_DM[16]              ; 1                 ; 6       ;
; Data_BUS_READ[17]                  ;                   ;         ;
;      - dataOut_DM[17]              ; 0                 ; 6       ;
; Data_BUS_READ[18]                  ;                   ;         ;
;      - dataOut_DM[18]              ; 0                 ; 6       ;
; Data_BUS_READ[19]                  ;                   ;         ;
;      - dataOut_DM[19]              ; 0                 ; 6       ;
; Data_BUS_READ[20]                  ;                   ;         ;
;      - dataOut_DM[20]              ; 0                 ; 6       ;
; Data_BUS_READ[21]                  ;                   ;         ;
;      - dataOut_DM[21]              ; 1                 ; 6       ;
; Data_BUS_READ[22]                  ;                   ;         ;
;      - dataOut_DM[22]              ; 0                 ; 6       ;
; Data_BUS_READ[23]                  ;                   ;         ;
;      - dataOut_DM[23]              ; 0                 ; 6       ;
; Data_BUS_READ[24]                  ;                   ;         ;
;      - dataOut_DM[24]              ; 1                 ; 6       ;
; Data_BUS_READ[25]                  ;                   ;         ;
;      - dataOut_DM[25]              ; 0                 ; 6       ;
; Data_BUS_READ[26]                  ;                   ;         ;
;      - dataOut_DM[26]              ; 0                 ; 6       ;
; Data_BUS_READ[27]                  ;                   ;         ;
;      - dataOut_DM[27]              ; 1                 ; 6       ;
; Data_BUS_READ[28]                  ;                   ;         ;
;      - dataOut_DM[28]              ; 1                 ; 6       ;
; Data_BUS_READ[29]                  ;                   ;         ;
;      - dataOut_DM[29]              ; 0                 ; 6       ;
; Data_BUS_READ[30]                  ;                   ;         ;
;      - dataOut_DM[30]              ; 0                 ; 6       ;
; Data_BUS_READ[31]                  ;                   ;         ;
;      - dataOut_DM[31]              ; 0                 ; 6       ;
; Prog_BUS_READ[11]                  ;                   ;         ;
;      - ctrl0[10]                   ; 1                 ; 6       ;
; Prog_BUS_READ[12]                  ;                   ;         ;
;      - ctrl0[11]                   ; 0                 ; 6       ;
; Prog_BUS_READ[13]                  ;                   ;         ;
;      - ctrl0[12]                   ; 0                 ; 6       ;
; Prog_BUS_READ[14]                  ;                   ;         ;
;      - ctrl0[13]                   ; 0                 ; 6       ;
; Prog_BUS_READ[15]                  ;                   ;         ;
;      - ctrl0[14]                   ; 0                 ; 6       ;
+------------------------------------+-------------------+---------+


+--------------------------------------------------------------------------------------------------------------------------------------------------------------------------------------+
; Control Signals                                                                                                                                                                      ;
+---------------------------------------------------------+--------------------+---------+--------------+--------+----------------------+------------------+---------------------------+
; Name                                                    ; Location           ; Fan-Out ; Usage        ; Global ; Global Resource Used ; Global Line Name ; Enable Signal Source Name ;
+---------------------------------------------------------+--------------------+---------+--------------+--------+----------------------+------------------+---------------------------+
; ADDRDecoding:AddrDecoding|iWE~0                         ; LCCOMB_X64_Y61_N0  ; 4       ; Write enable ; no     ; --                   ; --               ; --                        ;
; CLK                                                     ; PIN_V12            ; 1       ; Clock        ; no     ; --                   ; --               ; --                        ;
; CLK_MUL                                                 ; PLL_1              ; 43      ; Clock        ; yes    ; Global Clock         ; GCLK27           ; --                        ;
; CLK_SYS                                                 ; PLL_1              ; 1182    ; Clock        ; yes    ; Global Clock         ; GCLK28           ; --                        ;
; Multiplicador:multiplicador|ACC:acc|Saidas[1]~5         ; LCCOMB_X64_Y58_N28 ; 16      ; Clock enable ; no     ; --                   ; --               ; --                        ;
; Multiplicador:multiplicador|ACC:acc|Saidas[25]~21       ; LCCOMB_X62_Y61_N22 ; 16      ; Clock enable ; no     ; --                   ; --               ; --                        ;
; Multiplicador:multiplicador|Counter:counter|count[1]~15 ; LCCOMB_X62_Y60_N8  ; 5       ; Sync. clear  ; no     ; --                   ; --               ; --                        ;
; PC:pc|addr[1]~31                                        ; LCCOMB_X70_Y53_N4  ; 2       ; Clock enable ; no     ; --                   ; --               ; --                        ;
; Reset                                                   ; PIN_W15            ; 73      ; Async. clear ; yes    ; Global Clock         ; GCLK29           ; --                        ;
; ctrl0[0]                                                ; LCCOMB_X64_Y55_N6  ; 34      ; Sync. load   ; no     ; --                   ; --               ; --                        ;
; registerfile:RegisterFile|register~1666                 ; LCCOMB_X51_Y57_N16 ; 32      ; Clock enable ; no     ; --                   ; --               ; --                        ;
; registerfile:RegisterFile|register~1668                 ; LCCOMB_X54_Y60_N10 ; 32      ; Clock enable ; no     ; --                   ; --               ; --                        ;
; registerfile:RegisterFile|register~1670                 ; LCCOMB_X57_Y57_N28 ; 32      ; Clock enable ; no     ; --                   ; --               ; --                        ;
; registerfile:RegisterFile|register~1672                 ; LCCOMB_X51_Y57_N18 ; 32      ; Clock enable ; no     ; --                   ; --               ; --                        ;
; registerfile:RegisterFile|register~1674                 ; LCCOMB_X51_Y57_N20 ; 32      ; Clock enable ; no     ; --                   ; --               ; --                        ;
; registerfile:RegisterFile|register~1676                 ; LCCOMB_X51_Y57_N30 ; 32      ; Clock enable ; no     ; --                   ; --               ; --                        ;
; registerfile:RegisterFile|register~1678                 ; LCCOMB_X58_Y54_N18 ; 32      ; Clock enable ; no     ; --                   ; --               ; --                        ;
; registerfile:RegisterFile|register~1680                 ; LCCOMB_X54_Y60_N20 ; 32      ; Clock enable ; no     ; --                   ; --               ; --                        ;
; registerfile:RegisterFile|register~1682                 ; LCCOMB_X51_Y57_N0  ; 32      ; Clock enable ; no     ; --                   ; --               ; --                        ;
; registerfile:RegisterFile|register~1684                 ; LCCOMB_X57_Y57_N6  ; 32      ; Clock enable ; no     ; --                   ; --               ; --                        ;
; registerfile:RegisterFile|register~1686                 ; LCCOMB_X51_Y57_N2  ; 32      ; Clock enable ; no     ; --                   ; --               ; --                        ;
; registerfile:RegisterFile|register~1688                 ; LCCOMB_X58_Y54_N30 ; 32      ; Clock enable ; no     ; --                   ; --               ; --                        ;
; registerfile:RegisterFile|register~1690                 ; LCCOMB_X57_Y57_N24 ; 32      ; Clock enable ; no     ; --                   ; --               ; --                        ;
; registerfile:RegisterFile|register~1692                 ; LCCOMB_X57_Y57_N18 ; 32      ; Clock enable ; no     ; --                   ; --               ; --                        ;
; registerfile:RegisterFile|register~1694                 ; LCCOMB_X57_Y57_N20 ; 32      ; Clock enable ; no     ; --                   ; --               ; --                        ;
; registerfile:RegisterFile|register~1696                 ; LCCOMB_X58_Y54_N28 ; 32      ; Clock enable ; no     ; --                   ; --               ; --                        ;
; registerfile:RegisterFile|register~1697                 ; LCCOMB_X54_Y60_N30 ; 32      ; Clock enable ; no     ; --                   ; --               ; --                        ;
; registerfile:RegisterFile|register~1698                 ; LCCOMB_X51_Y57_N4  ; 32      ; Clock enable ; no     ; --                   ; --               ; --                        ;
; registerfile:RegisterFile|register~1699                 ; LCCOMB_X57_Y57_N22 ; 32      ; Clock enable ; no     ; --                   ; --               ; --                        ;
; registerfile:RegisterFile|register~1700                 ; LCCOMB_X57_Y57_N16 ; 32      ; Clock enable ; no     ; --                   ; --               ; --                        ;
; registerfile:RegisterFile|register~1701                 ; LCCOMB_X51_Y57_N22 ; 32      ; Clock enable ; no     ; --                   ; --               ; --                        ;
; registerfile:RegisterFile|register~1702                 ; LCCOMB_X51_Y57_N24 ; 32      ; Clock enable ; no     ; --                   ; --               ; --                        ;
; registerfile:RegisterFile|register~1703                 ; LCCOMB_X51_Y57_N26 ; 32      ; Clock enable ; no     ; --                   ; --               ; --                        ;
; registerfile:RegisterFile|register~1704                 ; LCCOMB_X57_Y57_N10 ; 32      ; Clock enable ; no     ; --                   ; --               ; --                        ;
; registerfile:RegisterFile|register~1705                 ; LCCOMB_X57_Y57_N4  ; 32      ; Clock enable ; no     ; --                   ; --               ; --                        ;
; registerfile:RegisterFile|register~1706                 ; LCCOMB_X58_Y54_N14 ; 32      ; Clock enable ; no     ; --                   ; --               ; --                        ;
; registerfile:RegisterFile|register~1707                 ; LCCOMB_X51_Y57_N28 ; 32      ; Clock enable ; no     ; --                   ; --               ; --                        ;
; registerfile:RegisterFile|register~1708                 ; LCCOMB_X57_Y57_N30 ; 32      ; Clock enable ; no     ; --                   ; --               ; --                        ;
; registerfile:RegisterFile|register~1709                 ; LCCOMB_X54_Y60_N0  ; 32      ; Clock enable ; no     ; --                   ; --               ; --                        ;
; registerfile:RegisterFile|register~1710                 ; LCCOMB_X51_Y57_N6  ; 32      ; Clock enable ; no     ; --                   ; --               ; --                        ;
; registerfile:RegisterFile|register~1711                 ; LCCOMB_X58_Y54_N0  ; 32      ; Clock enable ; no     ; --                   ; --               ; --                        ;
; registerfile:RegisterFile|register~1712                 ; LCCOMB_X58_Y54_N26 ; 32      ; Clock enable ; no     ; --                   ; --               ; --                        ;
; resetControl                                            ; LCCOMB_X70_Y53_N30 ; 17      ; Async. clear ; no     ; --                   ; --               ; --                        ;
+---------------------------------------------------------+--------------------+---------+--------------+--------+----------------------+------------------+---------------------------+


+-------------------------------------------------------------------------------------------------------------------------------------------+
; Global & Other Fast Signals                                                                                                               ;
+---------+----------+---------+--------------------------------------+----------------------+------------------+---------------------------+
; Name    ; Location ; Fan-Out ; Fan-Out Using Intentional Clock Skew ; Global Resource Used ; Global Line Name ; Enable Signal Source Name ;
+---------+----------+---------+--------------------------------------+----------------------+------------------+---------------------------+
; CLK_MUL ; PLL_1    ; 43      ; 0                                    ; Global Clock         ; GCLK27           ; --                        ;
; CLK_SYS ; PLL_1    ; 1182    ; 0                                    ; Global Clock         ; GCLK28           ; --                        ;
; Reset   ; PIN_W15  ; 73      ; 0                                    ; Global Clock         ; GCLK29           ; --                        ;
+---------+----------+---------+--------------------------------------+----------------------+------------------+---------------------------+


+------------------------------------------------------------------------------------------------------------------------------------------------------------------------------------------------------------------------------------------------------------------------------------------------------------------------------------------------------------------------------------------------------------------------------------------------------------------------------------------------------------------------------------------------------------------------------------------------------------------------------------------------------------------------------+
; Fitter RAM Summary                                                                                                                                                                                                                                                                                                                                                                                                                                                                                                                                                                                                                                                           ;
+--------------------------------------------------------------------------------------------------+------+-------------+--------------+--------------+--------------+--------------+--------------+------------------------+-------------------------+------------------------+-------------------------+-------+-----------------------------+-----------------------------+-----------------------------+-----------------------------+---------------------+------+----------+----------------------------------------------------------------+----------------------+------------------------+------------------------+----------+------------------------+---------------+
; Name                                                                                             ; Type ; Mode        ; Clock Mode   ; Port A Depth ; Port A Width ; Port B Depth ; Port B Width ; Port A Input Registers ; Port A Output Registers ; Port B Input Registers ; Port B Output Registers ; Size  ; Implementation Port A Depth ; Implementation Port A Width ; Implementation Port B Depth ; Implementation Port B Width ; Implementation Bits ; M9Ks ; MIF      ; Location                                                       ; Mixed Width RDW Mode ; Port A RDW Mode        ; Port B RDW Mode        ; ECC Mode ; ECC Pipeline Registers ; Fits in MLABs ;
+--------------------------------------------------------------------------------------------------+------+-------------+--------------+--------------+--------------+--------------+--------------+------------------------+-------------------------+------------------------+-------------------------+-------+-----------------------------+-----------------------------+-----------------------------+-----------------------------+---------------------+------+----------+----------------------------------------------------------------+----------------------+------------------------+------------------------+----------+------------------------+---------------+
; InstMem:IM|altsyncram:altsyncram_component|altsyncram_jv91:auto_generated|ALTSYNCRAM             ; AUTO ; ROM         ; Single Clock ; 1024         ; 32           ; --           ; --           ; yes                    ; no                      ; --                     ; --                      ; 32768 ; 1024                        ; 27                          ; --                          ; --                          ; 27648               ; 3    ; Code.hex ; M9K_X65_Y54_N0, M9K_X65_Y55_N0, M9K_X65_Y53_N0                 ; Don't care           ; New data with NBE Read ; New data with NBE Read ; Off      ; No                     ; No - Unknown  ;
; datamemory:Data_Memory|altsyncram:altsyncram_component|altsyncram_28i1:auto_generated|ALTSYNCRAM ; AUTO ; Single Port ; Single Clock ; 1024         ; 32           ; --           ; --           ; yes                    ; no                      ; --                     ; --                      ; 32768 ; 1024                        ; 32                          ; --                          ; --                          ; 32768               ; 4    ; Data.hex ; M9K_X65_Y59_N0, M9K_X65_Y58_N0, M9K_X65_Y60_N0, M9K_X65_Y61_N0 ; Don't care           ; New data with NBE Read ; New data with NBE Read ; Off      ; No                     ; No - Unknown  ;
+--------------------------------------------------------------------------------------------------+------+-------------+--------------+--------------+--------------+--------------+--------------+------------------------+-------------------------+------------------------+-------------------------+-------+-----------------------------+-----------------------------+-----------------------------+-----------------------------+---------------------+------+----------+----------------------------------------------------------------+----------------------+------------------------+------------------------+----------+------------------------+---------------+
Note: Fitter may spread logical memories into multiple blocks to improve timing. The actual required RAM blocks can be found in the Fitter Resource Usage section.


RAM content values are presented in the following format: (Binary) (Octal) (Decimal) (Hexadecimal) 
+------------------------------------------------------------------------------------------------------------------------------------------------------------------------------------------------------------------------------------------------------------------+
; |cpu|InstMem:IM|altsyncram:altsyncram_component|altsyncram_jv91:auto_generated|ALTSYNCRAM                                                                                                                                                                        ;
+------------------------------------------------------------------------------------------------------------------------------------------------------------------------------------------------------------------------------------------------------------------+
;   Addr   ;              +0              ;              +1              ;              +2              ;              +3              ;              +4              ;              +5              ;              +6              ;              +7              ;
+----------+------------------------------+------------------------------+------------------------------+------------------------------+------------------------------+------------------------------+------------------------------+------------------------------+
;0;(00000000000000000000000000000000) (0) (0) (00)    ;(00000000000000000000000000000000) (0) (0) (00)   ;(00000000000000000000000000000000) (0) (0) (00)   ;(00000000000000000000000000000000) (0) (0) (00)   ;(10011000000111100000000000100000) (1672073204) (-1742864352) (-6-7-14-1-15-15-140)   ;(00000000000000000000000000000000) (0) (0) (00)   ;(00000000000000000000000000000000) (0) (0) (00)   ;(00000000000000000000000000000000) (0) (0) (00)   ;
;8;(10011000000010100000000000000000) (1667050944) (-1744175104) (-6-7-15-60000)    ;(00000000000000000000000000000000) (0) (0) (00)   ;(00000000000000000000000000000000) (0) (0) (00)   ;(00000000000000000000000000000000) (0) (0) (00)   ;(10011000000111110000000000000000) (1672250944) (-1742798848) (-6-7-14-10000)   ;(00000000000000000000000000000000) (0) (0) (00)   ;(00000000000000000000000000000000) (0) (0) (00)   ;(00000000000000000000000000000000) (0) (0) (00)   ;
;16;(10001011111000010000000000100000) (34873204) (-1948188640) (-7-4-1-14-15-15-140)    ;(00000000000000000000000000000000) (0) (0) (00)   ;(00000000000000000000000000000000) (0) (0) (00)   ;(00000000000000000000000000000000) (0) (0) (00)   ;(10010111111111110000000000000001) (1442273167) (-1744895999) (-6-800-15-15-15-15)   ;(00000000000000000000000000000000) (0) (0) (00)   ;(00000000000000000000000000000000) (0) (0) (00)   ;(00000000000000000000000000000000) (0) (0) (00)   ;
;24;(00110000001010100101000000100000) (1717482744) (808079392) (302A5020)    ;(00000000000000000000000000000000) (0) (0) (00)   ;(00000000000000000000000000000000) (0) (0) (00)   ;(00000000000000000000000000000000) (0) (0) (00)   ;(10010011111111101111100000110000) (1042247224) (-1812006864) (-6-120-10-7-130)   ;(00000000000000000000000000000000) (0) (0) (00)   ;(00000000000000000000000000000000) (0) (0) (00)   ;(00000000000000000000000000000000) (0) (0) (00)   ;
;32;(10001101111010100000100000011111) (237077203) (-1914042337) (-7-2-1-5-15-7-14-1)    ;(00000000000000000000000000000000) (0) (0) (00)   ;(00000000000000000000000000000000) (0) (0) (00)   ;(00000000000000000000000000000000) (0) (0) (00)   ;(00000000000000000000000000000000) (0) (0) (00)   ;(00000000000000000000000000000000) (0) (0) (00)   ;(00000000000000000000000000000000) (0) (0) (00)   ;(00000000000000000000000000000000) (0) (0) (00)   ;
;40;(00000000000000000000000000000000) (0) (0) (00)    ;(00000000000000000000000000000000) (0) (0) (00)   ;(00000000000000000000000000000000) (0) (0) (00)   ;(00000000000000000000000000000000) (0) (0) (00)   ;(10011000000111110000000000000000) (1672250944) (-1742798848) (-6-7-14-10000)   ;(00000000000000000000000000000000) (0) (0) (00)   ;(00000000000000000000000000000000) (0) (0) (00)   ;(00000000000000000000000000000000) (0) (0) (00)   ;
;48;(10011000000010100000000000000000) (1667050944) (-1744175104) (-6-7-15-60000)    ;(00000000000000000000000000000000) (0) (0) (00)   ;(00000000000000000000000000000000) (0) (0) (00)   ;(00000000000000000000000000000000) (0) (0) (00)   ;(10011000000011010000000000111111) (1667873243) (-1743978433) (-6-7-15-2-15-15-12-1)   ;(00000000000000000000000000000000) (0) (0) (00)   ;(00000000000000000000000000000000) (0) (0) (00)   ;(00000000000000000000000000000000) (0) (0) (00)   ;
;56;(10001011111000010000000000100000) (34873204) (-1948188640) (-7-4-1-14-15-15-140)    ;(00000000000000000000000000000000) (0) (0) (00)   ;(00000000000000000000000000000000) (0) (0) (00)   ;(00000000000000000000000000000000) (0) (0) (00)   ;(10010111111111110000000000000001) (1442273167) (-1744895999) (-6-800-15-15-15-15)   ;(00000000000000000000000000000000) (0) (0) (00)   ;(00000000000000000000000000000000) (0) (0) (00)   ;(00000000000000000000000000000000) (0) (0) (00)   ;
;64;(00000000000000000000000000000000) (0) (0) (00)    ;(00000000000000000000000000000000) (0) (0) (00)   ;(00000000000000000000000000000000) (0) (0) (00)   ;(00000000000000000000000000000000) (0) (0) (00)   ;(00000000000000000000000000000000) (0) (0) (00)   ;(00000000000000000000000000000000) (0) (0) (00)   ;(00000000000000000000000000000000) (0) (0) (00)   ;(00000000000000000000000000000000) (0) (0) (00)   ;
;72;(00110000001010100101000000100000) (1717482744) (808079392) (302A5020)    ;(00000000000000000000000000000000) (0) (0) (00)   ;(00000000000000000000000000000000) (0) (0) (00)   ;(00000000000000000000000000000000) (0) (0) (00)   ;(00000000000000000000000000000000) (0) (0) (00)   ;(00000000000000000000000000000000) (0) (0) (00)   ;(00000000000000000000000000000000) (0) (0) (00)   ;(00000000000000000000000000000000) (0) (0) (00)   ;
;80;(00000000000000000000000000000000) (0) (0) (00)    ;(00000000000000000000000000000000) (0) (0) (00)   ;(00000000000000000000000000000000) (0) (0) (00)   ;(00000000000000000000000000000000) (0) (0) (00)   ;(10010011111111100000000000000000) (1042050944) (-1812070400) (-6-120-20000)   ;(00000000000000000000000000000000) (0) (0) (00)   ;(00000000000000000000000000000000) (0) (0) (00)   ;(00000000000000000000000000000000) (0) (0) (00)   ;
;88;(00110001010011011010000000110010) (1828352766) (827170866) (314DA032)    ;(00000000000000000000000000000000) (0) (0) (00)   ;(00000000000000000000000000000000) (0) (0) (00)   ;(00000000000000000000000000000000) (0) (0) (00)   ;(00000000000000000000000000000000) (0) (0) (00)   ;(00000000000000000000000000000000) (0) (0) (00)   ;(00000000000000000000000000000000) (0) (0) (00)   ;(00000000000000000000000000000000) (0) (0) (00)   ;
;96;(00000000000000000000000000000000) (0) (0) (00)    ;(00000000000000000000000000000000) (0) (0) (00)   ;(00000000000000000000000000000000) (0) (0) (00)   ;(00000000000000000000000000000000) (0) (0) (00)   ;(10001101111101000000100000011111) (239677203) (-1913386977) (-7-20-11-15-7-14-1)   ;(00000000000000000000000000000000) (0) (0) (00)   ;(00000000000000000000000000000000) (0) (0) (00)   ;(00000000000000000000000000000000) (0) (0) (00)   ;
;104;(00000000000000000000000000000000) (0) (0) (00)    ;(00000000000000000000000000000000) (0) (0) (00)   ;(00000000000000000000000000000000) (0) (0) (00)   ;(00000000000000000000000000000000) (0) (0) (00)   ;(00001000000000000000000000000000) (1000000000) (134217728) (8000000)   ;(00000000000000000000000000000000) (0) (0) (00)   ;(00000000000000000000000000000000) (0) (0) (00)   ;(00000000000000000000000000000000) (0) (0) (00)   ;
;112;(00000000000000000000000000000000) (0) (0) (00)    ;(00000000000000000000000000000000) (0) (0) (00)   ;(00000000000000000000000000000000) (0) (0) (00)   ;(00000000000000000000000000000000) (0) (0) (00)   ;(00000000000000000000000000000000) (0) (0) (00)   ;(00000000000000000000000000000000) (0) (0) (00)   ;(00000000000000000000000000000000) (0) (0) (00)   ;(00000000000000000000000000000000) (0) (0) (00)   ;
;120;(00000000000000000000000000000000) (0) (0) (00)    ;(00000000000000000000000000000000) (0) (0) (00)   ;(00000000000000000000000000000000) (0) (0) (00)   ;(00000000000000000000000000000000) (0) (0) (00)   ;(00000000000000000000000000000000) (0) (0) (00)   ;(00000000000000000000000000000000) (0) (0) (00)   ;(00000000000000000000000000000000) (0) (0) (00)   ;(00000000000000000000000000000000) (0) (0) (00)   ;
;128;(00000000000000000000000000000000) (0) (0) (00)    ;(00000000000000000000000000000000) (0) (0) (00)   ;(00000000000000000000000000000000) (0) (0) (00)   ;(00000000000000000000000000000000) (0) (0) (00)   ;(00000000000000000000000000000000) (0) (0) (00)   ;(00000000000000000000000000000000) (0) (0) (00)   ;(00000000000000000000000000000000) (0) (0) (00)   ;(00000000000000000000000000000000) (0) (0) (00)   ;
;136;(00000000000000000000000000000000) (0) (0) (00)    ;(00000000000000000000000000000000) (0) (0) (00)   ;(00000000000000000000000000000000) (0) (0) (00)   ;(00000000000000000000000000000000) (0) (0) (00)   ;(00000000000000000000000000000000) (0) (0) (00)   ;(00000000000000000000000000000000) (0) (0) (00)   ;(00000000000000000000000000000000) (0) (0) (00)   ;(00000000000000000000000000000000) (0) (0) (00)   ;
;144;(00000000000000000000000000000000) (0) (0) (00)    ;(00000000000000000000000000000000) (0) (0) (00)   ;(00000000000000000000000000000000) (0) (0) (00)   ;(00000000000000000000000000000000) (0) (0) (00)   ;(00000000000000000000000000000000) (0) (0) (00)   ;(00000000000000000000000000000000) (0) (0) (00)   ;(00000000000000000000000000000000) (0) (0) (00)   ;(00000000000000000000000000000000) (0) (0) (00)   ;
;152;(00000000000000000000000000000000) (0) (0) (00)    ;(00000000000000000000000000000000) (0) (0) (00)   ;(00000000000000000000000000000000) (0) (0) (00)   ;(00000000000000000000000000000000) (0) (0) (00)   ;(00000000000000000000000000000000) (0) (0) (00)   ;(00000000000000000000000000000000) (0) (0) (00)   ;(00000000000000000000000000000000) (0) (0) (00)   ;(00000000000000000000000000000000) (0) (0) (00)   ;
;160;(00000000000000000000000000000000) (0) (0) (00)    ;(00000000000000000000000000000000) (0) (0) (00)   ;(00000000000000000000000000000000) (0) (0) (00)   ;(00000000000000000000000000000000) (0) (0) (00)   ;(00000000000000000000000000000000) (0) (0) (00)   ;(00000000000000000000000000000000) (0) (0) (00)   ;(00000000000000000000000000000000) (0) (0) (00)   ;(00000000000000000000000000000000) (0) (0) (00)   ;
;168;(00000000000000000000000000000000) (0) (0) (00)    ;(00000000000000000000000000000000) (0) (0) (00)   ;(00000000000000000000000000000000) (0) (0) (00)   ;(00000000000000000000000000000000) (0) (0) (00)   ;(00000000000000000000000000000000) (0) (0) (00)   ;(00000000000000000000000000000000) (0) (0) (00)   ;(00000000000000000000000000000000) (0) (0) (00)   ;(00000000000000000000000000000000) (0) (0) (00)   ;
;176;(00000000000000000000000000000000) (0) (0) (00)    ;(00000000000000000000000000000000) (0) (0) (00)   ;(00000000000000000000000000000000) (0) (0) (00)   ;(00000000000000000000000000000000) (0) (0) (00)   ;(00000000000000000000000000000000) (0) (0) (00)   ;(00000000000000000000000000000000) (0) (0) (00)   ;(00000000000000000000000000000000) (0) (0) (00)   ;(00000000000000000000000000000000) (0) (0) (00)   ;
;184;(00000000000000000000000000000000) (0) (0) (00)    ;(00000000000000000000000000000000) (0) (0) (00)   ;(00000000000000000000000000000000) (0) (0) (00)   ;(00000000000000000000000000000000) (0) (0) (00)   ;(00000000000000000000000000000000) (0) (0) (00)   ;(00000000000000000000000000000000) (0) (0) (00)   ;(00000000000000000000000000000000) (0) (0) (00)   ;(00000000000000000000000000000000) (0) (0) (00)   ;
;192;(00000000000000000000000000000000) (0) (0) (00)    ;(00000000000000000000000000000000) (0) (0) (00)   ;(00000000000000000000000000000000) (0) (0) (00)   ;(00000000000000000000000000000000) (0) (0) (00)   ;(00000000000000000000000000000000) (0) (0) (00)   ;(00000000000000000000000000000000) (0) (0) (00)   ;(00000000000000000000000000000000) (0) (0) (00)   ;(00000000000000000000000000000000) (0) (0) (00)   ;
;200;(00000000000000000000000000000000) (0) (0) (00)    ;(00000000000000000000000000000000) (0) (0) (00)   ;(00000000000000000000000000000000) (0) (0) (00)   ;(00000000000000000000000000000000) (0) (0) (00)   ;(00000000000000000000000000000000) (0) (0) (00)   ;(00000000000000000000000000000000) (0) (0) (00)   ;(00000000000000000000000000000000) (0) (0) (00)   ;(00000000000000000000000000000000) (0) (0) (00)   ;
;208;(00000000000000000000000000000000) (0) (0) (00)    ;(00000000000000000000000000000000) (0) (0) (00)   ;(00000000000000000000000000000000) (0) (0) (00)   ;(00000000000000000000000000000000) (0) (0) (00)   ;(00000000000000000000000000000000) (0) (0) (00)   ;(00000000000000000000000000000000) (0) (0) (00)   ;(00000000000000000000000000000000) (0) (0) (00)   ;(00000000000000000000000000000000) (0) (0) (00)   ;
;216;(00000000000000000000000000000000) (0) (0) (00)    ;(00000000000000000000000000000000) (0) (0) (00)   ;(00000000000000000000000000000000) (0) (0) (00)   ;(00000000000000000000000000000000) (0) (0) (00)   ;(00000000000000000000000000000000) (0) (0) (00)   ;(00000000000000000000000000000000) (0) (0) (00)   ;(00000000000000000000000000000000) (0) (0) (00)   ;(00000000000000000000000000000000) (0) (0) (00)   ;
;224;(00000000000000000000000000000000) (0) (0) (00)    ;(00000000000000000000000000000000) (0) (0) (00)   ;(00000000000000000000000000000000) (0) (0) (00)   ;(00000000000000000000000000000000) (0) (0) (00)   ;(00000000000000000000000000000000) (0) (0) (00)   ;(00000000000000000000000000000000) (0) (0) (00)   ;(00000000000000000000000000000000) (0) (0) (00)   ;(00000000000000000000000000000000) (0) (0) (00)   ;
;232;(00000000000000000000000000000000) (0) (0) (00)    ;(00000000000000000000000000000000) (0) (0) (00)   ;(00000000000000000000000000000000) (0) (0) (00)   ;(00000000000000000000000000000000) (0) (0) (00)   ;(00000000000000000000000000000000) (0) (0) (00)   ;(00000000000000000000000000000000) (0) (0) (00)   ;(00000000000000000000000000000000) (0) (0) (00)   ;(00000000000000000000000000000000) (0) (0) (00)   ;
;240;(00000000000000000000000000000000) (0) (0) (00)    ;(00000000000000000000000000000000) (0) (0) (00)   ;(00000000000000000000000000000000) (0) (0) (00)   ;(00000000000000000000000000000000) (0) (0) (00)   ;(00000000000000000000000000000000) (0) (0) (00)   ;(00000000000000000000000000000000) (0) (0) (00)   ;(00000000000000000000000000000000) (0) (0) (00)   ;(00000000000000000000000000000000) (0) (0) (00)   ;
;248;(00000000000000000000000000000000) (0) (0) (00)    ;(00000000000000000000000000000000) (0) (0) (00)   ;(00000000000000000000000000000000) (0) (0) (00)   ;(00000000000000000000000000000000) (0) (0) (00)   ;(00000000000000000000000000000000) (0) (0) (00)   ;(00000000000000000000000000000000) (0) (0) (00)   ;(00000000000000000000000000000000) (0) (0) (00)   ;(00000000000000000000000000000000) (0) (0) (00)   ;
;256;(00000000000000000000000000000000) (0) (0) (00)    ;(00000000000000000000000000000000) (0) (0) (00)   ;(00000000000000000000000000000000) (0) (0) (00)   ;(00000000000000000000000000000000) (0) (0) (00)   ;(00000000000000000000000000000000) (0) (0) (00)   ;(00000000000000000000000000000000) (0) (0) (00)   ;(00000000000000000000000000000000) (0) (0) (00)   ;(00000000000000000000000000000000) (0) (0) (00)   ;
;264;(00000000000000000000000000000000) (0) (0) (00)    ;(00000000000000000000000000000000) (0) (0) (00)   ;(00000000000000000000000000000000) (0) (0) (00)   ;(00000000000000000000000000000000) (0) (0) (00)   ;(00000000000000000000000000000000) (0) (0) (00)   ;(00000000000000000000000000000000) (0) (0) (00)   ;(00000000000000000000000000000000) (0) (0) (00)   ;(00000000000000000000000000000000) (0) (0) (00)   ;
;272;(00000000000000000000000000000000) (0) (0) (00)    ;(00000000000000000000000000000000) (0) (0) (00)   ;(00000000000000000000000000000000) (0) (0) (00)   ;(00000000000000000000000000000000) (0) (0) (00)   ;(00000000000000000000000000000000) (0) (0) (00)   ;(00000000000000000000000000000000) (0) (0) (00)   ;(00000000000000000000000000000000) (0) (0) (00)   ;(00000000000000000000000000000000) (0) (0) (00)   ;
;280;(00000000000000000000000000000000) (0) (0) (00)    ;(00000000000000000000000000000000) (0) (0) (00)   ;(00000000000000000000000000000000) (0) (0) (00)   ;(00000000000000000000000000000000) (0) (0) (00)   ;(00000000000000000000000000000000) (0) (0) (00)   ;(00000000000000000000000000000000) (0) (0) (00)   ;(00000000000000000000000000000000) (0) (0) (00)   ;(00000000000000000000000000000000) (0) (0) (00)   ;
;288;(00000000000000000000000000000000) (0) (0) (00)    ;(00000000000000000000000000000000) (0) (0) (00)   ;(00000000000000000000000000000000) (0) (0) (00)   ;(00000000000000000000000000000000) (0) (0) (00)   ;(00000000000000000000000000000000) (0) (0) (00)   ;(00000000000000000000000000000000) (0) (0) (00)   ;(00000000000000000000000000000000) (0) (0) (00)   ;(00000000000000000000000000000000) (0) (0) (00)   ;
;296;(00000000000000000000000000000000) (0) (0) (00)    ;(00000000000000000000000000000000) (0) (0) (00)   ;(00000000000000000000000000000000) (0) (0) (00)   ;(00000000000000000000000000000000) (0) (0) (00)   ;(00000000000000000000000000000000) (0) (0) (00)   ;(00000000000000000000000000000000) (0) (0) (00)   ;(00000000000000000000000000000000) (0) (0) (00)   ;(00000000000000000000000000000000) (0) (0) (00)   ;
;304;(00000000000000000000000000000000) (0) (0) (00)    ;(00000000000000000000000000000000) (0) (0) (00)   ;(00000000000000000000000000000000) (0) (0) (00)   ;(00000000000000000000000000000000) (0) (0) (00)   ;(00000000000000000000000000000000) (0) (0) (00)   ;(00000000000000000000000000000000) (0) (0) (00)   ;(00000000000000000000000000000000) (0) (0) (00)   ;(00000000000000000000000000000000) (0) (0) (00)   ;
;312;(00000000000000000000000000000000) (0) (0) (00)    ;(00000000000000000000000000000000) (0) (0) (00)   ;(00000000000000000000000000000000) (0) (0) (00)   ;(00000000000000000000000000000000) (0) (0) (00)   ;(00000000000000000000000000000000) (0) (0) (00)   ;(00000000000000000000000000000000) (0) (0) (00)   ;(00000000000000000000000000000000) (0) (0) (00)   ;(00000000000000000000000000000000) (0) (0) (00)   ;
;320;(00000000000000000000000000000000) (0) (0) (00)    ;(00000000000000000000000000000000) (0) (0) (00)   ;(00000000000000000000000000000000) (0) (0) (00)   ;(00000000000000000000000000000000) (0) (0) (00)   ;(00000000000000000000000000000000) (0) (0) (00)   ;(00000000000000000000000000000000) (0) (0) (00)   ;(00000000000000000000000000000000) (0) (0) (00)   ;(00000000000000000000000000000000) (0) (0) (00)   ;
;328;(00000000000000000000000000000000) (0) (0) (00)    ;(00000000000000000000000000000000) (0) (0) (00)   ;(00000000000000000000000000000000) (0) (0) (00)   ;(00000000000000000000000000000000) (0) (0) (00)   ;(00000000000000000000000000000000) (0) (0) (00)   ;(00000000000000000000000000000000) (0) (0) (00)   ;(00000000000000000000000000000000) (0) (0) (00)   ;(00000000000000000000000000000000) (0) (0) (00)   ;
;336;(00000000000000000000000000000000) (0) (0) (00)    ;(00000000000000000000000000000000) (0) (0) (00)   ;(00000000000000000000000000000000) (0) (0) (00)   ;(00000000000000000000000000000000) (0) (0) (00)   ;(00000000000000000000000000000000) (0) (0) (00)   ;(00000000000000000000000000000000) (0) (0) (00)   ;(00000000000000000000000000000000) (0) (0) (00)   ;(00000000000000000000000000000000) (0) (0) (00)   ;
;344;(00000000000000000000000000000000) (0) (0) (00)    ;(00000000000000000000000000000000) (0) (0) (00)   ;(00000000000000000000000000000000) (0) (0) (00)   ;(00000000000000000000000000000000) (0) (0) (00)   ;(00000000000000000000000000000000) (0) (0) (00)   ;(00000000000000000000000000000000) (0) (0) (00)   ;(00000000000000000000000000000000) (0) (0) (00)   ;(00000000000000000000000000000000) (0) (0) (00)   ;
;352;(00000000000000000000000000000000) (0) (0) (00)    ;(00000000000000000000000000000000) (0) (0) (00)   ;(00000000000000000000000000000000) (0) (0) (00)   ;(00000000000000000000000000000000) (0) (0) (00)   ;(00000000000000000000000000000000) (0) (0) (00)   ;(00000000000000000000000000000000) (0) (0) (00)   ;(00000000000000000000000000000000) (0) (0) (00)   ;(00000000000000000000000000000000) (0) (0) (00)   ;
;360;(00000000000000000000000000000000) (0) (0) (00)    ;(00000000000000000000000000000000) (0) (0) (00)   ;(00000000000000000000000000000000) (0) (0) (00)   ;(00000000000000000000000000000000) (0) (0) (00)   ;(00000000000000000000000000000000) (0) (0) (00)   ;(00000000000000000000000000000000) (0) (0) (00)   ;(00000000000000000000000000000000) (0) (0) (00)   ;(00000000000000000000000000000000) (0) (0) (00)   ;
;368;(00000000000000000000000000000000) (0) (0) (00)    ;(00000000000000000000000000000000) (0) (0) (00)   ;(00000000000000000000000000000000) (0) (0) (00)   ;(00000000000000000000000000000000) (0) (0) (00)   ;(00000000000000000000000000000000) (0) (0) (00)   ;(00000000000000000000000000000000) (0) (0) (00)   ;(00000000000000000000000000000000) (0) (0) (00)   ;(00000000000000000000000000000000) (0) (0) (00)   ;
;376;(00000000000000000000000000000000) (0) (0) (00)    ;(00000000000000000000000000000000) (0) (0) (00)   ;(00000000000000000000000000000000) (0) (0) (00)   ;(00000000000000000000000000000000) (0) (0) (00)   ;(00000000000000000000000000000000) (0) (0) (00)   ;(00000000000000000000000000000000) (0) (0) (00)   ;(00000000000000000000000000000000) (0) (0) (00)   ;(00000000000000000000000000000000) (0) (0) (00)   ;
;384;(00000000000000000000000000000000) (0) (0) (00)    ;(00000000000000000000000000000000) (0) (0) (00)   ;(00000000000000000000000000000000) (0) (0) (00)   ;(00000000000000000000000000000000) (0) (0) (00)   ;(00000000000000000000000000000000) (0) (0) (00)   ;(00000000000000000000000000000000) (0) (0) (00)   ;(00000000000000000000000000000000) (0) (0) (00)   ;(00000000000000000000000000000000) (0) (0) (00)   ;
;392;(00000000000000000000000000000000) (0) (0) (00)    ;(00000000000000000000000000000000) (0) (0) (00)   ;(00000000000000000000000000000000) (0) (0) (00)   ;(00000000000000000000000000000000) (0) (0) (00)   ;(00000000000000000000000000000000) (0) (0) (00)   ;(00000000000000000000000000000000) (0) (0) (00)   ;(00000000000000000000000000000000) (0) (0) (00)   ;(00000000000000000000000000000000) (0) (0) (00)   ;
;400;(00000000000000000000000000000000) (0) (0) (00)    ;(00000000000000000000000000000000) (0) (0) (00)   ;(00000000000000000000000000000000) (0) (0) (00)   ;(00000000000000000000000000000000) (0) (0) (00)   ;(00000000000000000000000000000000) (0) (0) (00)   ;(00000000000000000000000000000000) (0) (0) (00)   ;(00000000000000000000000000000000) (0) (0) (00)   ;(00000000000000000000000000000000) (0) (0) (00)   ;
;408;(00000000000000000000000000000000) (0) (0) (00)    ;(00000000000000000000000000000000) (0) (0) (00)   ;(00000000000000000000000000000000) (0) (0) (00)   ;(00000000000000000000000000000000) (0) (0) (00)   ;(00000000000000000000000000000000) (0) (0) (00)   ;(00000000000000000000000000000000) (0) (0) (00)   ;(00000000000000000000000000000000) (0) (0) (00)   ;(00000000000000000000000000000000) (0) (0) (00)   ;
;416;(00000000000000000000000000000000) (0) (0) (00)    ;(00000000000000000000000000000000) (0) (0) (00)   ;(00000000000000000000000000000000) (0) (0) (00)   ;(00000000000000000000000000000000) (0) (0) (00)   ;(00000000000000000000000000000000) (0) (0) (00)   ;(00000000000000000000000000000000) (0) (0) (00)   ;(00000000000000000000000000000000) (0) (0) (00)   ;(00000000000000000000000000000000) (0) (0) (00)   ;
;424;(00000000000000000000000000000000) (0) (0) (00)    ;(00000000000000000000000000000000) (0) (0) (00)   ;(00000000000000000000000000000000) (0) (0) (00)   ;(00000000000000000000000000000000) (0) (0) (00)   ;(00000000000000000000000000000000) (0) (0) (00)   ;(00000000000000000000000000000000) (0) (0) (00)   ;(00000000000000000000000000000000) (0) (0) (00)   ;(00000000000000000000000000000000) (0) (0) (00)   ;
;432;(00000000000000000000000000000000) (0) (0) (00)    ;(00000000000000000000000000000000) (0) (0) (00)   ;(00000000000000000000000000000000) (0) (0) (00)   ;(00000000000000000000000000000000) (0) (0) (00)   ;(00000000000000000000000000000000) (0) (0) (00)   ;(00000000000000000000000000000000) (0) (0) (00)   ;(00000000000000000000000000000000) (0) (0) (00)   ;(00000000000000000000000000000000) (0) (0) (00)   ;
;440;(00000000000000000000000000000000) (0) (0) (00)    ;(00000000000000000000000000000000) (0) (0) (00)   ;(00000000000000000000000000000000) (0) (0) (00)   ;(00000000000000000000000000000000) (0) (0) (00)   ;(00000000000000000000000000000000) (0) (0) (00)   ;(00000000000000000000000000000000) (0) (0) (00)   ;(00000000000000000000000000000000) (0) (0) (00)   ;(00000000000000000000000000000000) (0) (0) (00)   ;
;448;(00000000000000000000000000000000) (0) (0) (00)    ;(00000000000000000000000000000000) (0) (0) (00)   ;(00000000000000000000000000000000) (0) (0) (00)   ;(00000000000000000000000000000000) (0) (0) (00)   ;(00000000000000000000000000000000) (0) (0) (00)   ;(00000000000000000000000000000000) (0) (0) (00)   ;(00000000000000000000000000000000) (0) (0) (00)   ;(00000000000000000000000000000000) (0) (0) (00)   ;
;456;(00000000000000000000000000000000) (0) (0) (00)    ;(00000000000000000000000000000000) (0) (0) (00)   ;(00000000000000000000000000000000) (0) (0) (00)   ;(00000000000000000000000000000000) (0) (0) (00)   ;(00000000000000000000000000000000) (0) (0) (00)   ;(00000000000000000000000000000000) (0) (0) (00)   ;(00000000000000000000000000000000) (0) (0) (00)   ;(00000000000000000000000000000000) (0) (0) (00)   ;
;464;(00000000000000000000000000000000) (0) (0) (00)    ;(00000000000000000000000000000000) (0) (0) (00)   ;(00000000000000000000000000000000) (0) (0) (00)   ;(00000000000000000000000000000000) (0) (0) (00)   ;(00000000000000000000000000000000) (0) (0) (00)   ;(00000000000000000000000000000000) (0) (0) (00)   ;(00000000000000000000000000000000) (0) (0) (00)   ;(00000000000000000000000000000000) (0) (0) (00)   ;
;472;(00000000000000000000000000000000) (0) (0) (00)    ;(00000000000000000000000000000000) (0) (0) (00)   ;(00000000000000000000000000000000) (0) (0) (00)   ;(00000000000000000000000000000000) (0) (0) (00)   ;(00000000000000000000000000000000) (0) (0) (00)   ;(00000000000000000000000000000000) (0) (0) (00)   ;(00000000000000000000000000000000) (0) (0) (00)   ;(00000000000000000000000000000000) (0) (0) (00)   ;
;480;(00000000000000000000000000000000) (0) (0) (00)    ;(00000000000000000000000000000000) (0) (0) (00)   ;(00000000000000000000000000000000) (0) (0) (00)   ;(00000000000000000000000000000000) (0) (0) (00)   ;(00000000000000000000000000000000) (0) (0) (00)   ;(00000000000000000000000000000000) (0) (0) (00)   ;(00000000000000000000000000000000) (0) (0) (00)   ;(00000000000000000000000000000000) (0) (0) (00)   ;
;488;(00000000000000000000000000000000) (0) (0) (00)    ;(00000000000000000000000000000000) (0) (0) (00)   ;(00000000000000000000000000000000) (0) (0) (00)   ;(00000000000000000000000000000000) (0) (0) (00)   ;(00000000000000000000000000000000) (0) (0) (00)   ;(00000000000000000000000000000000) (0) (0) (00)   ;(00000000000000000000000000000000) (0) (0) (00)   ;(00000000000000000000000000000000) (0) (0) (00)   ;
;496;(00000000000000000000000000000000) (0) (0) (00)    ;(00000000000000000000000000000000) (0) (0) (00)   ;(00000000000000000000000000000000) (0) (0) (00)   ;(00000000000000000000000000000000) (0) (0) (00)   ;(00000000000000000000000000000000) (0) (0) (00)   ;(00000000000000000000000000000000) (0) (0) (00)   ;(00000000000000000000000000000000) (0) (0) (00)   ;(00000000000000000000000000000000) (0) (0) (00)   ;
;504;(00000000000000000000000000000000) (0) (0) (00)    ;(00000000000000000000000000000000) (0) (0) (00)   ;(00000000000000000000000000000000) (0) (0) (00)   ;(00000000000000000000000000000000) (0) (0) (00)   ;(00000000000000000000000000000000) (0) (0) (00)   ;(00000000000000000000000000000000) (0) (0) (00)   ;(00000000000000000000000000000000) (0) (0) (00)   ;(00000000000000000000000000000000) (0) (0) (00)   ;
;512;(00000000000000000000000000000000) (0) (0) (00)    ;(00000000000000000000000000000000) (0) (0) (00)   ;(00000000000000000000000000000000) (0) (0) (00)   ;(00000000000000000000000000000000) (0) (0) (00)   ;(00000000000000000000000000000000) (0) (0) (00)   ;(00000000000000000000000000000000) (0) (0) (00)   ;(00000000000000000000000000000000) (0) (0) (00)   ;(00000000000000000000000000000000) (0) (0) (00)   ;
;520;(00000000000000000000000000000000) (0) (0) (00)    ;(00000000000000000000000000000000) (0) (0) (00)   ;(00000000000000000000000000000000) (0) (0) (00)   ;(00000000000000000000000000000000) (0) (0) (00)   ;(00000000000000000000000000000000) (0) (0) (00)   ;(00000000000000000000000000000000) (0) (0) (00)   ;(00000000000000000000000000000000) (0) (0) (00)   ;(00000000000000000000000000000000) (0) (0) (00)   ;
;528;(00000000000000000000000000000000) (0) (0) (00)    ;(00000000000000000000000000000000) (0) (0) (00)   ;(00000000000000000000000000000000) (0) (0) (00)   ;(00000000000000000000000000000000) (0) (0) (00)   ;(00000000000000000000000000000000) (0) (0) (00)   ;(00000000000000000000000000000000) (0) (0) (00)   ;(00000000000000000000000000000000) (0) (0) (00)   ;(00000000000000000000000000000000) (0) (0) (00)   ;
;536;(00000000000000000000000000000000) (0) (0) (00)    ;(00000000000000000000000000000000) (0) (0) (00)   ;(00000000000000000000000000000000) (0) (0) (00)   ;(00000000000000000000000000000000) (0) (0) (00)   ;(00000000000000000000000000000000) (0) (0) (00)   ;(00000000000000000000000000000000) (0) (0) (00)   ;(00000000000000000000000000000000) (0) (0) (00)   ;(00000000000000000000000000000000) (0) (0) (00)   ;
;544;(00000000000000000000000000000000) (0) (0) (00)    ;(00000000000000000000000000000000) (0) (0) (00)   ;(00000000000000000000000000000000) (0) (0) (00)   ;(00000000000000000000000000000000) (0) (0) (00)   ;(00000000000000000000000000000000) (0) (0) (00)   ;(00000000000000000000000000000000) (0) (0) (00)   ;(00000000000000000000000000000000) (0) (0) (00)   ;(00000000000000000000000000000000) (0) (0) (00)   ;
;552;(00000000000000000000000000000000) (0) (0) (00)    ;(00000000000000000000000000000000) (0) (0) (00)   ;(00000000000000000000000000000000) (0) (0) (00)   ;(00000000000000000000000000000000) (0) (0) (00)   ;(00000000000000000000000000000000) (0) (0) (00)   ;(00000000000000000000000000000000) (0) (0) (00)   ;(00000000000000000000000000000000) (0) (0) (00)   ;(00000000000000000000000000000000) (0) (0) (00)   ;
;560;(00000000000000000000000000000000) (0) (0) (00)    ;(00000000000000000000000000000000) (0) (0) (00)   ;(00000000000000000000000000000000) (0) (0) (00)   ;(00000000000000000000000000000000) (0) (0) (00)   ;(00000000000000000000000000000000) (0) (0) (00)   ;(00000000000000000000000000000000) (0) (0) (00)   ;(00000000000000000000000000000000) (0) (0) (00)   ;(00000000000000000000000000000000) (0) (0) (00)   ;
;568;(00000000000000000000000000000000) (0) (0) (00)    ;(00000000000000000000000000000000) (0) (0) (00)   ;(00000000000000000000000000000000) (0) (0) (00)   ;(00000000000000000000000000000000) (0) (0) (00)   ;(00000000000000000000000000000000) (0) (0) (00)   ;(00000000000000000000000000000000) (0) (0) (00)   ;(00000000000000000000000000000000) (0) (0) (00)   ;(00000000000000000000000000000000) (0) (0) (00)   ;
;576;(00000000000000000000000000000000) (0) (0) (00)    ;(00000000000000000000000000000000) (0) (0) (00)   ;(00000000000000000000000000000000) (0) (0) (00)   ;(00000000000000000000000000000000) (0) (0) (00)   ;(00000000000000000000000000000000) (0) (0) (00)   ;(00000000000000000000000000000000) (0) (0) (00)   ;(00000000000000000000000000000000) (0) (0) (00)   ;(00000000000000000000000000000000) (0) (0) (00)   ;
;584;(00000000000000000000000000000000) (0) (0) (00)    ;(00000000000000000000000000000000) (0) (0) (00)   ;(00000000000000000000000000000000) (0) (0) (00)   ;(00000000000000000000000000000000) (0) (0) (00)   ;(00000000000000000000000000000000) (0) (0) (00)   ;(00000000000000000000000000000000) (0) (0) (00)   ;(00000000000000000000000000000000) (0) (0) (00)   ;(00000000000000000000000000000000) (0) (0) (00)   ;
;592;(00000000000000000000000000000000) (0) (0) (00)    ;(00000000000000000000000000000000) (0) (0) (00)   ;(00000000000000000000000000000000) (0) (0) (00)   ;(00000000000000000000000000000000) (0) (0) (00)   ;(00000000000000000000000000000000) (0) (0) (00)   ;(00000000000000000000000000000000) (0) (0) (00)   ;(00000000000000000000000000000000) (0) (0) (00)   ;(00000000000000000000000000000000) (0) (0) (00)   ;
;600;(00000000000000000000000000000000) (0) (0) (00)    ;(00000000000000000000000000000000) (0) (0) (00)   ;(00000000000000000000000000000000) (0) (0) (00)   ;(00000000000000000000000000000000) (0) (0) (00)   ;(00000000000000000000000000000000) (0) (0) (00)   ;(00000000000000000000000000000000) (0) (0) (00)   ;(00000000000000000000000000000000) (0) (0) (00)   ;(00000000000000000000000000000000) (0) (0) (00)   ;
;608;(00000000000000000000000000000000) (0) (0) (00)    ;(00000000000000000000000000000000) (0) (0) (00)   ;(00000000000000000000000000000000) (0) (0) (00)   ;(00000000000000000000000000000000) (0) (0) (00)   ;(00000000000000000000000000000000) (0) (0) (00)   ;(00000000000000000000000000000000) (0) (0) (00)   ;(00000000000000000000000000000000) (0) (0) (00)   ;(00000000000000000000000000000000) (0) (0) (00)   ;
;616;(00000000000000000000000000000000) (0) (0) (00)    ;(00000000000000000000000000000000) (0) (0) (00)   ;(00000000000000000000000000000000) (0) (0) (00)   ;(00000000000000000000000000000000) (0) (0) (00)   ;(00000000000000000000000000000000) (0) (0) (00)   ;(00000000000000000000000000000000) (0) (0) (00)   ;(00000000000000000000000000000000) (0) (0) (00)   ;(00000000000000000000000000000000) (0) (0) (00)   ;
;624;(00000000000000000000000000000000) (0) (0) (00)    ;(00000000000000000000000000000000) (0) (0) (00)   ;(00000000000000000000000000000000) (0) (0) (00)   ;(00000000000000000000000000000000) (0) (0) (00)   ;(00000000000000000000000000000000) (0) (0) (00)   ;(00000000000000000000000000000000) (0) (0) (00)   ;(00000000000000000000000000000000) (0) (0) (00)   ;(00000000000000000000000000000000) (0) (0) (00)   ;
;632;(00000000000000000000000000000000) (0) (0) (00)    ;(00000000000000000000000000000000) (0) (0) (00)   ;(00000000000000000000000000000000) (0) (0) (00)   ;(00000000000000000000000000000000) (0) (0) (00)   ;(00000000000000000000000000000000) (0) (0) (00)   ;(00000000000000000000000000000000) (0) (0) (00)   ;(00000000000000000000000000000000) (0) (0) (00)   ;(00000000000000000000000000000000) (0) (0) (00)   ;
;640;(00000000000000000000000000000000) (0) (0) (00)    ;(00000000000000000000000000000000) (0) (0) (00)   ;(00000000000000000000000000000000) (0) (0) (00)   ;(00000000000000000000000000000000) (0) (0) (00)   ;(00000000000000000000000000000000) (0) (0) (00)   ;(00000000000000000000000000000000) (0) (0) (00)   ;(00000000000000000000000000000000) (0) (0) (00)   ;(00000000000000000000000000000000) (0) (0) (00)   ;
;648;(00000000000000000000000000000000) (0) (0) (00)    ;(00000000000000000000000000000000) (0) (0) (00)   ;(00000000000000000000000000000000) (0) (0) (00)   ;(00000000000000000000000000000000) (0) (0) (00)   ;(00000000000000000000000000000000) (0) (0) (00)   ;(00000000000000000000000000000000) (0) (0) (00)   ;(00000000000000000000000000000000) (0) (0) (00)   ;(00000000000000000000000000000000) (0) (0) (00)   ;
;656;(00000000000000000000000000000000) (0) (0) (00)    ;(00000000000000000000000000000000) (0) (0) (00)   ;(00000000000000000000000000000000) (0) (0) (00)   ;(00000000000000000000000000000000) (0) (0) (00)   ;(00000000000000000000000000000000) (0) (0) (00)   ;(00000000000000000000000000000000) (0) (0) (00)   ;(00000000000000000000000000000000) (0) (0) (00)   ;(00000000000000000000000000000000) (0) (0) (00)   ;
;664;(00000000000000000000000000000000) (0) (0) (00)    ;(00000000000000000000000000000000) (0) (0) (00)   ;(00000000000000000000000000000000) (0) (0) (00)   ;(00000000000000000000000000000000) (0) (0) (00)   ;(00000000000000000000000000000000) (0) (0) (00)   ;(00000000000000000000000000000000) (0) (0) (00)   ;(00000000000000000000000000000000) (0) (0) (00)   ;(00000000000000000000000000000000) (0) (0) (00)   ;
;672;(00000000000000000000000000000000) (0) (0) (00)    ;(00000000000000000000000000000000) (0) (0) (00)   ;(00000000000000000000000000000000) (0) (0) (00)   ;(00000000000000000000000000000000) (0) (0) (00)   ;(00000000000000000000000000000000) (0) (0) (00)   ;(00000000000000000000000000000000) (0) (0) (00)   ;(00000000000000000000000000000000) (0) (0) (00)   ;(00000000000000000000000000000000) (0) (0) (00)   ;
;680;(00000000000000000000000000000000) (0) (0) (00)    ;(00000000000000000000000000000000) (0) (0) (00)   ;(00000000000000000000000000000000) (0) (0) (00)   ;(00000000000000000000000000000000) (0) (0) (00)   ;(00000000000000000000000000000000) (0) (0) (00)   ;(00000000000000000000000000000000) (0) (0) (00)   ;(00000000000000000000000000000000) (0) (0) (00)   ;(00000000000000000000000000000000) (0) (0) (00)   ;
;688;(00000000000000000000000000000000) (0) (0) (00)    ;(00000000000000000000000000000000) (0) (0) (00)   ;(00000000000000000000000000000000) (0) (0) (00)   ;(00000000000000000000000000000000) (0) (0) (00)   ;(00000000000000000000000000000000) (0) (0) (00)   ;(00000000000000000000000000000000) (0) (0) (00)   ;(00000000000000000000000000000000) (0) (0) (00)   ;(00000000000000000000000000000000) (0) (0) (00)   ;
;696;(00000000000000000000000000000000) (0) (0) (00)    ;(00000000000000000000000000000000) (0) (0) (00)   ;(00000000000000000000000000000000) (0) (0) (00)   ;(00000000000000000000000000000000) (0) (0) (00)   ;(00000000000000000000000000000000) (0) (0) (00)   ;(00000000000000000000000000000000) (0) (0) (00)   ;(00000000000000000000000000000000) (0) (0) (00)   ;(00000000000000000000000000000000) (0) (0) (00)   ;
;704;(00000000000000000000000000000000) (0) (0) (00)    ;(00000000000000000000000000000000) (0) (0) (00)   ;(00000000000000000000000000000000) (0) (0) (00)   ;(00000000000000000000000000000000) (0) (0) (00)   ;(00000000000000000000000000000000) (0) (0) (00)   ;(00000000000000000000000000000000) (0) (0) (00)   ;(00000000000000000000000000000000) (0) (0) (00)   ;(00000000000000000000000000000000) (0) (0) (00)   ;
;712;(00000000000000000000000000000000) (0) (0) (00)    ;(00000000000000000000000000000000) (0) (0) (00)   ;(00000000000000000000000000000000) (0) (0) (00)   ;(00000000000000000000000000000000) (0) (0) (00)   ;(00000000000000000000000000000000) (0) (0) (00)   ;(00000000000000000000000000000000) (0) (0) (00)   ;(00000000000000000000000000000000) (0) (0) (00)   ;(00000000000000000000000000000000) (0) (0) (00)   ;
;720;(00000000000000000000000000000000) (0) (0) (00)    ;(00000000000000000000000000000000) (0) (0) (00)   ;(00000000000000000000000000000000) (0) (0) (00)   ;(00000000000000000000000000000000) (0) (0) (00)   ;(00000000000000000000000000000000) (0) (0) (00)   ;(00000000000000000000000000000000) (0) (0) (00)   ;(00000000000000000000000000000000) (0) (0) (00)   ;(00000000000000000000000000000000) (0) (0) (00)   ;
;728;(00000000000000000000000000000000) (0) (0) (00)    ;(00000000000000000000000000000000) (0) (0) (00)   ;(00000000000000000000000000000000) (0) (0) (00)   ;(00000000000000000000000000000000) (0) (0) (00)   ;(00000000000000000000000000000000) (0) (0) (00)   ;(00000000000000000000000000000000) (0) (0) (00)   ;(00000000000000000000000000000000) (0) (0) (00)   ;(00000000000000000000000000000000) (0) (0) (00)   ;
;736;(00000000000000000000000000000000) (0) (0) (00)    ;(00000000000000000000000000000000) (0) (0) (00)   ;(00000000000000000000000000000000) (0) (0) (00)   ;(00000000000000000000000000000000) (0) (0) (00)   ;(00000000000000000000000000000000) (0) (0) (00)   ;(00000000000000000000000000000000) (0) (0) (00)   ;(00000000000000000000000000000000) (0) (0) (00)   ;(00000000000000000000000000000000) (0) (0) (00)   ;
;744;(00000000000000000000000000000000) (0) (0) (00)    ;(00000000000000000000000000000000) (0) (0) (00)   ;(00000000000000000000000000000000) (0) (0) (00)   ;(00000000000000000000000000000000) (0) (0) (00)   ;(00000000000000000000000000000000) (0) (0) (00)   ;(00000000000000000000000000000000) (0) (0) (00)   ;(00000000000000000000000000000000) (0) (0) (00)   ;(00000000000000000000000000000000) (0) (0) (00)   ;
;752;(00000000000000000000000000000000) (0) (0) (00)    ;(00000000000000000000000000000000) (0) (0) (00)   ;(00000000000000000000000000000000) (0) (0) (00)   ;(00000000000000000000000000000000) (0) (0) (00)   ;(00000000000000000000000000000000) (0) (0) (00)   ;(00000000000000000000000000000000) (0) (0) (00)   ;(00000000000000000000000000000000) (0) (0) (00)   ;(00000000000000000000000000000000) (0) (0) (00)   ;
;760;(00000000000000000000000000000000) (0) (0) (00)    ;(00000000000000000000000000000000) (0) (0) (00)   ;(00000000000000000000000000000000) (0) (0) (00)   ;(00000000000000000000000000000000) (0) (0) (00)   ;(00000000000000000000000000000000) (0) (0) (00)   ;(00000000000000000000000000000000) (0) (0) (00)   ;(00000000000000000000000000000000) (0) (0) (00)   ;(00000000000000000000000000000000) (0) (0) (00)   ;
;768;(00000000000000000000000000000000) (0) (0) (00)    ;(00000000000000000000000000000000) (0) (0) (00)   ;(00000000000000000000000000000000) (0) (0) (00)   ;(00000000000000000000000000000000) (0) (0) (00)   ;(00000000000000000000000000000000) (0) (0) (00)   ;(00000000000000000000000000000000) (0) (0) (00)   ;(00000000000000000000000000000000) (0) (0) (00)   ;(00000000000000000000000000000000) (0) (0) (00)   ;
;776;(00000000000000000000000000000000) (0) (0) (00)    ;(00000000000000000000000000000000) (0) (0) (00)   ;(00000000000000000000000000000000) (0) (0) (00)   ;(00000000000000000000000000000000) (0) (0) (00)   ;(00000000000000000000000000000000) (0) (0) (00)   ;(00000000000000000000000000000000) (0) (0) (00)   ;(00000000000000000000000000000000) (0) (0) (00)   ;(00000000000000000000000000000000) (0) (0) (00)   ;
;784;(00000000000000000000000000000000) (0) (0) (00)    ;(00000000000000000000000000000000) (0) (0) (00)   ;(00000000000000000000000000000000) (0) (0) (00)   ;(00000000000000000000000000000000) (0) (0) (00)   ;(00000000000000000000000000000000) (0) (0) (00)   ;(00000000000000000000000000000000) (0) (0) (00)   ;(00000000000000000000000000000000) (0) (0) (00)   ;(00000000000000000000000000000000) (0) (0) (00)   ;
;792;(00000000000000000000000000000000) (0) (0) (00)    ;(00000000000000000000000000000000) (0) (0) (00)   ;(00000000000000000000000000000000) (0) (0) (00)   ;(00000000000000000000000000000000) (0) (0) (00)   ;(00000000000000000000000000000000) (0) (0) (00)   ;(00000000000000000000000000000000) (0) (0) (00)   ;(00000000000000000000000000000000) (0) (0) (00)   ;(00000000000000000000000000000000) (0) (0) (00)   ;
;800;(00000000000000000000000000000000) (0) (0) (00)    ;(00000000000000000000000000000000) (0) (0) (00)   ;(00000000000000000000000000000000) (0) (0) (00)   ;(00000000000000000000000000000000) (0) (0) (00)   ;(00000000000000000000000000000000) (0) (0) (00)   ;(00000000000000000000000000000000) (0) (0) (00)   ;(00000000000000000000000000000000) (0) (0) (00)   ;(00000000000000000000000000000000) (0) (0) (00)   ;
;808;(00000000000000000000000000000000) (0) (0) (00)    ;(00000000000000000000000000000000) (0) (0) (00)   ;(00000000000000000000000000000000) (0) (0) (00)   ;(00000000000000000000000000000000) (0) (0) (00)   ;(00000000000000000000000000000000) (0) (0) (00)   ;(00000000000000000000000000000000) (0) (0) (00)   ;(00000000000000000000000000000000) (0) (0) (00)   ;(00000000000000000000000000000000) (0) (0) (00)   ;
;816;(00000000000000000000000000000000) (0) (0) (00)    ;(00000000000000000000000000000000) (0) (0) (00)   ;(00000000000000000000000000000000) (0) (0) (00)   ;(00000000000000000000000000000000) (0) (0) (00)   ;(00000000000000000000000000000000) (0) (0) (00)   ;(00000000000000000000000000000000) (0) (0) (00)   ;(00000000000000000000000000000000) (0) (0) (00)   ;(00000000000000000000000000000000) (0) (0) (00)   ;
;824;(00000000000000000000000000000000) (0) (0) (00)    ;(00000000000000000000000000000000) (0) (0) (00)   ;(00000000000000000000000000000000) (0) (0) (00)   ;(00000000000000000000000000000000) (0) (0) (00)   ;(00000000000000000000000000000000) (0) (0) (00)   ;(00000000000000000000000000000000) (0) (0) (00)   ;(00000000000000000000000000000000) (0) (0) (00)   ;(00000000000000000000000000000000) (0) (0) (00)   ;
;832;(00000000000000000000000000000000) (0) (0) (00)    ;(00000000000000000000000000000000) (0) (0) (00)   ;(00000000000000000000000000000000) (0) (0) (00)   ;(00000000000000000000000000000000) (0) (0) (00)   ;(00000000000000000000000000000000) (0) (0) (00)   ;(00000000000000000000000000000000) (0) (0) (00)   ;(00000000000000000000000000000000) (0) (0) (00)   ;(00000000000000000000000000000000) (0) (0) (00)   ;
;840;(00000000000000000000000000000000) (0) (0) (00)    ;(00000000000000000000000000000000) (0) (0) (00)   ;(00000000000000000000000000000000) (0) (0) (00)   ;(00000000000000000000000000000000) (0) (0) (00)   ;(00000000000000000000000000000000) (0) (0) (00)   ;(00000000000000000000000000000000) (0) (0) (00)   ;(00000000000000000000000000000000) (0) (0) (00)   ;(00000000000000000000000000000000) (0) (0) (00)   ;
;848;(00000000000000000000000000000000) (0) (0) (00)    ;(00000000000000000000000000000000) (0) (0) (00)   ;(00000000000000000000000000000000) (0) (0) (00)   ;(00000000000000000000000000000000) (0) (0) (00)   ;(00000000000000000000000000000000) (0) (0) (00)   ;(00000000000000000000000000000000) (0) (0) (00)   ;(00000000000000000000000000000000) (0) (0) (00)   ;(00000000000000000000000000000000) (0) (0) (00)   ;
;856;(00000000000000000000000000000000) (0) (0) (00)    ;(00000000000000000000000000000000) (0) (0) (00)   ;(00000000000000000000000000000000) (0) (0) (00)   ;(00000000000000000000000000000000) (0) (0) (00)   ;(00000000000000000000000000000000) (0) (0) (00)   ;(00000000000000000000000000000000) (0) (0) (00)   ;(00000000000000000000000000000000) (0) (0) (00)   ;(00000000000000000000000000000000) (0) (0) (00)   ;
;864;(00000000000000000000000000000000) (0) (0) (00)    ;(00000000000000000000000000000000) (0) (0) (00)   ;(00000000000000000000000000000000) (0) (0) (00)   ;(00000000000000000000000000000000) (0) (0) (00)   ;(00000000000000000000000000000000) (0) (0) (00)   ;(00000000000000000000000000000000) (0) (0) (00)   ;(00000000000000000000000000000000) (0) (0) (00)   ;(00000000000000000000000000000000) (0) (0) (00)   ;
;872;(00000000000000000000000000000000) (0) (0) (00)    ;(00000000000000000000000000000000) (0) (0) (00)   ;(00000000000000000000000000000000) (0) (0) (00)   ;(00000000000000000000000000000000) (0) (0) (00)   ;(00000000000000000000000000000000) (0) (0) (00)   ;(00000000000000000000000000000000) (0) (0) (00)   ;(00000000000000000000000000000000) (0) (0) (00)   ;(00000000000000000000000000000000) (0) (0) (00)   ;
;880;(00000000000000000000000000000000) (0) (0) (00)    ;(00000000000000000000000000000000) (0) (0) (00)   ;(00000000000000000000000000000000) (0) (0) (00)   ;(00000000000000000000000000000000) (0) (0) (00)   ;(00000000000000000000000000000000) (0) (0) (00)   ;(00000000000000000000000000000000) (0) (0) (00)   ;(00000000000000000000000000000000) (0) (0) (00)   ;(00000000000000000000000000000000) (0) (0) (00)   ;
;888;(00000000000000000000000000000000) (0) (0) (00)    ;(00000000000000000000000000000000) (0) (0) (00)   ;(00000000000000000000000000000000) (0) (0) (00)   ;(00000000000000000000000000000000) (0) (0) (00)   ;(00000000000000000000000000000000) (0) (0) (00)   ;(00000000000000000000000000000000) (0) (0) (00)   ;(00000000000000000000000000000000) (0) (0) (00)   ;(00000000000000000000000000000000) (0) (0) (00)   ;
;896;(00000000000000000000000000000000) (0) (0) (00)    ;(00000000000000000000000000000000) (0) (0) (00)   ;(00000000000000000000000000000000) (0) (0) (00)   ;(00000000000000000000000000000000) (0) (0) (00)   ;(00000000000000000000000000000000) (0) (0) (00)   ;(00000000000000000000000000000000) (0) (0) (00)   ;(00000000000000000000000000000000) (0) (0) (00)   ;(00000000000000000000000000000000) (0) (0) (00)   ;
;904;(00000000000000000000000000000000) (0) (0) (00)    ;(00000000000000000000000000000000) (0) (0) (00)   ;(00000000000000000000000000000000) (0) (0) (00)   ;(00000000000000000000000000000000) (0) (0) (00)   ;(00000000000000000000000000000000) (0) (0) (00)   ;(00000000000000000000000000000000) (0) (0) (00)   ;(00000000000000000000000000000000) (0) (0) (00)   ;(00000000000000000000000000000000) (0) (0) (00)   ;
;912;(00000000000000000000000000000000) (0) (0) (00)    ;(00000000000000000000000000000000) (0) (0) (00)   ;(00000000000000000000000000000000) (0) (0) (00)   ;(00000000000000000000000000000000) (0) (0) (00)   ;(00000000000000000000000000000000) (0) (0) (00)   ;(00000000000000000000000000000000) (0) (0) (00)   ;(00000000000000000000000000000000) (0) (0) (00)   ;(00000000000000000000000000000000) (0) (0) (00)   ;
;920;(00000000000000000000000000000000) (0) (0) (00)    ;(00000000000000000000000000000000) (0) (0) (00)   ;(00000000000000000000000000000000) (0) (0) (00)   ;(00000000000000000000000000000000) (0) (0) (00)   ;(00000000000000000000000000000000) (0) (0) (00)   ;(00000000000000000000000000000000) (0) (0) (00)   ;(00000000000000000000000000000000) (0) (0) (00)   ;(00000000000000000000000000000000) (0) (0) (00)   ;
;928;(00000000000000000000000000000000) (0) (0) (00)    ;(00000000000000000000000000000000) (0) (0) (00)   ;(00000000000000000000000000000000) (0) (0) (00)   ;(00000000000000000000000000000000) (0) (0) (00)   ;(00000000000000000000000000000000) (0) (0) (00)   ;(00000000000000000000000000000000) (0) (0) (00)   ;(00000000000000000000000000000000) (0) (0) (00)   ;(00000000000000000000000000000000) (0) (0) (00)   ;
;936;(00000000000000000000000000000000) (0) (0) (00)    ;(00000000000000000000000000000000) (0) (0) (00)   ;(00000000000000000000000000000000) (0) (0) (00)   ;(00000000000000000000000000000000) (0) (0) (00)   ;(00000000000000000000000000000000) (0) (0) (00)   ;(00000000000000000000000000000000) (0) (0) (00)   ;(00000000000000000000000000000000) (0) (0) (00)   ;(00000000000000000000000000000000) (0) (0) (00)   ;
;944;(00000000000000000000000000000000) (0) (0) (00)    ;(00000000000000000000000000000000) (0) (0) (00)   ;(00000000000000000000000000000000) (0) (0) (00)   ;(00000000000000000000000000000000) (0) (0) (00)   ;(00000000000000000000000000000000) (0) (0) (00)   ;(00000000000000000000000000000000) (0) (0) (00)   ;(00000000000000000000000000000000) (0) (0) (00)   ;(00000000000000000000000000000000) (0) (0) (00)   ;
;952;(00000000000000000000000000000000) (0) (0) (00)    ;(00000000000000000000000000000000) (0) (0) (00)   ;(00000000000000000000000000000000) (0) (0) (00)   ;(00000000000000000000000000000000) (0) (0) (00)   ;(00000000000000000000000000000000) (0) (0) (00)   ;(00000000000000000000000000000000) (0) (0) (00)   ;(00000000000000000000000000000000) (0) (0) (00)   ;(00000000000000000000000000000000) (0) (0) (00)   ;
;960;(00000000000000000000000000000000) (0) (0) (00)    ;(00000000000000000000000000000000) (0) (0) (00)   ;(00000000000000000000000000000000) (0) (0) (00)   ;(00000000000000000000000000000000) (0) (0) (00)   ;(00000000000000000000000000000000) (0) (0) (00)   ;(00000000000000000000000000000000) (0) (0) (00)   ;(00000000000000000000000000000000) (0) (0) (00)   ;(00000000000000000000000000000000) (0) (0) (00)   ;
;968;(00000000000000000000000000000000) (0) (0) (00)    ;(00000000000000000000000000000000) (0) (0) (00)   ;(00000000000000000000000000000000) (0) (0) (00)   ;(00000000000000000000000000000000) (0) (0) (00)   ;(00000000000000000000000000000000) (0) (0) (00)   ;(00000000000000000000000000000000) (0) (0) (00)   ;(00000000000000000000000000000000) (0) (0) (00)   ;(00000000000000000000000000000000) (0) (0) (00)   ;
;976;(00000000000000000000000000000000) (0) (0) (00)    ;(00000000000000000000000000000000) (0) (0) (00)   ;(00000000000000000000000000000000) (0) (0) (00)   ;(00000000000000000000000000000000) (0) (0) (00)   ;(00000000000000000000000000000000) (0) (0) (00)   ;(00000000000000000000000000000000) (0) (0) (00)   ;(00000000000000000000000000000000) (0) (0) (00)   ;(00000000000000000000000000000000) (0) (0) (00)   ;
;984;(00000000000000000000000000000000) (0) (0) (00)    ;(00000000000000000000000000000000) (0) (0) (00)   ;(00000000000000000000000000000000) (0) (0) (00)   ;(00000000000000000000000000000000) (0) (0) (00)   ;(00000000000000000000000000000000) (0) (0) (00)   ;(00000000000000000000000000000000) (0) (0) (00)   ;(00000000000000000000000000000000) (0) (0) (00)   ;(00000000000000000000000000000000) (0) (0) (00)   ;
;992;(00000000000000000000000000000000) (0) (0) (00)    ;(00000000000000000000000000000000) (0) (0) (00)   ;(00000000000000000000000000000000) (0) (0) (00)   ;(00000000000000000000000000000000) (0) (0) (00)   ;(00000000000000000000000000000000) (0) (0) (00)   ;(00000000000000000000000000000000) (0) (0) (00)   ;(00000000000000000000000000000000) (0) (0) (00)   ;(00000000000000000000000000000000) (0) (0) (00)   ;
;1000;(00000000000000000000000000000000) (0) (0) (00)    ;(00000000000000000000000000000000) (0) (0) (00)   ;(00000000000000000000000000000000) (0) (0) (00)   ;(00000000000000000000000000000000) (0) (0) (00)   ;(00000000000000000000000000000000) (0) (0) (00)   ;(00000000000000000000000000000000) (0) (0) (00)   ;(00000000000000000000000000000000) (0) (0) (00)   ;(00000000000000000000000000000000) (0) (0) (00)   ;
;1008;(00000000000000000000000000000000) (0) (0) (00)    ;(00000000000000000000000000000000) (0) (0) (00)   ;(00000000000000000000000000000000) (0) (0) (00)   ;(00000000000000000000000000000000) (0) (0) (00)   ;(00000000000000000000000000000000) (0) (0) (00)   ;(00000000000000000000000000000000) (0) (0) (00)   ;(00000000000000000000000000000000) (0) (0) (00)   ;(00000000000000000000000000000000) (0) (0) (00)   ;
;1016;(00000000000000000000000000000000) (0) (0) (00)    ;(00000000000000000000000000000000) (0) (0) (00)   ;(00000000000000000000000000000000) (0) (0) (00)   ;(00000000000000000000000000000000) (0) (0) (00)   ;(00000000000000000000000000000000) (0) (0) (00)   ;(00000000000000000000000000000000) (0) (0) (00)   ;(00000000000000000000000000000000) (0) (0) (00)   ;(00000000000000000000000000000000) (0) (0) (00)   ;


RAM content values are presented in the following format: (Binary) (Octal) (Decimal) (Hexadecimal) 
+------------------------------------------------------------------------------------------------------------------------------------------------------------------------------------------------------------------------------------------------------------------+
; |cpu|datamemory:Data_Memory|altsyncram:altsyncram_component|altsyncram_28i1:auto_generated|ALTSYNCRAM                                                                                                                                                            ;
+------------------------------------------------------------------------------------------------------------------------------------------------------------------------------------------------------------------------------------------------------------------+
;   Addr   ;              +0              ;              +1              ;              +2              ;              +3              ;              +4              ;              +5              ;              +6              ;              +7              ;
+----------+------------------------------+------------------------------+------------------------------+------------------------------+------------------------------+------------------------------+------------------------------+------------------------------+
;0;(00000000000000000000000000000000) (0) (0) (00)    ;(00000000000000000000000000000000) (0) (0) (00)   ;(00000000000000000000000000000000) (0) (0) (00)   ;(00000000000000000000000000000000) (0) (0) (00)   ;(00000000000000000000000000000001) (1) (1) (01)   ;(00000000000000000000000000000000) (0) (0) (00)   ;(00000000000000000000000000000000) (0) (0) (00)   ;(00000000000000000000000000000000) (0) (0) (00)   ;
;8;(00000000000000000000000000000010) (2) (2) (02)    ;(00000000000000000000000000000000) (0) (0) (00)   ;(00000000000000000000000000000000) (0) (0) (00)   ;(00000000000000000000000000000000) (0) (0) (00)   ;(00000000000000000000000000000011) (3) (3) (03)   ;(00000000000000000000000000000000) (0) (0) (00)   ;(00000000000000000000000000000000) (0) (0) (00)   ;(00000000000000000000000000000000) (0) (0) (00)   ;
;16;(00000000000000000000000000000100) (4) (4) (04)    ;(00000000000000000000000000000000) (0) (0) (00)   ;(00000000000000000000000000000000) (0) (0) (00)   ;(00000000000000000000000000000000) (0) (0) (00)   ;(00000000000000000000000000000101) (5) (5) (05)   ;(00000000000000000000000000000000) (0) (0) (00)   ;(00000000000000000000000000000000) (0) (0) (00)   ;(00000000000000000000000000000000) (0) (0) (00)   ;
;24;(00000000000000000000000000000110) (6) (6) (06)    ;(00000000000000000000000000000000) (0) (0) (00)   ;(00000000000000000000000000000000) (0) (0) (00)   ;(00000000000000000000000000000000) (0) (0) (00)   ;(00000000000000000000000000000000) (0) (0) (00)   ;(00000000000000000000000000000000) (0) (0) (00)   ;(00000000000000000000000000000000) (0) (0) (00)   ;(00000000000000000000000000000000) (0) (0) (00)   ;
;32;(00000000000000000000000000000000) (0) (0) (00)    ;(00000000000000000000000000000000) (0) (0) (00)   ;(00000000000000000000000000000000) (0) (0) (00)   ;(00000000000000000000000000000000) (0) (0) (00)   ;(00000000000000000000000000000000) (0) (0) (00)   ;(00000000000000000000000000000000) (0) (0) (00)   ;(00000000000000000000000000000000) (0) (0) (00)   ;(00000000000000000000000000000000) (0) (0) (00)   ;
;40;(00000000000000000000000000000000) (0) (0) (00)    ;(00000000000000000000000000000000) (0) (0) (00)   ;(00000000000000000000000000000000) (0) (0) (00)   ;(00000000000000000000000000000000) (0) (0) (00)   ;(00000000000000000000000000000000) (0) (0) (00)   ;(00000000000000000000000000000000) (0) (0) (00)   ;(00000000000000000000000000000000) (0) (0) (00)   ;(00000000000000000000000000000000) (0) (0) (00)   ;
;48;(00000000000000000000000000000000) (0) (0) (00)    ;(00000000000000000000000000000000) (0) (0) (00)   ;(00000000000000000000000000000000) (0) (0) (00)   ;(00000000000000000000000000000000) (0) (0) (00)   ;(00000000000000000000000000000000) (0) (0) (00)   ;(00000000000000000000000000000000) (0) (0) (00)   ;(00000000000000000000000000000000) (0) (0) (00)   ;(00000000000000000000000000000000) (0) (0) (00)   ;
;56;(00000000000000000000000000000000) (0) (0) (00)    ;(00000000000000000000000000000000) (0) (0) (00)   ;(00000000000000000000000000000000) (0) (0) (00)   ;(00000000000000000000000000000000) (0) (0) (00)   ;(00000000000000000000000000000000) (0) (0) (00)   ;(00000000000000000000000000000000) (0) (0) (00)   ;(00000000000000000000000000000000) (0) (0) (00)   ;(00000000000000000000000000000000) (0) (0) (00)   ;
;64;(00000000000000000000000000000000) (0) (0) (00)    ;(00000000000000000000000000000000) (0) (0) (00)   ;(00000000000000000000000000000000) (0) (0) (00)   ;(00000000000000000000000000000000) (0) (0) (00)   ;(00000000000000000000000000000000) (0) (0) (00)   ;(00000000000000000000000000000000) (0) (0) (00)   ;(00000000000000000000000000000000) (0) (0) (00)   ;(00000000000000000000000000000000) (0) (0) (00)   ;
;72;(00000000000000000000000000000000) (0) (0) (00)    ;(00000000000000000000000000000000) (0) (0) (00)   ;(00000000000000000000000000000000) (0) (0) (00)   ;(00000000000000000000000000000000) (0) (0) (00)   ;(00000000000000000000000000000000) (0) (0) (00)   ;(00000000000000000000000000000000) (0) (0) (00)   ;(00000000000000000000000000000000) (0) (0) (00)   ;(00000000000000000000000000000000) (0) (0) (00)   ;
;80;(00000000000000000000000000000000) (0) (0) (00)    ;(00000000000000000000000000000000) (0) (0) (00)   ;(00000000000000000000000000000000) (0) (0) (00)   ;(00000000000000000000000000000000) (0) (0) (00)   ;(00000000000000000000000000000000) (0) (0) (00)   ;(00000000000000000000000000000000) (0) (0) (00)   ;(00000000000000000000000000000000) (0) (0) (00)   ;(00000000000000000000000000000000) (0) (0) (00)   ;
;88;(00000000000000000000000000000000) (0) (0) (00)    ;(00000000000000000000000000000000) (0) (0) (00)   ;(00000000000000000000000000000000) (0) (0) (00)   ;(00000000000000000000000000000000) (0) (0) (00)   ;(00000000000000000000000000000000) (0) (0) (00)   ;(00000000000000000000000000000000) (0) (0) (00)   ;(00000000000000000000000000000000) (0) (0) (00)   ;(00000000000000000000000000000000) (0) (0) (00)   ;
;96;(00000000000000000000000000000000) (0) (0) (00)    ;(00000000000000000000000000000000) (0) (0) (00)   ;(00000000000000000000000000000000) (0) (0) (00)   ;(00000000000000000000000000000000) (0) (0) (00)   ;(00000000000000000000000000000000) (0) (0) (00)   ;(00000000000000000000000000000000) (0) (0) (00)   ;(00000000000000000000000000000000) (0) (0) (00)   ;(00000000000000000000000000000000) (0) (0) (00)   ;
;104;(00000000000000000000000000000000) (0) (0) (00)    ;(00000000000000000000000000000000) (0) (0) (00)   ;(00000000000000000000000000000000) (0) (0) (00)   ;(00000000000000000000000000000000) (0) (0) (00)   ;(00000000000000000000000000000000) (0) (0) (00)   ;(00000000000000000000000000000000) (0) (0) (00)   ;(00000000000000000000000000000000) (0) (0) (00)   ;(00000000000000000000000000000000) (0) (0) (00)   ;
;112;(00000000000000000000000000000000) (0) (0) (00)    ;(00000000000000000000000000000000) (0) (0) (00)   ;(00000000000000000000000000000000) (0) (0) (00)   ;(00000000000000000000000000000000) (0) (0) (00)   ;(00000000000000000000000000000000) (0) (0) (00)   ;(00000000000000000000000000000000) (0) (0) (00)   ;(00000000000000000000000000000000) (0) (0) (00)   ;(00000000000000000000000000000000) (0) (0) (00)   ;
;120;(00000000000000000000000000000000) (0) (0) (00)    ;(00000000000000000000000000000000) (0) (0) (00)   ;(00000000000000000000000000000000) (0) (0) (00)   ;(00000000000000000000000000000000) (0) (0) (00)   ;(00000000000000000000000000000000) (0) (0) (00)   ;(00000000000000000000000000000000) (0) (0) (00)   ;(00000000000000000000000000000000) (0) (0) (00)   ;(00000000000000000000000000000000) (0) (0) (00)   ;
;128;(00000000000000000000000000000000) (0) (0) (00)    ;(00000000000000000000000000000000) (0) (0) (00)   ;(00000000000000000000000000000000) (0) (0) (00)   ;(00000000000000000000000000000000) (0) (0) (00)   ;(00000000000000000000000000000000) (0) (0) (00)   ;(00000000000000000000000000000000) (0) (0) (00)   ;(00000000000000000000000000000000) (0) (0) (00)   ;(00000000000000000000000000000000) (0) (0) (00)   ;
;136;(00000000000000000000000000000000) (0) (0) (00)    ;(00000000000000000000000000000000) (0) (0) (00)   ;(00000000000000000000000000000000) (0) (0) (00)   ;(00000000000000000000000000000000) (0) (0) (00)   ;(00000000000000000000000000000000) (0) (0) (00)   ;(00000000000000000000000000000000) (0) (0) (00)   ;(00000000000000000000000000000000) (0) (0) (00)   ;(00000000000000000000000000000000) (0) (0) (00)   ;
;144;(00000000000000000000000000000000) (0) (0) (00)    ;(00000000000000000000000000000000) (0) (0) (00)   ;(00000000000000000000000000000000) (0) (0) (00)   ;(00000000000000000000000000000000) (0) (0) (00)   ;(00000000000000000000000000000000) (0) (0) (00)   ;(00000000000000000000000000000000) (0) (0) (00)   ;(00000000000000000000000000000000) (0) (0) (00)   ;(00000000000000000000000000000000) (0) (0) (00)   ;
;152;(00000000000000000000000000000000) (0) (0) (00)    ;(00000000000000000000000000000000) (0) (0) (00)   ;(00000000000000000000000000000000) (0) (0) (00)   ;(00000000000000000000000000000000) (0) (0) (00)   ;(00000000000000000000000000000000) (0) (0) (00)   ;(00000000000000000000000000000000) (0) (0) (00)   ;(00000000000000000000000000000000) (0) (0) (00)   ;(00000000000000000000000000000000) (0) (0) (00)   ;
;160;(00000000000000000000000000000000) (0) (0) (00)    ;(00000000000000000000000000000000) (0) (0) (00)   ;(00000000000000000000000000000000) (0) (0) (00)   ;(00000000000000000000000000000000) (0) (0) (00)   ;(00000000000000000000000000000000) (0) (0) (00)   ;(00000000000000000000000000000000) (0) (0) (00)   ;(00000000000000000000000000000000) (0) (0) (00)   ;(00000000000000000000000000000000) (0) (0) (00)   ;
;168;(00000000000000000000000000000000) (0) (0) (00)    ;(00000000000000000000000000000000) (0) (0) (00)   ;(00000000000000000000000000000000) (0) (0) (00)   ;(00000000000000000000000000000000) (0) (0) (00)   ;(00000000000000000000000000000000) (0) (0) (00)   ;(00000000000000000000000000000000) (0) (0) (00)   ;(00000000000000000000000000000000) (0) (0) (00)   ;(00000000000000000000000000000000) (0) (0) (00)   ;
;176;(00000000000000000000000000000000) (0) (0) (00)    ;(00000000000000000000000000000000) (0) (0) (00)   ;(00000000000000000000000000000000) (0) (0) (00)   ;(00000000000000000000000000000000) (0) (0) (00)   ;(00000000000000000000000000000000) (0) (0) (00)   ;(00000000000000000000000000000000) (0) (0) (00)   ;(00000000000000000000000000000000) (0) (0) (00)   ;(00000000000000000000000000000000) (0) (0) (00)   ;
;184;(00000000000000000000000000000000) (0) (0) (00)    ;(00000000000000000000000000000000) (0) (0) (00)   ;(00000000000000000000000000000000) (0) (0) (00)   ;(00000000000000000000000000000000) (0) (0) (00)   ;(00000000000000000000000000000000) (0) (0) (00)   ;(00000000000000000000000000000000) (0) (0) (00)   ;(00000000000000000000000000000000) (0) (0) (00)   ;(00000000000000000000000000000000) (0) (0) (00)   ;
;192;(00000000000000000000000000000000) (0) (0) (00)    ;(00000000000000000000000000000000) (0) (0) (00)   ;(00000000000000000000000000000000) (0) (0) (00)   ;(00000000000000000000000000000000) (0) (0) (00)   ;(00000000000000000000000000000000) (0) (0) (00)   ;(00000000000000000000000000000000) (0) (0) (00)   ;(00000000000000000000000000000000) (0) (0) (00)   ;(00000000000000000000000000000000) (0) (0) (00)   ;
;200;(00000000000000000000000000000000) (0) (0) (00)    ;(00000000000000000000000000000000) (0) (0) (00)   ;(00000000000000000000000000000000) (0) (0) (00)   ;(00000000000000000000000000000000) (0) (0) (00)   ;(00000000000000000000000000000000) (0) (0) (00)   ;(00000000000000000000000000000000) (0) (0) (00)   ;(00000000000000000000000000000000) (0) (0) (00)   ;(00000000000000000000000000000000) (0) (0) (00)   ;
;208;(00000000000000000000000000000000) (0) (0) (00)    ;(00000000000000000000000000000000) (0) (0) (00)   ;(00000000000000000000000000000000) (0) (0) (00)   ;(00000000000000000000000000000000) (0) (0) (00)   ;(00000000000000000000000000000000) (0) (0) (00)   ;(00000000000000000000000000000000) (0) (0) (00)   ;(00000000000000000000000000000000) (0) (0) (00)   ;(00000000000000000000000000000000) (0) (0) (00)   ;
;216;(00000000000000000000000000000000) (0) (0) (00)    ;(00000000000000000000000000000000) (0) (0) (00)   ;(00000000000000000000000000000000) (0) (0) (00)   ;(00000000000000000000000000000000) (0) (0) (00)   ;(00000000000000000000000000000000) (0) (0) (00)   ;(00000000000000000000000000000000) (0) (0) (00)   ;(00000000000000000000000000000000) (0) (0) (00)   ;(00000000000000000000000000000000) (0) (0) (00)   ;
;224;(00000000000000000000000000000000) (0) (0) (00)    ;(00000000000000000000000000000000) (0) (0) (00)   ;(00000000000000000000000000000000) (0) (0) (00)   ;(00000000000000000000000000000000) (0) (0) (00)   ;(00000000000000000000000000000000) (0) (0) (00)   ;(00000000000000000000000000000000) (0) (0) (00)   ;(00000000000000000000000000000000) (0) (0) (00)   ;(00000000000000000000000000000000) (0) (0) (00)   ;
;232;(00000000000000000000000000000000) (0) (0) (00)    ;(00000000000000000000000000000000) (0) (0) (00)   ;(00000000000000000000000000000000) (0) (0) (00)   ;(00000000000000000000000000000000) (0) (0) (00)   ;(00000000000000000000000000000000) (0) (0) (00)   ;(00000000000000000000000000000000) (0) (0) (00)   ;(00000000000000000000000000000000) (0) (0) (00)   ;(00000000000000000000000000000000) (0) (0) (00)   ;
;240;(00000000000000000000000000000000) (0) (0) (00)    ;(00000000000000000000000000000000) (0) (0) (00)   ;(00000000000000000000000000000000) (0) (0) (00)   ;(00000000000000000000000000000000) (0) (0) (00)   ;(00000000000000000000000000000000) (0) (0) (00)   ;(00000000000000000000000000000000) (0) (0) (00)   ;(00000000000000000000000000000000) (0) (0) (00)   ;(00000000000000000000000000000000) (0) (0) (00)   ;
;248;(00000000000000000000000000000000) (0) (0) (00)    ;(00000000000000000000000000000000) (0) (0) (00)   ;(00000000000000000000000000000000) (0) (0) (00)   ;(00000000000000000000000000000000) (0) (0) (00)   ;(00000000000000000000000000000000) (0) (0) (00)   ;(00000000000000000000000000000000) (0) (0) (00)   ;(00000000000000000000000000000000) (0) (0) (00)   ;(00000000000000000000000000000000) (0) (0) (00)   ;
;256;(00000000000000000000000000000000) (0) (0) (00)    ;(00000000000000000000000000000000) (0) (0) (00)   ;(00000000000000000000000000000000) (0) (0) (00)   ;(00000000000000000000000000000000) (0) (0) (00)   ;(00000000000000000000000000000000) (0) (0) (00)   ;(00000000000000000000000000000000) (0) (0) (00)   ;(00000000000000000000000000000000) (0) (0) (00)   ;(00000000000000000000000000000000) (0) (0) (00)   ;
;264;(00000000000000000000000000000000) (0) (0) (00)    ;(00000000000000000000000000000000) (0) (0) (00)   ;(00000000000000000000000000000000) (0) (0) (00)   ;(00000000000000000000000000000000) (0) (0) (00)   ;(00000000000000000000000000000000) (0) (0) (00)   ;(00000000000000000000000000000000) (0) (0) (00)   ;(00000000000000000000000000000000) (0) (0) (00)   ;(00000000000000000000000000000000) (0) (0) (00)   ;
;272;(00000000000000000000000000000000) (0) (0) (00)    ;(00000000000000000000000000000000) (0) (0) (00)   ;(00000000000000000000000000000000) (0) (0) (00)   ;(00000000000000000000000000000000) (0) (0) (00)   ;(00000000000000000000000000000000) (0) (0) (00)   ;(00000000000000000000000000000000) (0) (0) (00)   ;(00000000000000000000000000000000) (0) (0) (00)   ;(00000000000000000000000000000000) (0) (0) (00)   ;
;280;(00000000000000000000000000000000) (0) (0) (00)    ;(00000000000000000000000000000000) (0) (0) (00)   ;(00000000000000000000000000000000) (0) (0) (00)   ;(00000000000000000000000000000000) (0) (0) (00)   ;(00000000000000000000000000000000) (0) (0) (00)   ;(00000000000000000000000000000000) (0) (0) (00)   ;(00000000000000000000000000000000) (0) (0) (00)   ;(00000000000000000000000000000000) (0) (0) (00)   ;
;288;(00000000000000000000000000000000) (0) (0) (00)    ;(00000000000000000000000000000000) (0) (0) (00)   ;(00000000000000000000000000000000) (0) (0) (00)   ;(00000000000000000000000000000000) (0) (0) (00)   ;(00000000000000000000000000000000) (0) (0) (00)   ;(00000000000000000000000000000000) (0) (0) (00)   ;(00000000000000000000000000000000) (0) (0) (00)   ;(00000000000000000000000000000000) (0) (0) (00)   ;
;296;(00000000000000000000000000000000) (0) (0) (00)    ;(00000000000000000000000000000000) (0) (0) (00)   ;(00000000000000000000000000000000) (0) (0) (00)   ;(00000000000000000000000000000000) (0) (0) (00)   ;(00000000000000000000000000000000) (0) (0) (00)   ;(00000000000000000000000000000000) (0) (0) (00)   ;(00000000000000000000000000000000) (0) (0) (00)   ;(00000000000000000000000000000000) (0) (0) (00)   ;
;304;(00000000000000000000000000000000) (0) (0) (00)    ;(00000000000000000000000000000000) (0) (0) (00)   ;(00000000000000000000000000000000) (0) (0) (00)   ;(00000000000000000000000000000000) (0) (0) (00)   ;(00000000000000000000000000000000) (0) (0) (00)   ;(00000000000000000000000000000000) (0) (0) (00)   ;(00000000000000000000000000000000) (0) (0) (00)   ;(00000000000000000000000000000000) (0) (0) (00)   ;
;312;(00000000000000000000000000000000) (0) (0) (00)    ;(00000000000000000000000000000000) (0) (0) (00)   ;(00000000000000000000000000000000) (0) (0) (00)   ;(00000000000000000000000000000000) (0) (0) (00)   ;(00000000000000000000000000000000) (0) (0) (00)   ;(00000000000000000000000000000000) (0) (0) (00)   ;(00000000000000000000000000000000) (0) (0) (00)   ;(00000000000000000000000000000000) (0) (0) (00)   ;
;320;(00000000000000000000000000000000) (0) (0) (00)    ;(00000000000000000000000000000000) (0) (0) (00)   ;(00000000000000000000000000000000) (0) (0) (00)   ;(00000000000000000000000000000000) (0) (0) (00)   ;(00000000000000000000000000000000) (0) (0) (00)   ;(00000000000000000000000000000000) (0) (0) (00)   ;(00000000000000000000000000000000) (0) (0) (00)   ;(00000000000000000000000000000000) (0) (0) (00)   ;
;328;(00000000000000000000000000000000) (0) (0) (00)    ;(00000000000000000000000000000000) (0) (0) (00)   ;(00000000000000000000000000000000) (0) (0) (00)   ;(00000000000000000000000000000000) (0) (0) (00)   ;(00000000000000000000000000000000) (0) (0) (00)   ;(00000000000000000000000000000000) (0) (0) (00)   ;(00000000000000000000000000000000) (0) (0) (00)   ;(00000000000000000000000000000000) (0) (0) (00)   ;
;336;(00000000000000000000000000000000) (0) (0) (00)    ;(00000000000000000000000000000000) (0) (0) (00)   ;(00000000000000000000000000000000) (0) (0) (00)   ;(00000000000000000000000000000000) (0) (0) (00)   ;(00000000000000000000000000000000) (0) (0) (00)   ;(00000000000000000000000000000000) (0) (0) (00)   ;(00000000000000000000000000000000) (0) (0) (00)   ;(00000000000000000000000000000000) (0) (0) (00)   ;
;344;(00000000000000000000000000000000) (0) (0) (00)    ;(00000000000000000000000000000000) (0) (0) (00)   ;(00000000000000000000000000000000) (0) (0) (00)   ;(00000000000000000000000000000000) (0) (0) (00)   ;(00000000000000000000000000000000) (0) (0) (00)   ;(00000000000000000000000000000000) (0) (0) (00)   ;(00000000000000000000000000000000) (0) (0) (00)   ;(00000000000000000000000000000000) (0) (0) (00)   ;
;352;(00000000000000000000000000000000) (0) (0) (00)    ;(00000000000000000000000000000000) (0) (0) (00)   ;(00000000000000000000000000000000) (0) (0) (00)   ;(00000000000000000000000000000000) (0) (0) (00)   ;(00000000000000000000000000000000) (0) (0) (00)   ;(00000000000000000000000000000000) (0) (0) (00)   ;(00000000000000000000000000000000) (0) (0) (00)   ;(00000000000000000000000000000000) (0) (0) (00)   ;
;360;(00000000000000000000000000000000) (0) (0) (00)    ;(00000000000000000000000000000000) (0) (0) (00)   ;(00000000000000000000000000000000) (0) (0) (00)   ;(00000000000000000000000000000000) (0) (0) (00)   ;(00000000000000000000000000000000) (0) (0) (00)   ;(00000000000000000000000000000000) (0) (0) (00)   ;(00000000000000000000000000000000) (0) (0) (00)   ;(00000000000000000000000000000000) (0) (0) (00)   ;
;368;(00000000000000000000000000000000) (0) (0) (00)    ;(00000000000000000000000000000000) (0) (0) (00)   ;(00000000000000000000000000000000) (0) (0) (00)   ;(00000000000000000000000000000000) (0) (0) (00)   ;(00000000000000000000000000000000) (0) (0) (00)   ;(00000000000000000000000000000000) (0) (0) (00)   ;(00000000000000000000000000000000) (0) (0) (00)   ;(00000000000000000000000000000000) (0) (0) (00)   ;
;376;(00000000000000000000000000000000) (0) (0) (00)    ;(00000000000000000000000000000000) (0) (0) (00)   ;(00000000000000000000000000000000) (0) (0) (00)   ;(00000000000000000000000000000000) (0) (0) (00)   ;(00000000000000000000000000000000) (0) (0) (00)   ;(00000000000000000000000000000000) (0) (0) (00)   ;(00000000000000000000000000000000) (0) (0) (00)   ;(00000000000000000000000000000000) (0) (0) (00)   ;
;384;(00000000000000000000000000000000) (0) (0) (00)    ;(00000000000000000000000000000000) (0) (0) (00)   ;(00000000000000000000000000000000) (0) (0) (00)   ;(00000000000000000000000000000000) (0) (0) (00)   ;(00000000000000000000000000000000) (0) (0) (00)   ;(00000000000000000000000000000000) (0) (0) (00)   ;(00000000000000000000000000000000) (0) (0) (00)   ;(00000000000000000000000000000000) (0) (0) (00)   ;
;392;(00000000000000000000000000000000) (0) (0) (00)    ;(00000000000000000000000000000000) (0) (0) (00)   ;(00000000000000000000000000000000) (0) (0) (00)   ;(00000000000000000000000000000000) (0) (0) (00)   ;(00000000000000000000000000000000) (0) (0) (00)   ;(00000000000000000000000000000000) (0) (0) (00)   ;(00000000000000000000000000000000) (0) (0) (00)   ;(00000000000000000000000000000000) (0) (0) (00)   ;
;400;(00000000000000000000000000000000) (0) (0) (00)    ;(00000000000000000000000000000000) (0) (0) (00)   ;(00000000000000000000000000000000) (0) (0) (00)   ;(00000000000000000000000000000000) (0) (0) (00)   ;(00000000000000000000000000000000) (0) (0) (00)   ;(00000000000000000000000000000000) (0) (0) (00)   ;(00000000000000000000000000000000) (0) (0) (00)   ;(00000000000000000000000000000000) (0) (0) (00)   ;
;408;(00000000000000000000000000000000) (0) (0) (00)    ;(00000000000000000000000000000000) (0) (0) (00)   ;(00000000000000000000000000000000) (0) (0) (00)   ;(00000000000000000000000000000000) (0) (0) (00)   ;(00000000000000000000000000000000) (0) (0) (00)   ;(00000000000000000000000000000000) (0) (0) (00)   ;(00000000000000000000000000000000) (0) (0) (00)   ;(00000000000000000000000000000000) (0) (0) (00)   ;
;416;(00000000000000000000000000000000) (0) (0) (00)    ;(00000000000000000000000000000000) (0) (0) (00)   ;(00000000000000000000000000000000) (0) (0) (00)   ;(00000000000000000000000000000000) (0) (0) (00)   ;(00000000000000000000000000000000) (0) (0) (00)   ;(00000000000000000000000000000000) (0) (0) (00)   ;(00000000000000000000000000000000) (0) (0) (00)   ;(00000000000000000000000000000000) (0) (0) (00)   ;
;424;(00000000000000000000000000000000) (0) (0) (00)    ;(00000000000000000000000000000000) (0) (0) (00)   ;(00000000000000000000000000000000) (0) (0) (00)   ;(00000000000000000000000000000000) (0) (0) (00)   ;(00000000000000000000000000000000) (0) (0) (00)   ;(00000000000000000000000000000000) (0) (0) (00)   ;(00000000000000000000000000000000) (0) (0) (00)   ;(00000000000000000000000000000000) (0) (0) (00)   ;
;432;(00000000000000000000000000000000) (0) (0) (00)    ;(00000000000000000000000000000000) (0) (0) (00)   ;(00000000000000000000000000000000) (0) (0) (00)   ;(00000000000000000000000000000000) (0) (0) (00)   ;(00000000000000000000000000000000) (0) (0) (00)   ;(00000000000000000000000000000000) (0) (0) (00)   ;(00000000000000000000000000000000) (0) (0) (00)   ;(00000000000000000000000000000000) (0) (0) (00)   ;
;440;(00000000000000000000000000000000) (0) (0) (00)    ;(00000000000000000000000000000000) (0) (0) (00)   ;(00000000000000000000000000000000) (0) (0) (00)   ;(00000000000000000000000000000000) (0) (0) (00)   ;(00000000000000000000000000000000) (0) (0) (00)   ;(00000000000000000000000000000000) (0) (0) (00)   ;(00000000000000000000000000000000) (0) (0) (00)   ;(00000000000000000000000000000000) (0) (0) (00)   ;
;448;(00000000000000000000000000000000) (0) (0) (00)    ;(00000000000000000000000000000000) (0) (0) (00)   ;(00000000000000000000000000000000) (0) (0) (00)   ;(00000000000000000000000000000000) (0) (0) (00)   ;(00000000000000000000000000000000) (0) (0) (00)   ;(00000000000000000000000000000000) (0) (0) (00)   ;(00000000000000000000000000000000) (0) (0) (00)   ;(00000000000000000000000000000000) (0) (0) (00)   ;
;456;(00000000000000000000000000000000) (0) (0) (00)    ;(00000000000000000000000000000000) (0) (0) (00)   ;(00000000000000000000000000000000) (0) (0) (00)   ;(00000000000000000000000000000000) (0) (0) (00)   ;(00000000000000000000000000000000) (0) (0) (00)   ;(00000000000000000000000000000000) (0) (0) (00)   ;(00000000000000000000000000000000) (0) (0) (00)   ;(00000000000000000000000000000000) (0) (0) (00)   ;
;464;(00000000000000000000000000000000) (0) (0) (00)    ;(00000000000000000000000000000000) (0) (0) (00)   ;(00000000000000000000000000000000) (0) (0) (00)   ;(00000000000000000000000000000000) (0) (0) (00)   ;(00000000000000000000000000000000) (0) (0) (00)   ;(00000000000000000000000000000000) (0) (0) (00)   ;(00000000000000000000000000000000) (0) (0) (00)   ;(00000000000000000000000000000000) (0) (0) (00)   ;
;472;(00000000000000000000000000000000) (0) (0) (00)    ;(00000000000000000000000000000000) (0) (0) (00)   ;(00000000000000000000000000000000) (0) (0) (00)   ;(00000000000000000000000000000000) (0) (0) (00)   ;(00000000000000000000000000000000) (0) (0) (00)   ;(00000000000000000000000000000000) (0) (0) (00)   ;(00000000000000000000000000000000) (0) (0) (00)   ;(00000000000000000000000000000000) (0) (0) (00)   ;
;480;(00000000000000000000000000000000) (0) (0) (00)    ;(00000000000000000000000000000000) (0) (0) (00)   ;(00000000000000000000000000000000) (0) (0) (00)   ;(00000000000000000000000000000000) (0) (0) (00)   ;(00000000000000000000000000000000) (0) (0) (00)   ;(00000000000000000000000000000000) (0) (0) (00)   ;(00000000000000000000000000000000) (0) (0) (00)   ;(00000000000000000000000000000000) (0) (0) (00)   ;
;488;(00000000000000000000000000000000) (0) (0) (00)    ;(00000000000000000000000000000000) (0) (0) (00)   ;(00000000000000000000000000000000) (0) (0) (00)   ;(00000000000000000000000000000000) (0) (0) (00)   ;(00000000000000000000000000000000) (0) (0) (00)   ;(00000000000000000000000000000000) (0) (0) (00)   ;(00000000000000000000000000000000) (0) (0) (00)   ;(00000000000000000000000000000000) (0) (0) (00)   ;
;496;(00000000000000000000000000000000) (0) (0) (00)    ;(00000000000000000000000000000000) (0) (0) (00)   ;(00000000000000000000000000000000) (0) (0) (00)   ;(00000000000000000000000000000000) (0) (0) (00)   ;(00000000000000000000000000000000) (0) (0) (00)   ;(00000000000000000000000000000000) (0) (0) (00)   ;(00000000000000000000000000000000) (0) (0) (00)   ;(00000000000000000000000000000000) (0) (0) (00)   ;
;504;(00000000000000000000000000000000) (0) (0) (00)    ;(00000000000000000000000000000000) (0) (0) (00)   ;(00000000000000000000000000000000) (0) (0) (00)   ;(00000000000000000000000000000000) (0) (0) (00)   ;(00000000000000000000000000000000) (0) (0) (00)   ;(00000000000000000000000000000000) (0) (0) (00)   ;(00000000000000000000000000000000) (0) (0) (00)   ;(00000000000000000000000000000000) (0) (0) (00)   ;
;512;(00000000000000000000000000000000) (0) (0) (00)    ;(00000000000000000000000000000000) (0) (0) (00)   ;(00000000000000000000000000000000) (0) (0) (00)   ;(00000000000000000000000000000000) (0) (0) (00)   ;(00000000000000000000000000000000) (0) (0) (00)   ;(00000000000000000000000000000000) (0) (0) (00)   ;(00000000000000000000000000000000) (0) (0) (00)   ;(00000000000000000000000000000000) (0) (0) (00)   ;
;520;(00000000000000000000000000000000) (0) (0) (00)    ;(00000000000000000000000000000000) (0) (0) (00)   ;(00000000000000000000000000000000) (0) (0) (00)   ;(00000000000000000000000000000000) (0) (0) (00)   ;(00000000000000000000000000000000) (0) (0) (00)   ;(00000000000000000000000000000000) (0) (0) (00)   ;(00000000000000000000000000000000) (0) (0) (00)   ;(00000000000000000000000000000000) (0) (0) (00)   ;
;528;(00000000000000000000000000000000) (0) (0) (00)    ;(00000000000000000000000000000000) (0) (0) (00)   ;(00000000000000000000000000000000) (0) (0) (00)   ;(00000000000000000000000000000000) (0) (0) (00)   ;(00000000000000000000000000000000) (0) (0) (00)   ;(00000000000000000000000000000000) (0) (0) (00)   ;(00000000000000000000000000000000) (0) (0) (00)   ;(00000000000000000000000000000000) (0) (0) (00)   ;
;536;(00000000000000000000000000000000) (0) (0) (00)    ;(00000000000000000000000000000000) (0) (0) (00)   ;(00000000000000000000000000000000) (0) (0) (00)   ;(00000000000000000000000000000000) (0) (0) (00)   ;(00000000000000000000000000000000) (0) (0) (00)   ;(00000000000000000000000000000000) (0) (0) (00)   ;(00000000000000000000000000000000) (0) (0) (00)   ;(00000000000000000000000000000000) (0) (0) (00)   ;
;544;(00000000000000000000000000000000) (0) (0) (00)    ;(00000000000000000000000000000000) (0) (0) (00)   ;(00000000000000000000000000000000) (0) (0) (00)   ;(00000000000000000000000000000000) (0) (0) (00)   ;(00000000000000000000000000000000) (0) (0) (00)   ;(00000000000000000000000000000000) (0) (0) (00)   ;(00000000000000000000000000000000) (0) (0) (00)   ;(00000000000000000000000000000000) (0) (0) (00)   ;
;552;(00000000000000000000000000000000) (0) (0) (00)    ;(00000000000000000000000000000000) (0) (0) (00)   ;(00000000000000000000000000000000) (0) (0) (00)   ;(00000000000000000000000000000000) (0) (0) (00)   ;(00000000000000000000000000000000) (0) (0) (00)   ;(00000000000000000000000000000000) (0) (0) (00)   ;(00000000000000000000000000000000) (0) (0) (00)   ;(00000000000000000000000000000000) (0) (0) (00)   ;
;560;(00000000000000000000000000000000) (0) (0) (00)    ;(00000000000000000000000000000000) (0) (0) (00)   ;(00000000000000000000000000000000) (0) (0) (00)   ;(00000000000000000000000000000000) (0) (0) (00)   ;(00000000000000000000000000000000) (0) (0) (00)   ;(00000000000000000000000000000000) (0) (0) (00)   ;(00000000000000000000000000000000) (0) (0) (00)   ;(00000000000000000000000000000000) (0) (0) (00)   ;
;568;(00000000000000000000000000000000) (0) (0) (00)    ;(00000000000000000000000000000000) (0) (0) (00)   ;(00000000000000000000000000000000) (0) (0) (00)   ;(00000000000000000000000000000000) (0) (0) (00)   ;(00000000000000000000000000000000) (0) (0) (00)   ;(00000000000000000000000000000000) (0) (0) (00)   ;(00000000000000000000000000000000) (0) (0) (00)   ;(00000000000000000000000000000000) (0) (0) (00)   ;
;576;(00000000000000000000000000000000) (0) (0) (00)    ;(00000000000000000000000000000000) (0) (0) (00)   ;(00000000000000000000000000000000) (0) (0) (00)   ;(00000000000000000000000000000000) (0) (0) (00)   ;(00000000000000000000000000000000) (0) (0) (00)   ;(00000000000000000000000000000000) (0) (0) (00)   ;(00000000000000000000000000000000) (0) (0) (00)   ;(00000000000000000000000000000000) (0) (0) (00)   ;
;584;(00000000000000000000000000000000) (0) (0) (00)    ;(00000000000000000000000000000000) (0) (0) (00)   ;(00000000000000000000000000000000) (0) (0) (00)   ;(00000000000000000000000000000000) (0) (0) (00)   ;(00000000000000000000000000000000) (0) (0) (00)   ;(00000000000000000000000000000000) (0) (0) (00)   ;(00000000000000000000000000000000) (0) (0) (00)   ;(00000000000000000000000000000000) (0) (0) (00)   ;
;592;(00000000000000000000000000000000) (0) (0) (00)    ;(00000000000000000000000000000000) (0) (0) (00)   ;(00000000000000000000000000000000) (0) (0) (00)   ;(00000000000000000000000000000000) (0) (0) (00)   ;(00000000000000000000000000000000) (0) (0) (00)   ;(00000000000000000000000000000000) (0) (0) (00)   ;(00000000000000000000000000000000) (0) (0) (00)   ;(00000000000000000000000000000000) (0) (0) (00)   ;
;600;(00000000000000000000000000000000) (0) (0) (00)    ;(00000000000000000000000000000000) (0) (0) (00)   ;(00000000000000000000000000000000) (0) (0) (00)   ;(00000000000000000000000000000000) (0) (0) (00)   ;(00000000000000000000000000000000) (0) (0) (00)   ;(00000000000000000000000000000000) (0) (0) (00)   ;(00000000000000000000000000000000) (0) (0) (00)   ;(00000000000000000000000000000000) (0) (0) (00)   ;
;608;(00000000000000000000000000000000) (0) (0) (00)    ;(00000000000000000000000000000000) (0) (0) (00)   ;(00000000000000000000000000000000) (0) (0) (00)   ;(00000000000000000000000000000000) (0) (0) (00)   ;(00000000000000000000000000000000) (0) (0) (00)   ;(00000000000000000000000000000000) (0) (0) (00)   ;(00000000000000000000000000000000) (0) (0) (00)   ;(00000000000000000000000000000000) (0) (0) (00)   ;
;616;(00000000000000000000000000000000) (0) (0) (00)    ;(00000000000000000000000000000000) (0) (0) (00)   ;(00000000000000000000000000000000) (0) (0) (00)   ;(00000000000000000000000000000000) (0) (0) (00)   ;(00000000000000000000000000000000) (0) (0) (00)   ;(00000000000000000000000000000000) (0) (0) (00)   ;(00000000000000000000000000000000) (0) (0) (00)   ;(00000000000000000000000000000000) (0) (0) (00)   ;
;624;(00000000000000000000000000000000) (0) (0) (00)    ;(00000000000000000000000000000000) (0) (0) (00)   ;(00000000000000000000000000000000) (0) (0) (00)   ;(00000000000000000000000000000000) (0) (0) (00)   ;(00000000000000000000000000000000) (0) (0) (00)   ;(00000000000000000000000000000000) (0) (0) (00)   ;(00000000000000000000000000000000) (0) (0) (00)   ;(00000000000000000000000000000000) (0) (0) (00)   ;
;632;(00000000000000000000000000000000) (0) (0) (00)    ;(00000000000000000000000000000000) (0) (0) (00)   ;(00000000000000000000000000000000) (0) (0) (00)   ;(00000000000000000000000000000000) (0) (0) (00)   ;(00000000000000000000000000000000) (0) (0) (00)   ;(00000000000000000000000000000000) (0) (0) (00)   ;(00000000000000000000000000000000) (0) (0) (00)   ;(00000000000000000000000000000000) (0) (0) (00)   ;
;640;(00000000000000000000000000000000) (0) (0) (00)    ;(00000000000000000000000000000000) (0) (0) (00)   ;(00000000000000000000000000000000) (0) (0) (00)   ;(00000000000000000000000000000000) (0) (0) (00)   ;(00000000000000000000000000000000) (0) (0) (00)   ;(00000000000000000000000000000000) (0) (0) (00)   ;(00000000000000000000000000000000) (0) (0) (00)   ;(00000000000000000000000000000000) (0) (0) (00)   ;
;648;(00000000000000000000000000000000) (0) (0) (00)    ;(00000000000000000000000000000000) (0) (0) (00)   ;(00000000000000000000000000000000) (0) (0) (00)   ;(00000000000000000000000000000000) (0) (0) (00)   ;(00000000000000000000000000000000) (0) (0) (00)   ;(00000000000000000000000000000000) (0) (0) (00)   ;(00000000000000000000000000000000) (0) (0) (00)   ;(00000000000000000000000000000000) (0) (0) (00)   ;
;656;(00000000000000000000000000000000) (0) (0) (00)    ;(00000000000000000000000000000000) (0) (0) (00)   ;(00000000000000000000000000000000) (0) (0) (00)   ;(00000000000000000000000000000000) (0) (0) (00)   ;(00000000000000000000000000000000) (0) (0) (00)   ;(00000000000000000000000000000000) (0) (0) (00)   ;(00000000000000000000000000000000) (0) (0) (00)   ;(00000000000000000000000000000000) (0) (0) (00)   ;
;664;(00000000000000000000000000000000) (0) (0) (00)    ;(00000000000000000000000000000000) (0) (0) (00)   ;(00000000000000000000000000000000) (0) (0) (00)   ;(00000000000000000000000000000000) (0) (0) (00)   ;(00000000000000000000000000000000) (0) (0) (00)   ;(00000000000000000000000000000000) (0) (0) (00)   ;(00000000000000000000000000000000) (0) (0) (00)   ;(00000000000000000000000000000000) (0) (0) (00)   ;
;672;(00000000000000000000000000000000) (0) (0) (00)    ;(00000000000000000000000000000000) (0) (0) (00)   ;(00000000000000000000000000000000) (0) (0) (00)   ;(00000000000000000000000000000000) (0) (0) (00)   ;(00000000000000000000000000000000) (0) (0) (00)   ;(00000000000000000000000000000000) (0) (0) (00)   ;(00000000000000000000000000000000) (0) (0) (00)   ;(00000000000000000000000000000000) (0) (0) (00)   ;
;680;(00000000000000000000000000000000) (0) (0) (00)    ;(00000000000000000000000000000000) (0) (0) (00)   ;(00000000000000000000000000000000) (0) (0) (00)   ;(00000000000000000000000000000000) (0) (0) (00)   ;(00000000000000000000000000000000) (0) (0) (00)   ;(00000000000000000000000000000000) (0) (0) (00)   ;(00000000000000000000000000000000) (0) (0) (00)   ;(00000000000000000000000000000000) (0) (0) (00)   ;
;688;(00000000000000000000000000000000) (0) (0) (00)    ;(00000000000000000000000000000000) (0) (0) (00)   ;(00000000000000000000000000000000) (0) (0) (00)   ;(00000000000000000000000000000000) (0) (0) (00)   ;(00000000000000000000000000000000) (0) (0) (00)   ;(00000000000000000000000000000000) (0) (0) (00)   ;(00000000000000000000000000000000) (0) (0) (00)   ;(00000000000000000000000000000000) (0) (0) (00)   ;
;696;(00000000000000000000000000000000) (0) (0) (00)    ;(00000000000000000000000000000000) (0) (0) (00)   ;(00000000000000000000000000000000) (0) (0) (00)   ;(00000000000000000000000000000000) (0) (0) (00)   ;(00000000000000000000000000000000) (0) (0) (00)   ;(00000000000000000000000000000000) (0) (0) (00)   ;(00000000000000000000000000000000) (0) (0) (00)   ;(00000000000000000000000000000000) (0) (0) (00)   ;
;704;(00000000000000000000000000000000) (0) (0) (00)    ;(00000000000000000000000000000000) (0) (0) (00)   ;(00000000000000000000000000000000) (0) (0) (00)   ;(00000000000000000000000000000000) (0) (0) (00)   ;(00000000000000000000000000000000) (0) (0) (00)   ;(00000000000000000000000000000000) (0) (0) (00)   ;(00000000000000000000000000000000) (0) (0) (00)   ;(00000000000000000000000000000000) (0) (0) (00)   ;
;712;(00000000000000000000000000000000) (0) (0) (00)    ;(00000000000000000000000000000000) (0) (0) (00)   ;(00000000000000000000000000000000) (0) (0) (00)   ;(00000000000000000000000000000000) (0) (0) (00)   ;(00000000000000000000000000000000) (0) (0) (00)   ;(00000000000000000000000000000000) (0) (0) (00)   ;(00000000000000000000000000000000) (0) (0) (00)   ;(00000000000000000000000000000000) (0) (0) (00)   ;
;720;(00000000000000000000000000000000) (0) (0) (00)    ;(00000000000000000000000000000000) (0) (0) (00)   ;(00000000000000000000000000000000) (0) (0) (00)   ;(00000000000000000000000000000000) (0) (0) (00)   ;(00000000000000000000000000000000) (0) (0) (00)   ;(00000000000000000000000000000000) (0) (0) (00)   ;(00000000000000000000000000000000) (0) (0) (00)   ;(00000000000000000000000000000000) (0) (0) (00)   ;
;728;(00000000000000000000000000000000) (0) (0) (00)    ;(00000000000000000000000000000000) (0) (0) (00)   ;(00000000000000000000000000000000) (0) (0) (00)   ;(00000000000000000000000000000000) (0) (0) (00)   ;(00000000000000000000000000000000) (0) (0) (00)   ;(00000000000000000000000000000000) (0) (0) (00)   ;(00000000000000000000000000000000) (0) (0) (00)   ;(00000000000000000000000000000000) (0) (0) (00)   ;
;736;(00000000000000000000000000000000) (0) (0) (00)    ;(00000000000000000000000000000000) (0) (0) (00)   ;(00000000000000000000000000000000) (0) (0) (00)   ;(00000000000000000000000000000000) (0) (0) (00)   ;(00000000000000000000000000000000) (0) (0) (00)   ;(00000000000000000000000000000000) (0) (0) (00)   ;(00000000000000000000000000000000) (0) (0) (00)   ;(00000000000000000000000000000000) (0) (0) (00)   ;
;744;(00000000000000000000000000000000) (0) (0) (00)    ;(00000000000000000000000000000000) (0) (0) (00)   ;(00000000000000000000000000000000) (0) (0) (00)   ;(00000000000000000000000000000000) (0) (0) (00)   ;(00000000000000000000000000000000) (0) (0) (00)   ;(00000000000000000000000000000000) (0) (0) (00)   ;(00000000000000000000000000000000) (0) (0) (00)   ;(00000000000000000000000000000000) (0) (0) (00)   ;
;752;(00000000000000000000000000000000) (0) (0) (00)    ;(00000000000000000000000000000000) (0) (0) (00)   ;(00000000000000000000000000000000) (0) (0) (00)   ;(00000000000000000000000000000000) (0) (0) (00)   ;(00000000000000000000000000000000) (0) (0) (00)   ;(00000000000000000000000000000000) (0) (0) (00)   ;(00000000000000000000000000000000) (0) (0) (00)   ;(00000000000000000000000000000000) (0) (0) (00)   ;
;760;(00000000000000000000000000000000) (0) (0) (00)    ;(00000000000000000000000000000000) (0) (0) (00)   ;(00000000000000000000000000000000) (0) (0) (00)   ;(00000000000000000000000000000000) (0) (0) (00)   ;(00000000000000000000000000000000) (0) (0) (00)   ;(00000000000000000000000000000000) (0) (0) (00)   ;(00000000000000000000000000000000) (0) (0) (00)   ;(00000000000000000000000000000000) (0) (0) (00)   ;
;768;(00000000000000000000000000000000) (0) (0) (00)    ;(00000000000000000000000000000000) (0) (0) (00)   ;(00000000000000000000000000000000) (0) (0) (00)   ;(00000000000000000000000000000000) (0) (0) (00)   ;(00000000000000000000000000000000) (0) (0) (00)   ;(00000000000000000000000000000000) (0) (0) (00)   ;(00000000000000000000000000000000) (0) (0) (00)   ;(00000000000000000000000000000000) (0) (0) (00)   ;
;776;(00000000000000000000000000000000) (0) (0) (00)    ;(00000000000000000000000000000000) (0) (0) (00)   ;(00000000000000000000000000000000) (0) (0) (00)   ;(00000000000000000000000000000000) (0) (0) (00)   ;(00000000000000000000000000000000) (0) (0) (00)   ;(00000000000000000000000000000000) (0) (0) (00)   ;(00000000000000000000000000000000) (0) (0) (00)   ;(00000000000000000000000000000000) (0) (0) (00)   ;
;784;(00000000000000000000000000000000) (0) (0) (00)    ;(00000000000000000000000000000000) (0) (0) (00)   ;(00000000000000000000000000000000) (0) (0) (00)   ;(00000000000000000000000000000000) (0) (0) (00)   ;(00000000000000000000000000000000) (0) (0) (00)   ;(00000000000000000000000000000000) (0) (0) (00)   ;(00000000000000000000000000000000) (0) (0) (00)   ;(00000000000000000000000000000000) (0) (0) (00)   ;
;792;(00000000000000000000000000000000) (0) (0) (00)    ;(00000000000000000000000000000000) (0) (0) (00)   ;(00000000000000000000000000000000) (0) (0) (00)   ;(00000000000000000000000000000000) (0) (0) (00)   ;(00000000000000000000000000000000) (0) (0) (00)   ;(00000000000000000000000000000000) (0) (0) (00)   ;(00000000000000000000000000000000) (0) (0) (00)   ;(00000000000000000000000000000000) (0) (0) (00)   ;
;800;(00000000000000000000000000000000) (0) (0) (00)    ;(00000000000000000000000000000000) (0) (0) (00)   ;(00000000000000000000000000000000) (0) (0) (00)   ;(00000000000000000000000000000000) (0) (0) (00)   ;(00000000000000000000000000000000) (0) (0) (00)   ;(00000000000000000000000000000000) (0) (0) (00)   ;(00000000000000000000000000000000) (0) (0) (00)   ;(00000000000000000000000000000000) (0) (0) (00)   ;
;808;(00000000000000000000000000000000) (0) (0) (00)    ;(00000000000000000000000000000000) (0) (0) (00)   ;(00000000000000000000000000000000) (0) (0) (00)   ;(00000000000000000000000000000000) (0) (0) (00)   ;(00000000000000000000000000000000) (0) (0) (00)   ;(00000000000000000000000000000000) (0) (0) (00)   ;(00000000000000000000000000000000) (0) (0) (00)   ;(00000000000000000000000000000000) (0) (0) (00)   ;
;816;(00000000000000000000000000000000) (0) (0) (00)    ;(00000000000000000000000000000000) (0) (0) (00)   ;(00000000000000000000000000000000) (0) (0) (00)   ;(00000000000000000000000000000000) (0) (0) (00)   ;(00000000000000000000000000000000) (0) (0) (00)   ;(00000000000000000000000000000000) (0) (0) (00)   ;(00000000000000000000000000000000) (0) (0) (00)   ;(00000000000000000000000000000000) (0) (0) (00)   ;
;824;(00000000000000000000000000000000) (0) (0) (00)    ;(00000000000000000000000000000000) (0) (0) (00)   ;(00000000000000000000000000000000) (0) (0) (00)   ;(00000000000000000000000000000000) (0) (0) (00)   ;(00000000000000000000000000000000) (0) (0) (00)   ;(00000000000000000000000000000000) (0) (0) (00)   ;(00000000000000000000000000000000) (0) (0) (00)   ;(00000000000000000000000000000000) (0) (0) (00)   ;
;832;(00000000000000000000000000000000) (0) (0) (00)    ;(00000000000000000000000000000000) (0) (0) (00)   ;(00000000000000000000000000000000) (0) (0) (00)   ;(00000000000000000000000000000000) (0) (0) (00)   ;(00000000000000000000000000000000) (0) (0) (00)   ;(00000000000000000000000000000000) (0) (0) (00)   ;(00000000000000000000000000000000) (0) (0) (00)   ;(00000000000000000000000000000000) (0) (0) (00)   ;
;840;(00000000000000000000000000000000) (0) (0) (00)    ;(00000000000000000000000000000000) (0) (0) (00)   ;(00000000000000000000000000000000) (0) (0) (00)   ;(00000000000000000000000000000000) (0) (0) (00)   ;(00000000000000000000000000000000) (0) (0) (00)   ;(00000000000000000000000000000000) (0) (0) (00)   ;(00000000000000000000000000000000) (0) (0) (00)   ;(00000000000000000000000000000000) (0) (0) (00)   ;
;848;(00000000000000000000000000000000) (0) (0) (00)    ;(00000000000000000000000000000000) (0) (0) (00)   ;(00000000000000000000000000000000) (0) (0) (00)   ;(00000000000000000000000000000000) (0) (0) (00)   ;(00000000000000000000000000000000) (0) (0) (00)   ;(00000000000000000000000000000000) (0) (0) (00)   ;(00000000000000000000000000000000) (0) (0) (00)   ;(00000000000000000000000000000000) (0) (0) (00)   ;
;856;(00000000000000000000000000000000) (0) (0) (00)    ;(00000000000000000000000000000000) (0) (0) (00)   ;(00000000000000000000000000000000) (0) (0) (00)   ;(00000000000000000000000000000000) (0) (0) (00)   ;(00000000000000000000000000000000) (0) (0) (00)   ;(00000000000000000000000000000000) (0) (0) (00)   ;(00000000000000000000000000000000) (0) (0) (00)   ;(00000000000000000000000000000000) (0) (0) (00)   ;
;864;(00000000000000000000000000000000) (0) (0) (00)    ;(00000000000000000000000000000000) (0) (0) (00)   ;(00000000000000000000000000000000) (0) (0) (00)   ;(00000000000000000000000000000000) (0) (0) (00)   ;(00000000000000000000000000000000) (0) (0) (00)   ;(00000000000000000000000000000000) (0) (0) (00)   ;(00000000000000000000000000000000) (0) (0) (00)   ;(00000000000000000000000000000000) (0) (0) (00)   ;
;872;(00000000000000000000000000000000) (0) (0) (00)    ;(00000000000000000000000000000000) (0) (0) (00)   ;(00000000000000000000000000000000) (0) (0) (00)   ;(00000000000000000000000000000000) (0) (0) (00)   ;(00000000000000000000000000000000) (0) (0) (00)   ;(00000000000000000000000000000000) (0) (0) (00)   ;(00000000000000000000000000000000) (0) (0) (00)   ;(00000000000000000000000000000000) (0) (0) (00)   ;
;880;(00000000000000000000000000000000) (0) (0) (00)    ;(00000000000000000000000000000000) (0) (0) (00)   ;(00000000000000000000000000000000) (0) (0) (00)   ;(00000000000000000000000000000000) (0) (0) (00)   ;(00000000000000000000000000000000) (0) (0) (00)   ;(00000000000000000000000000000000) (0) (0) (00)   ;(00000000000000000000000000000000) (0) (0) (00)   ;(00000000000000000000000000000000) (0) (0) (00)   ;
;888;(00000000000000000000000000000000) (0) (0) (00)    ;(00000000000000000000000000000000) (0) (0) (00)   ;(00000000000000000000000000000000) (0) (0) (00)   ;(00000000000000000000000000000000) (0) (0) (00)   ;(00000000000000000000000000000000) (0) (0) (00)   ;(00000000000000000000000000000000) (0) (0) (00)   ;(00000000000000000000000000000000) (0) (0) (00)   ;(00000000000000000000000000000000) (0) (0) (00)   ;
;896;(00000000000000000000000000000000) (0) (0) (00)    ;(00000000000000000000000000000000) (0) (0) (00)   ;(00000000000000000000000000000000) (0) (0) (00)   ;(00000000000000000000000000000000) (0) (0) (00)   ;(00000000000000000000000000000000) (0) (0) (00)   ;(00000000000000000000000000000000) (0) (0) (00)   ;(00000000000000000000000000000000) (0) (0) (00)   ;(00000000000000000000000000000000) (0) (0) (00)   ;
;904;(00000000000000000000000000000000) (0) (0) (00)    ;(00000000000000000000000000000000) (0) (0) (00)   ;(00000000000000000000000000000000) (0) (0) (00)   ;(00000000000000000000000000000000) (0) (0) (00)   ;(00000000000000000000000000000000) (0) (0) (00)   ;(00000000000000000000000000000000) (0) (0) (00)   ;(00000000000000000000000000000000) (0) (0) (00)   ;(00000000000000000000000000000000) (0) (0) (00)   ;
;912;(00000000000000000000000000000000) (0) (0) (00)    ;(00000000000000000000000000000000) (0) (0) (00)   ;(00000000000000000000000000000000) (0) (0) (00)   ;(00000000000000000000000000000000) (0) (0) (00)   ;(00000000000000000000000000000000) (0) (0) (00)   ;(00000000000000000000000000000000) (0) (0) (00)   ;(00000000000000000000000000000000) (0) (0) (00)   ;(00000000000000000000000000000000) (0) (0) (00)   ;
;920;(00000000000000000000000000000000) (0) (0) (00)    ;(00000000000000000000000000000000) (0) (0) (00)   ;(00000000000000000000000000000000) (0) (0) (00)   ;(00000000000000000000000000000000) (0) (0) (00)   ;(00000000000000000000000000000000) (0) (0) (00)   ;(00000000000000000000000000000000) (0) (0) (00)   ;(00000000000000000000000000000000) (0) (0) (00)   ;(00000000000000000000000000000000) (0) (0) (00)   ;
;928;(00000000000000000000000000000000) (0) (0) (00)    ;(00000000000000000000000000000000) (0) (0) (00)   ;(00000000000000000000000000000000) (0) (0) (00)   ;(00000000000000000000000000000000) (0) (0) (00)   ;(00000000000000000000000000000000) (0) (0) (00)   ;(00000000000000000000000000000000) (0) (0) (00)   ;(00000000000000000000000000000000) (0) (0) (00)   ;(00000000000000000000000000000000) (0) (0) (00)   ;
;936;(00000000000000000000000000000000) (0) (0) (00)    ;(00000000000000000000000000000000) (0) (0) (00)   ;(00000000000000000000000000000000) (0) (0) (00)   ;(00000000000000000000000000000000) (0) (0) (00)   ;(00000000000000000000000000000000) (0) (0) (00)   ;(00000000000000000000000000000000) (0) (0) (00)   ;(00000000000000000000000000000000) (0) (0) (00)   ;(00000000000000000000000000000000) (0) (0) (00)   ;
;944;(00000000000000000000000000000000) (0) (0) (00)    ;(00000000000000000000000000000000) (0) (0) (00)   ;(00000000000000000000000000000000) (0) (0) (00)   ;(00000000000000000000000000000000) (0) (0) (00)   ;(00000000000000000000000000000000) (0) (0) (00)   ;(00000000000000000000000000000000) (0) (0) (00)   ;(00000000000000000000000000000000) (0) (0) (00)   ;(00000000000000000000000000000000) (0) (0) (00)   ;
;952;(00000000000000000000000000000000) (0) (0) (00)    ;(00000000000000000000000000000000) (0) (0) (00)   ;(00000000000000000000000000000000) (0) (0) (00)   ;(00000000000000000000000000000000) (0) (0) (00)   ;(00000000000000000000000000000000) (0) (0) (00)   ;(00000000000000000000000000000000) (0) (0) (00)   ;(00000000000000000000000000000000) (0) (0) (00)   ;(00000000000000000000000000000000) (0) (0) (00)   ;
;960;(00000000000000000000000000000000) (0) (0) (00)    ;(00000000000000000000000000000000) (0) (0) (00)   ;(00000000000000000000000000000000) (0) (0) (00)   ;(00000000000000000000000000000000) (0) (0) (00)   ;(00000000000000000000000000000000) (0) (0) (00)   ;(00000000000000000000000000000000) (0) (0) (00)   ;(00000000000000000000000000000000) (0) (0) (00)   ;(00000000000000000000000000000000) (0) (0) (00)   ;
;968;(00000000000000000000000000000000) (0) (0) (00)    ;(00000000000000000000000000000000) (0) (0) (00)   ;(00000000000000000000000000000000) (0) (0) (00)   ;(00000000000000000000000000000000) (0) (0) (00)   ;(00000000000000000000000000000000) (0) (0) (00)   ;(00000000000000000000000000000000) (0) (0) (00)   ;(00000000000000000000000000000000) (0) (0) (00)   ;(00000000000000000000000000000000) (0) (0) (00)   ;
;976;(00000000000000000000000000000000) (0) (0) (00)    ;(00000000000000000000000000000000) (0) (0) (00)   ;(00000000000000000000000000000000) (0) (0) (00)   ;(00000000000000000000000000000000) (0) (0) (00)   ;(00000000000000000000000000000000) (0) (0) (00)   ;(00000000000000000000000000000000) (0) (0) (00)   ;(00000000000000000000000000000000) (0) (0) (00)   ;(00000000000000000000000000000000) (0) (0) (00)   ;
;984;(00000000000000000000000000000000) (0) (0) (00)    ;(00000000000000000000000000000000) (0) (0) (00)   ;(00000000000000000000000000000000) (0) (0) (00)   ;(00000000000000000000000000000000) (0) (0) (00)   ;(00000000000000000000000000000000) (0) (0) (00)   ;(00000000000000000000000000000000) (0) (0) (00)   ;(00000000000000000000000000000000) (0) (0) (00)   ;(00000000000000000000000000000000) (0) (0) (00)   ;
;992;(00000000000000000000000000000000) (0) (0) (00)    ;(00000000000000000000000000000000) (0) (0) (00)   ;(00000000000000000000000000000000) (0) (0) (00)   ;(00000000000000000000000000000000) (0) (0) (00)   ;(00000000000000000000000000000000) (0) (0) (00)   ;(00000000000000000000000000000000) (0) (0) (00)   ;(00000000000000000000000000000000) (0) (0) (00)   ;(00000000000000000000000000000000) (0) (0) (00)   ;
;1000;(00000000000000000000000000000000) (0) (0) (00)    ;(00000000000000000000000000000000) (0) (0) (00)   ;(00000000000000000000000000000000) (0) (0) (00)   ;(00000000000000000000000000000000) (0) (0) (00)   ;(00000000000000000000000000000000) (0) (0) (00)   ;(00000000000000000000000000000000) (0) (0) (00)   ;(00000000000000000000000000000000) (0) (0) (00)   ;(00000000000000000000000000000000) (0) (0) (00)   ;
;1008;(00000000000000000000000000000000) (0) (0) (00)    ;(00000000000000000000000000000000) (0) (0) (00)   ;(00000000000000000000000000000000) (0) (0) (00)   ;(00000000000000000000000000000000) (0) (0) (00)   ;(00000000000000000000000000000000) (0) (0) (00)   ;(00000000000000000000000000000000) (0) (0) (00)   ;(00000000000000000000000000000000) (0) (0) (00)   ;(00000000000000000000000000000000) (0) (0) (00)   ;
;1016;(00000000000000000000000000000000) (0) (0) (00)    ;(00000000000000000000000000000000) (0) (0) (00)   ;(00000000000000000000000000000000) (0) (0) (00)   ;(00000000000000000000000000000000) (0) (0) (00)   ;(00000000000000000000000000000000) (0) (0) (00)   ;(00000000000000000000000000000000) (0) (0) (00)   ;(00000000000000000000000000000000) (0) (0) (00)   ;(00000000000000000000000000000000) (0) (0) (00)   ;


+---------------------------------------------------------------+
; Routing Usage Summary                                         ;
+-----------------------------------+---------------------------+
; Routing Resource Type             ; Usage                     ;
+-----------------------------------+---------------------------+
; Block interconnects               ; 3,876 / 445,464 ( < 1 % ) ;
; C16 interconnects                 ; 244 / 12,402 ( 2 % )      ;
; C4 interconnects                  ; 2,607 / 263,952 ( < 1 % ) ;
; Direct links                      ; 508 / 445,464 ( < 1 % )   ;
; GXB block output buffers          ; 0 / 3,600 ( 0 % )         ;
; Global clocks                     ; 3 / 30 ( 10 % )           ;
; Interquad Reference Clock Outputs ; 0 / 2 ( 0 % )             ;
; Interquad TXRX Clocks             ; 0 / 16 ( 0 % )            ;
; Interquad TXRX PCSRX outputs      ; 0 / 8 ( 0 % )             ;
; Interquad TXRX PCSTX outputs      ; 0 / 8 ( 0 % )             ;
; Local interconnects               ; 1,325 / 149,760 ( < 1 % ) ;
; R24 interconnects                 ; 207 / 12,690 ( 2 % )      ;
; R4 interconnects                  ; 3,193 / 370,260 ( < 1 % ) ;
+-----------------------------------+---------------------------+


+-----------------------------------------------------------------------------+
; LAB Logic Elements                                                          ;
+---------------------------------------------+-------------------------------+
; Number of Logic Elements  (Average = 11.95) ; Number of LABs  (Total = 188) ;
+---------------------------------------------+-------------------------------+
; 1                                           ; 26                            ;
; 2                                           ; 6                             ;
; 3                                           ; 5                             ;
; 4                                           ; 1                             ;
; 5                                           ; 1                             ;
; 6                                           ; 1                             ;
; 7                                           ; 3                             ;
; 8                                           ; 3                             ;
; 9                                           ; 1                             ;
; 10                                          ; 2                             ;
; 11                                          ; 4                             ;
; 12                                          ; 5                             ;
; 13                                          ; 8                             ;
; 14                                          ; 15                            ;
; 15                                          ; 26                            ;
; 16                                          ; 81                            ;
+---------------------------------------------+-------------------------------+


+--------------------------------------------------------------------+
; LAB-wide Signals                                                   ;
+------------------------------------+-------------------------------+
; LAB-wide Signals  (Average = 1.51) ; Number of LABs  (Total = 188) ;
+------------------------------------+-------------------------------+
; 1 Async. clear                     ; 21                            ;
; 1 Clock                            ; 140                           ;
; 1 Clock enable                     ; 39                            ;
; 1 Sync. load                       ; 2                             ;
; 2 Async. clears                    ; 1                             ;
; 2 Clock enables                    ; 79                            ;
; 2 Clocks                           ; 2                             ;
+------------------------------------+-------------------------------+


+------------------------------------------------------------------------------+
; LAB Signals Sourced                                                          ;
+----------------------------------------------+-------------------------------+
; Number of Signals Sourced  (Average = 18.40) ; Number of LABs  (Total = 188) ;
+----------------------------------------------+-------------------------------+
; 0                                            ; 0                             ;
; 1                                            ; 21                            ;
; 2                                            ; 8                             ;
; 3                                            ; 5                             ;
; 4                                            ; 1                             ;
; 5                                            ; 0                             ;
; 6                                            ; 3                             ;
; 7                                            ; 0                             ;
; 8                                            ; 2                             ;
; 9                                            ; 0                             ;
; 10                                           ; 2                             ;
; 11                                           ; 1                             ;
; 12                                           ; 3                             ;
; 13                                           ; 2                             ;
; 14                                           ; 1                             ;
; 15                                           ; 7                             ;
; 16                                           ; 15                            ;
; 17                                           ; 4                             ;
; 18                                           ; 9                             ;
; 19                                           ; 15                            ;
; 20                                           ; 12                            ;
; 21                                           ; 6                             ;
; 22                                           ; 5                             ;
; 23                                           ; 6                             ;
; 24                                           ; 4                             ;
; 25                                           ; 1                             ;
; 26                                           ; 5                             ;
; 27                                           ; 0                             ;
; 28                                           ; 6                             ;
; 29                                           ; 5                             ;
; 30                                           ; 10                            ;
; 31                                           ; 4                             ;
; 32                                           ; 25                            ;
+----------------------------------------------+-------------------------------+


+----------------------------------------------------------------------------------+
; LAB Signals Sourced Out                                                          ;
+--------------------------------------------------+-------------------------------+
; Number of Signals Sourced Out  (Average = 10.68) ; Number of LABs  (Total = 188) ;
+--------------------------------------------------+-------------------------------+
; 0                                                ; 0                             ;
; 1                                                ; 24                            ;
; 2                                                ; 8                             ;
; 3                                                ; 9                             ;
; 4                                                ; 3                             ;
; 5                                                ; 14                            ;
; 6                                                ; 6                             ;
; 7                                                ; 7                             ;
; 8                                                ; 6                             ;
; 9                                                ; 10                            ;
; 10                                               ; 9                             ;
; 11                                               ; 2                             ;
; 12                                               ; 11                            ;
; 13                                               ; 4                             ;
; 14                                               ; 10                            ;
; 15                                               ; 8                             ;
; 16                                               ; 28                            ;
; 17                                               ; 3                             ;
; 18                                               ; 3                             ;
; 19                                               ; 2                             ;
; 20                                               ; 2                             ;
; 21                                               ; 3                             ;
; 22                                               ; 3                             ;
; 23                                               ; 4                             ;
; 24                                               ; 6                             ;
; 25                                               ; 0                             ;
; 26                                               ; 1                             ;
; 27                                               ; 0                             ;
; 28                                               ; 1                             ;
; 29                                               ; 1                             ;
+--------------------------------------------------+-------------------------------+


+------------------------------------------------------------------------------+
; LAB Distinct Inputs                                                          ;
+----------------------------------------------+-------------------------------+
; Number of Distinct Inputs  (Average = 19.11) ; Number of LABs  (Total = 188) ;
+----------------------------------------------+-------------------------------+
; 0                                            ; 0                             ;
; 1                                            ; 17                            ;
; 2                                            ; 4                             ;
; 3                                            ; 5                             ;
; 4                                            ; 3                             ;
; 5                                            ; 0                             ;
; 6                                            ; 4                             ;
; 7                                            ; 2                             ;
; 8                                            ; 1                             ;
; 9                                            ; 3                             ;
; 10                                           ; 2                             ;
; 11                                           ; 4                             ;
; 12                                           ; 2                             ;
; 13                                           ; 4                             ;
; 14                                           ; 4                             ;
; 15                                           ; 18                            ;
; 16                                           ; 5                             ;
; 17                                           ; 4                             ;
; 18                                           ; 7                             ;
; 19                                           ; 6                             ;
; 20                                           ; 4                             ;
; 21                                           ; 1                             ;
; 22                                           ; 4                             ;
; 23                                           ; 5                             ;
; 24                                           ; 3                             ;
; 25                                           ; 1                             ;
; 26                                           ; 10                            ;
; 27                                           ; 3                             ;
; 28                                           ; 5                             ;
; 29                                           ; 17                            ;
; 30                                           ; 5                             ;
; 31                                           ; 3                             ;
; 32                                           ; 11                            ;
; 33                                           ; 8                             ;
; 34                                           ; 7                             ;
; 35                                           ; 3                             ;
; 36                                           ; 0                             ;
; 37                                           ; 1                             ;
+----------------------------------------------+-------------------------------+


+------------------------------------------+
; I/O Rules Summary                        ;
+----------------------------------+-------+
; I/O Rules Statistic              ; Total ;
+----------------------------------+-------+
; Total I/O Rules                  ; 30    ;
; Number of I/O Rules Passed       ; 9     ;
; Number of I/O Rules Failed       ; 0     ;
; Number of I/O Rules Unchecked    ; 0     ;
; Number of I/O Rules Inapplicable ; 21    ;
+----------------------------------+-------+


+-----------------------------------------------------------------------------------------------------------------------------------------------------------------------------------------------------------------------------------------------------------------------------------------------------+
; I/O Rules Details                                                                                                                                                                                                                                                                                   ;
+--------------+-----------+-----------------------------------+------------------------------------------------------------------------------------------------------+----------+--------------------------------------------------------------------------+---------------------+-------------------+
; Status       ; ID        ; Category                          ; Rule Description                                                                                     ; Severity ; Information                                                              ; Area                ; Extra Information ;
+--------------+-----------+-----------------------------------+------------------------------------------------------------------------------------------------------+----------+--------------------------------------------------------------------------+---------------------+-------------------+
; Inapplicable ; IO_000001 ; Capacity Checks                   ; Number of pins in an I/O bank should not exceed the number of locations available.                   ; Critical ; No Location assignments found.                                           ; I/O                 ;                   ;
; Inapplicable ; IO_000002 ; Capacity Checks                   ; Number of clocks in an I/O bank should not exceed the number of clocks available.                    ; Critical ; No Global Signal assignments found.                                      ; I/O                 ;                   ;
; Inapplicable ; IO_000003 ; Capacity Checks                   ; Number of pins in a Vrefgroup should not exceed the number of locations available.                   ; Critical ; No Location assignments found.                                           ; I/O                 ;                   ;
; Inapplicable ; IO_000004 ; Voltage Compatibility Checks      ; The I/O bank should support the requested VCCIO.                                                     ; Critical ; No IOBANK_VCCIO assignments found.                                       ; I/O                 ;                   ;
; Inapplicable ; IO_000005 ; Voltage Compatibility Checks      ; The I/O bank should not have competing VREF values.                                                  ; Critical ; No VREF I/O Standard assignments found.                                  ; I/O                 ;                   ;
; Pass         ; IO_000006 ; Voltage Compatibility Checks      ; The I/O bank should not have competing VCCIO values.                                                 ; Critical ; 0 such failures found.                                                   ; I/O                 ;                   ;
; Inapplicable ; IO_000007 ; Valid Location Checks             ; Checks for unavailable locations.                                                                    ; Critical ; No Location assignments found.                                           ; I/O                 ;                   ;
; Inapplicable ; IO_000008 ; Valid Location Checks             ; Checks for reserved locations.                                                                       ; Critical ; No reserved LogicLock region found.                                      ; I/O                 ;                   ;
; Pass         ; IO_000009 ; I/O Properties Checks for One I/O ; The location should support the requested I/O standard.                                              ; Critical ; 0 such failures found.                                                   ; I/O                 ;                   ;
; Pass         ; IO_000010 ; I/O Properties Checks for One I/O ; The location should support the requested I/O direction.                                             ; Critical ; 0 such failures found.                                                   ; I/O                 ;                   ;
; Inapplicable ; IO_000011 ; I/O Properties Checks for One I/O ; The location should support the requested Current Strength.                                          ; Critical ; No Current Strength assignments found.                                   ; I/O                 ;                   ;
; Pass         ; IO_000012 ; I/O Properties Checks for One I/O ; The location should support the requested On Chip Termination value.                                 ; Critical ; 0 such failures found.                                                   ; I/O                 ;                   ;
; Inapplicable ; IO_000013 ; I/O Properties Checks for One I/O ; The location should support the requested Bus Hold value.                                            ; Critical ; No Enable Bus-Hold Circuitry assignments found.                          ; I/O                 ;                   ;
; Inapplicable ; IO_000014 ; I/O Properties Checks for One I/O ; The location should support the requested Weak Pull Up value.                                        ; Critical ; No Weak Pull-Up Resistor assignments found.                              ; I/O                 ;                   ;
; Pass         ; IO_000015 ; I/O Properties Checks for One I/O ; The location should support the requested PCI Clamp Diode.                                           ; Critical ; 0 such failures found.                                                   ; I/O                 ;                   ;
; Inapplicable ; IO_000018 ; I/O Properties Checks for One I/O ; The I/O standard should support the requested Current Strength.                                      ; Critical ; No Current Strength assignments found.                                   ; I/O                 ;                   ;
; Pass         ; IO_000019 ; I/O Properties Checks for One I/O ; The I/O standard should support the requested On Chip Termination value.                             ; Critical ; 0 such failures found.                                                   ; I/O                 ;                   ;
; Pass         ; IO_000020 ; I/O Properties Checks for One I/O ; The I/O standard should support the requested PCI Clamp Diode.                                       ; Critical ; 0 such failures found.                                                   ; I/O                 ;                   ;
; Inapplicable ; IO_000021 ; I/O Properties Checks for One I/O ; The I/O standard should support the requested Weak Pull Up value.                                    ; Critical ; No Weak Pull-Up Resistor assignments found.                              ; I/O                 ;                   ;
; Inapplicable ; IO_000022 ; I/O Properties Checks for One I/O ; The I/O standard should support the requested Bus Hold value.                                        ; Critical ; No Enable Bus-Hold Circuitry assignments found.                          ; I/O                 ;                   ;
; Inapplicable ; IO_000023 ; I/O Properties Checks for One I/O ; The I/O standard should support the Open Drain value.                                                ; Critical ; No open drain assignments found.                                         ; I/O                 ;                   ;
; Pass         ; IO_000024 ; I/O Properties Checks for One I/O ; The I/O direction should support the On Chip Termination value.                                      ; Critical ; 0 such failures found.                                                   ; I/O                 ;                   ;
; Inapplicable ; IO_000026 ; I/O Properties Checks for One I/O ; On Chip Termination and Current Strength should not be used at the same time.                        ; Critical ; No Current Strength assignments found.                                   ; I/O                 ;                   ;
; Inapplicable ; IO_000027 ; I/O Properties Checks for One I/O ; Weak Pull Up and Bus Hold should not be used at the same time.                                       ; Critical ; No Enable Bus-Hold Circuitry or Weak Pull-Up Resistor assignments found. ; I/O                 ;                   ;
; Inapplicable ; IO_000045 ; I/O Properties Checks for One I/O ; The I/O standard should support the requested Slew Rate value.                                       ; Critical ; No Slew Rate assignments found.                                          ; I/O                 ;                   ;
; Inapplicable ; IO_000046 ; I/O Properties Checks for One I/O ; The location should support the requested Slew Rate value.                                           ; Critical ; No Slew Rate assignments found.                                          ; I/O                 ;                   ;
; Inapplicable ; IO_000047 ; I/O Properties Checks for One I/O ; On Chip Termination and Slew Rate should not be used at the same time.                               ; Critical ; No Slew Rate assignments found.                                          ; I/O                 ;                   ;
; Pass         ; IO_000033 ; Electromigration Checks           ; Current density for consecutive I/Os should not exceed 240mA for row I/Os and 240mA for column I/Os. ; Critical ; 0 such failures found.                                                   ; I/O                 ;                   ;
; Inapplicable ; IO_000034 ; SI Related Distance Checks        ; Single-ended outputs should be 5 LAB row(s) away from a differential I/O.                            ; High     ; No Differential I/O Standard assignments found.                          ; I/O                 ;                   ;
; Inapplicable ; IO_000042 ; SI Related SSO Limit Checks       ; No more than 20 outputs are allowed in a VREF group when VREF is being read from.                    ; High     ; No VREF I/O Standard assignments found.                                  ; I/O                 ;                   ;
; ----         ; ----      ; Disclaimer                        ; OCT rules are checked but not reported.                                                              ; None     ; ----                                                                     ; On Chip Termination ;                   ;
+--------------+-----------+-----------------------------------+------------------------------------------------------------------------------------------------------+----------+--------------------------------------------------------------------------+---------------------+-------------------+


+--------------------------------------------------------------------------------------------------------------------------------------------------------------------------------------------------------------------------------------------------------------------------------------------------------------------------------------------------------------------------------------------------------------------------------------------------------------------------+
; I/O Rules Matrix                                                                                                                                                                                                                                                                                                                                                                                                                                                         ;
+--------------------+--------------+--------------+--------------+--------------+--------------+-----------+--------------+--------------+-----------+-----------+--------------+--------------+--------------+--------------+--------------+--------------+--------------+--------------+--------------+--------------+--------------+--------------+--------------+--------------+--------------+--------------+--------------+-----------+--------------+--------------+
; Pin/Rules          ; IO_000001    ; IO_000002    ; IO_000003    ; IO_000004    ; IO_000005    ; IO_000006 ; IO_000007    ; IO_000008    ; IO_000009 ; IO_000010 ; IO_000011    ; IO_000012    ; IO_000013    ; IO_000014    ; IO_000015    ; IO_000018    ; IO_000019    ; IO_000020    ; IO_000021    ; IO_000022    ; IO_000023    ; IO_000024    ; IO_000026    ; IO_000027    ; IO_000045    ; IO_000046    ; IO_000047    ; IO_000033 ; IO_000034    ; IO_000042    ;
+--------------------+--------------+--------------+--------------+--------------+--------------+-----------+--------------+--------------+-----------+-----------+--------------+--------------+--------------+--------------+--------------+--------------+--------------+--------------+--------------+--------------+--------------+--------------+--------------+--------------+--------------+--------------+--------------+-----------+--------------+--------------+
; Total Pass         ; 0            ; 0            ; 0            ; 0            ; 0            ; 165       ; 0            ; 0            ; 165       ; 165       ; 0            ; 99           ; 0            ; 0            ; 66           ; 0            ; 99           ; 66           ; 0            ; 0            ; 0            ; 99           ; 0            ; 0            ; 0            ; 0            ; 0            ; 165       ; 0            ; 0            ;
; Total Unchecked    ; 0            ; 0            ; 0            ; 0            ; 0            ; 0         ; 0            ; 0            ; 0         ; 0         ; 0            ; 0            ; 0            ; 0            ; 0            ; 0            ; 0            ; 0            ; 0            ; 0            ; 0            ; 0            ; 0            ; 0            ; 0            ; 0            ; 0            ; 0         ; 0            ; 0            ;
; Total Inapplicable ; 165          ; 165          ; 165          ; 165          ; 165          ; 0         ; 165          ; 165          ; 0         ; 0         ; 165          ; 66           ; 165          ; 165          ; 99           ; 165          ; 66           ; 99           ; 165          ; 165          ; 165          ; 66           ; 165          ; 165          ; 165          ; 165          ; 165          ; 0         ; 165          ; 165          ;
; Total Fail         ; 0            ; 0            ; 0            ; 0            ; 0            ; 0         ; 0            ; 0            ; 0         ; 0         ; 0            ; 0            ; 0            ; 0            ; 0            ; 0            ; 0            ; 0            ; 0            ; 0            ; 0            ; 0            ; 0            ; 0            ; 0            ; 0            ; 0            ; 0         ; 0            ; 0            ;
; Prog_BUS_READ[6]   ; Inapplicable ; Inapplicable ; Inapplicable ; Inapplicable ; Inapplicable ; Pass      ; Inapplicable ; Inapplicable ; Pass      ; Pass      ; Inapplicable ; Inapplicable ; Inapplicable ; Inapplicable ; Pass         ; Inapplicable ; Inapplicable ; Pass         ; Inapplicable ; Inapplicable ; Inapplicable ; Inapplicable ; Inapplicable ; Inapplicable ; Inapplicable ; Inapplicable ; Inapplicable ; Pass      ; Inapplicable ; Inapplicable ;
; Prog_BUS_READ[7]   ; Inapplicable ; Inapplicable ; Inapplicable ; Inapplicable ; Inapplicable ; Pass      ; Inapplicable ; Inapplicable ; Pass      ; Pass      ; Inapplicable ; Inapplicable ; Inapplicable ; Inapplicable ; Pass         ; Inapplicable ; Inapplicable ; Pass         ; Inapplicable ; Inapplicable ; Inapplicable ; Inapplicable ; Inapplicable ; Inapplicable ; Inapplicable ; Inapplicable ; Inapplicable ; Pass      ; Inapplicable ; Inapplicable ;
; Prog_BUS_READ[8]   ; Inapplicable ; Inapplicable ; Inapplicable ; Inapplicable ; Inapplicable ; Pass      ; Inapplicable ; Inapplicable ; Pass      ; Pass      ; Inapplicable ; Inapplicable ; Inapplicable ; Inapplicable ; Pass         ; Inapplicable ; Inapplicable ; Pass         ; Inapplicable ; Inapplicable ; Inapplicable ; Inapplicable ; Inapplicable ; Inapplicable ; Inapplicable ; Inapplicable ; Inapplicable ; Pass      ; Inapplicable ; Inapplicable ;
; Prog_BUS_READ[9]   ; Inapplicable ; Inapplicable ; Inapplicable ; Inapplicable ; Inapplicable ; Pass      ; Inapplicable ; Inapplicable ; Pass      ; Pass      ; Inapplicable ; Inapplicable ; Inapplicable ; Inapplicable ; Pass         ; Inapplicable ; Inapplicable ; Pass         ; Inapplicable ; Inapplicable ; Inapplicable ; Inapplicable ; Inapplicable ; Inapplicable ; Inapplicable ; Inapplicable ; Inapplicable ; Pass      ; Inapplicable ; Inapplicable ;
; Prog_BUS_READ[10]  ; Inapplicable ; Inapplicable ; Inapplicable ; Inapplicable ; Inapplicable ; Pass      ; Inapplicable ; Inapplicable ; Pass      ; Pass      ; Inapplicable ; Inapplicable ; Inapplicable ; Inapplicable ; Pass         ; Inapplicable ; Inapplicable ; Pass         ; Inapplicable ; Inapplicable ; Inapplicable ; Inapplicable ; Inapplicable ; Inapplicable ; Inapplicable ; Inapplicable ; Inapplicable ; Pass      ; Inapplicable ; Inapplicable ;
; ADDR[0]            ; Inapplicable ; Inapplicable ; Inapplicable ; Inapplicable ; Inapplicable ; Pass      ; Inapplicable ; Inapplicable ; Pass      ; Pass      ; Inapplicable ; Pass         ; Inapplicable ; Inapplicable ; Inapplicable ; Inapplicable ; Pass         ; Inapplicable ; Inapplicable ; Inapplicable ; Inapplicable ; Pass         ; Inapplicable ; Inapplicable ; Inapplicable ; Inapplicable ; Inapplicable ; Pass      ; Inapplicable ; Inapplicable ;
; ADDR[1]            ; Inapplicable ; Inapplicable ; Inapplicable ; Inapplicable ; Inapplicable ; Pass      ; Inapplicable ; Inapplicable ; Pass      ; Pass      ; Inapplicable ; Pass         ; Inapplicable ; Inapplicable ; Inapplicable ; Inapplicable ; Pass         ; Inapplicable ; Inapplicable ; Inapplicable ; Inapplicable ; Pass         ; Inapplicable ; Inapplicable ; Inapplicable ; Inapplicable ; Inapplicable ; Pass      ; Inapplicable ; Inapplicable ;
; ADDR[2]            ; Inapplicable ; Inapplicable ; Inapplicable ; Inapplicable ; Inapplicable ; Pass      ; Inapplicable ; Inapplicable ; Pass      ; Pass      ; Inapplicable ; Pass         ; Inapplicable ; Inapplicable ; Inapplicable ; Inapplicable ; Pass         ; Inapplicable ; Inapplicable ; Inapplicable ; Inapplicable ; Pass         ; Inapplicable ; Inapplicable ; Inapplicable ; Inapplicable ; Inapplicable ; Pass      ; Inapplicable ; Inapplicable ;
; ADDR[3]            ; Inapplicable ; Inapplicable ; Inapplicable ; Inapplicable ; Inapplicable ; Pass      ; Inapplicable ; Inapplicable ; Pass      ; Pass      ; Inapplicable ; Pass         ; Inapplicable ; Inapplicable ; Inapplicable ; Inapplicable ; Pass         ; Inapplicable ; Inapplicable ; Inapplicable ; Inapplicable ; Pass         ; Inapplicable ; Inapplicable ; Inapplicable ; Inapplicable ; Inapplicable ; Pass      ; Inapplicable ; Inapplicable ;
; ADDR[4]            ; Inapplicable ; Inapplicable ; Inapplicable ; Inapplicable ; Inapplicable ; Pass      ; Inapplicable ; Inapplicable ; Pass      ; Pass      ; Inapplicable ; Pass         ; Inapplicable ; Inapplicable ; Inapplicable ; Inapplicable ; Pass         ; Inapplicable ; Inapplicable ; Inapplicable ; Inapplicable ; Pass         ; Inapplicable ; Inapplicable ; Inapplicable ; Inapplicable ; Inapplicable ; Pass      ; Inapplicable ; Inapplicable ;
; ADDR[5]            ; Inapplicable ; Inapplicable ; Inapplicable ; Inapplicable ; Inapplicable ; Pass      ; Inapplicable ; Inapplicable ; Pass      ; Pass      ; Inapplicable ; Pass         ; Inapplicable ; Inapplicable ; Inapplicable ; Inapplicable ; Pass         ; Inapplicable ; Inapplicable ; Inapplicable ; Inapplicable ; Pass         ; Inapplicable ; Inapplicable ; Inapplicable ; Inapplicable ; Inapplicable ; Pass      ; Inapplicable ; Inapplicable ;
; ADDR[6]            ; Inapplicable ; Inapplicable ; Inapplicable ; Inapplicable ; Inapplicable ; Pass      ; Inapplicable ; Inapplicable ; Pass      ; Pass      ; Inapplicable ; Pass         ; Inapplicable ; Inapplicable ; Inapplicable ; Inapplicable ; Pass         ; Inapplicable ; Inapplicable ; Inapplicable ; Inapplicable ; Pass         ; Inapplicable ; Inapplicable ; Inapplicable ; Inapplicable ; Inapplicable ; Pass      ; Inapplicable ; Inapplicable ;
; ADDR[7]            ; Inapplicable ; Inapplicable ; Inapplicable ; Inapplicable ; Inapplicable ; Pass      ; Inapplicable ; Inapplicable ; Pass      ; Pass      ; Inapplicable ; Pass         ; Inapplicable ; Inapplicable ; Inapplicable ; Inapplicable ; Pass         ; Inapplicable ; Inapplicable ; Inapplicable ; Inapplicable ; Pass         ; Inapplicable ; Inapplicable ; Inapplicable ; Inapplicable ; Inapplicable ; Pass      ; Inapplicable ; Inapplicable ;
; ADDR[8]            ; Inapplicable ; Inapplicable ; Inapplicable ; Inapplicable ; Inapplicable ; Pass      ; Inapplicable ; Inapplicable ; Pass      ; Pass      ; Inapplicable ; Pass         ; Inapplicable ; Inapplicable ; Inapplicable ; Inapplicable ; Pass         ; Inapplicable ; Inapplicable ; Inapplicable ; Inapplicable ; Pass         ; Inapplicable ; Inapplicable ; Inapplicable ; Inapplicable ; Inapplicable ; Pass      ; Inapplicable ; Inapplicable ;
; ADDR[9]            ; Inapplicable ; Inapplicable ; Inapplicable ; Inapplicable ; Inapplicable ; Pass      ; Inapplicable ; Inapplicable ; Pass      ; Pass      ; Inapplicable ; Pass         ; Inapplicable ; Inapplicable ; Inapplicable ; Inapplicable ; Pass         ; Inapplicable ; Inapplicable ; Inapplicable ; Inapplicable ; Pass         ; Inapplicable ; Inapplicable ; Inapplicable ; Inapplicable ; Inapplicable ; Pass      ; Inapplicable ; Inapplicable ;
; ADDR[10]           ; Inapplicable ; Inapplicable ; Inapplicable ; Inapplicable ; Inapplicable ; Pass      ; Inapplicable ; Inapplicable ; Pass      ; Pass      ; Inapplicable ; Pass         ; Inapplicable ; Inapplicable ; Inapplicable ; Inapplicable ; Pass         ; Inapplicable ; Inapplicable ; Inapplicable ; Inapplicable ; Pass         ; Inapplicable ; Inapplicable ; Inapplicable ; Inapplicable ; Inapplicable ; Pass      ; Inapplicable ; Inapplicable ;
; ADDR[11]           ; Inapplicable ; Inapplicable ; Inapplicable ; Inapplicable ; Inapplicable ; Pass      ; Inapplicable ; Inapplicable ; Pass      ; Pass      ; Inapplicable ; Pass         ; Inapplicable ; Inapplicable ; Inapplicable ; Inapplicable ; Pass         ; Inapplicable ; Inapplicable ; Inapplicable ; Inapplicable ; Pass         ; Inapplicable ; Inapplicable ; Inapplicable ; Inapplicable ; Inapplicable ; Pass      ; Inapplicable ; Inapplicable ;
; ADDR[12]           ; Inapplicable ; Inapplicable ; Inapplicable ; Inapplicable ; Inapplicable ; Pass      ; Inapplicable ; Inapplicable ; Pass      ; Pass      ; Inapplicable ; Pass         ; Inapplicable ; Inapplicable ; Inapplicable ; Inapplicable ; Pass         ; Inapplicable ; Inapplicable ; Inapplicable ; Inapplicable ; Pass         ; Inapplicable ; Inapplicable ; Inapplicable ; Inapplicable ; Inapplicable ; Pass      ; Inapplicable ; Inapplicable ;
; ADDR[13]           ; Inapplicable ; Inapplicable ; Inapplicable ; Inapplicable ; Inapplicable ; Pass      ; Inapplicable ; Inapplicable ; Pass      ; Pass      ; Inapplicable ; Pass         ; Inapplicable ; Inapplicable ; Inapplicable ; Inapplicable ; Pass         ; Inapplicable ; Inapplicable ; Inapplicable ; Inapplicable ; Pass         ; Inapplicable ; Inapplicable ; Inapplicable ; Inapplicable ; Inapplicable ; Pass      ; Inapplicable ; Inapplicable ;
; ADDR[14]           ; Inapplicable ; Inapplicable ; Inapplicable ; Inapplicable ; Inapplicable ; Pass      ; Inapplicable ; Inapplicable ; Pass      ; Pass      ; Inapplicable ; Pass         ; Inapplicable ; Inapplicable ; Inapplicable ; Inapplicable ; Pass         ; Inapplicable ; Inapplicable ; Inapplicable ; Inapplicable ; Pass         ; Inapplicable ; Inapplicable ; Inapplicable ; Inapplicable ; Inapplicable ; Pass      ; Inapplicable ; Inapplicable ;
; ADDR[15]           ; Inapplicable ; Inapplicable ; Inapplicable ; Inapplicable ; Inapplicable ; Pass      ; Inapplicable ; Inapplicable ; Pass      ; Pass      ; Inapplicable ; Pass         ; Inapplicable ; Inapplicable ; Inapplicable ; Inapplicable ; Pass         ; Inapplicable ; Inapplicable ; Inapplicable ; Inapplicable ; Pass         ; Inapplicable ; Inapplicable ; Inapplicable ; Inapplicable ; Inapplicable ; Pass      ; Inapplicable ; Inapplicable ;
; ADDR[16]           ; Inapplicable ; Inapplicable ; Inapplicable ; Inapplicable ; Inapplicable ; Pass      ; Inapplicable ; Inapplicable ; Pass      ; Pass      ; Inapplicable ; Pass         ; Inapplicable ; Inapplicable ; Inapplicable ; Inapplicable ; Pass         ; Inapplicable ; Inapplicable ; Inapplicable ; Inapplicable ; Pass         ; Inapplicable ; Inapplicable ; Inapplicable ; Inapplicable ; Inapplicable ; Pass      ; Inapplicable ; Inapplicable ;
; ADDR[17]           ; Inapplicable ; Inapplicable ; Inapplicable ; Inapplicable ; Inapplicable ; Pass      ; Inapplicable ; Inapplicable ; Pass      ; Pass      ; Inapplicable ; Pass         ; Inapplicable ; Inapplicable ; Inapplicable ; Inapplicable ; Pass         ; Inapplicable ; Inapplicable ; Inapplicable ; Inapplicable ; Pass         ; Inapplicable ; Inapplicable ; Inapplicable ; Inapplicable ; Inapplicable ; Pass      ; Inapplicable ; Inapplicable ;
; ADDR[18]           ; Inapplicable ; Inapplicable ; Inapplicable ; Inapplicable ; Inapplicable ; Pass      ; Inapplicable ; Inapplicable ; Pass      ; Pass      ; Inapplicable ; Pass         ; Inapplicable ; Inapplicable ; Inapplicable ; Inapplicable ; Pass         ; Inapplicable ; Inapplicable ; Inapplicable ; Inapplicable ; Pass         ; Inapplicable ; Inapplicable ; Inapplicable ; Inapplicable ; Inapplicable ; Pass      ; Inapplicable ; Inapplicable ;
; ADDR[19]           ; Inapplicable ; Inapplicable ; Inapplicable ; Inapplicable ; Inapplicable ; Pass      ; Inapplicable ; Inapplicable ; Pass      ; Pass      ; Inapplicable ; Pass         ; Inapplicable ; Inapplicable ; Inapplicable ; Inapplicable ; Pass         ; Inapplicable ; Inapplicable ; Inapplicable ; Inapplicable ; Pass         ; Inapplicable ; Inapplicable ; Inapplicable ; Inapplicable ; Inapplicable ; Pass      ; Inapplicable ; Inapplicable ;
; ADDR[20]           ; Inapplicable ; Inapplicable ; Inapplicable ; Inapplicable ; Inapplicable ; Pass      ; Inapplicable ; Inapplicable ; Pass      ; Pass      ; Inapplicable ; Pass         ; Inapplicable ; Inapplicable ; Inapplicable ; Inapplicable ; Pass         ; Inapplicable ; Inapplicable ; Inapplicable ; Inapplicable ; Pass         ; Inapplicable ; Inapplicable ; Inapplicable ; Inapplicable ; Inapplicable ; Pass      ; Inapplicable ; Inapplicable ;
; ADDR[21]           ; Inapplicable ; Inapplicable ; Inapplicable ; Inapplicable ; Inapplicable ; Pass      ; Inapplicable ; Inapplicable ; Pass      ; Pass      ; Inapplicable ; Pass         ; Inapplicable ; Inapplicable ; Inapplicable ; Inapplicable ; Pass         ; Inapplicable ; Inapplicable ; Inapplicable ; Inapplicable ; Pass         ; Inapplicable ; Inapplicable ; Inapplicable ; Inapplicable ; Inapplicable ; Pass      ; Inapplicable ; Inapplicable ;
; ADDR[22]           ; Inapplicable ; Inapplicable ; Inapplicable ; Inapplicable ; Inapplicable ; Pass      ; Inapplicable ; Inapplicable ; Pass      ; Pass      ; Inapplicable ; Pass         ; Inapplicable ; Inapplicable ; Inapplicable ; Inapplicable ; Pass         ; Inapplicable ; Inapplicable ; Inapplicable ; Inapplicable ; Pass         ; Inapplicable ; Inapplicable ; Inapplicable ; Inapplicable ; Inapplicable ; Pass      ; Inapplicable ; Inapplicable ;
; ADDR[23]           ; Inapplicable ; Inapplicable ; Inapplicable ; Inapplicable ; Inapplicable ; Pass      ; Inapplicable ; Inapplicable ; Pass      ; Pass      ; Inapplicable ; Pass         ; Inapplicable ; Inapplicable ; Inapplicable ; Inapplicable ; Pass         ; Inapplicable ; Inapplicable ; Inapplicable ; Inapplicable ; Pass         ; Inapplicable ; Inapplicable ; Inapplicable ; Inapplicable ; Inapplicable ; Pass      ; Inapplicable ; Inapplicable ;
; ADDR[24]           ; Inapplicable ; Inapplicable ; Inapplicable ; Inapplicable ; Inapplicable ; Pass      ; Inapplicable ; Inapplicable ; Pass      ; Pass      ; Inapplicable ; Pass         ; Inapplicable ; Inapplicable ; Inapplicable ; Inapplicable ; Pass         ; Inapplicable ; Inapplicable ; Inapplicable ; Inapplicable ; Pass         ; Inapplicable ; Inapplicable ; Inapplicable ; Inapplicable ; Inapplicable ; Pass      ; Inapplicable ; Inapplicable ;
; ADDR[25]           ; Inapplicable ; Inapplicable ; Inapplicable ; Inapplicable ; Inapplicable ; Pass      ; Inapplicable ; Inapplicable ; Pass      ; Pass      ; Inapplicable ; Pass         ; Inapplicable ; Inapplicable ; Inapplicable ; Inapplicable ; Pass         ; Inapplicable ; Inapplicable ; Inapplicable ; Inapplicable ; Pass         ; Inapplicable ; Inapplicable ; Inapplicable ; Inapplicable ; Inapplicable ; Pass      ; Inapplicable ; Inapplicable ;
; ADDR[26]           ; Inapplicable ; Inapplicable ; Inapplicable ; Inapplicable ; Inapplicable ; Pass      ; Inapplicable ; Inapplicable ; Pass      ; Pass      ; Inapplicable ; Pass         ; Inapplicable ; Inapplicable ; Inapplicable ; Inapplicable ; Pass         ; Inapplicable ; Inapplicable ; Inapplicable ; Inapplicable ; Pass         ; Inapplicable ; Inapplicable ; Inapplicable ; Inapplicable ; Inapplicable ; Pass      ; Inapplicable ; Inapplicable ;
; ADDR[27]           ; Inapplicable ; Inapplicable ; Inapplicable ; Inapplicable ; Inapplicable ; Pass      ; Inapplicable ; Inapplicable ; Pass      ; Pass      ; Inapplicable ; Pass         ; Inapplicable ; Inapplicable ; Inapplicable ; Inapplicable ; Pass         ; Inapplicable ; Inapplicable ; Inapplicable ; Inapplicable ; Pass         ; Inapplicable ; Inapplicable ; Inapplicable ; Inapplicable ; Inapplicable ; Pass      ; Inapplicable ; Inapplicable ;
; ADDR[28]           ; Inapplicable ; Inapplicable ; Inapplicable ; Inapplicable ; Inapplicable ; Pass      ; Inapplicable ; Inapplicable ; Pass      ; Pass      ; Inapplicable ; Pass         ; Inapplicable ; Inapplicable ; Inapplicable ; Inapplicable ; Pass         ; Inapplicable ; Inapplicable ; Inapplicable ; Inapplicable ; Pass         ; Inapplicable ; Inapplicable ; Inapplicable ; Inapplicable ; Inapplicable ; Pass      ; Inapplicable ; Inapplicable ;
; ADDR[29]           ; Inapplicable ; Inapplicable ; Inapplicable ; Inapplicable ; Inapplicable ; Pass      ; Inapplicable ; Inapplicable ; Pass      ; Pass      ; Inapplicable ; Pass         ; Inapplicable ; Inapplicable ; Inapplicable ; Inapplicable ; Pass         ; Inapplicable ; Inapplicable ; Inapplicable ; Inapplicable ; Pass         ; Inapplicable ; Inapplicable ; Inapplicable ; Inapplicable ; Inapplicable ; Pass      ; Inapplicable ; Inapplicable ;
; ADDR[30]           ; Inapplicable ; Inapplicable ; Inapplicable ; Inapplicable ; Inapplicable ; Pass      ; Inapplicable ; Inapplicable ; Pass      ; Pass      ; Inapplicable ; Pass         ; Inapplicable ; Inapplicable ; Inapplicable ; Inapplicable ; Pass         ; Inapplicable ; Inapplicable ; Inapplicable ; Inapplicable ; Pass         ; Inapplicable ; Inapplicable ; Inapplicable ; Inapplicable ; Inapplicable ; Pass      ; Inapplicable ; Inapplicable ;
; ADDR[31]           ; Inapplicable ; Inapplicable ; Inapplicable ; Inapplicable ; Inapplicable ; Pass      ; Inapplicable ; Inapplicable ; Pass      ; Pass      ; Inapplicable ; Pass         ; Inapplicable ; Inapplicable ; Inapplicable ; Inapplicable ; Pass         ; Inapplicable ; Inapplicable ; Inapplicable ; Inapplicable ; Pass         ; Inapplicable ; Inapplicable ; Inapplicable ; Inapplicable ; Inapplicable ; Pass      ; Inapplicable ; Inapplicable ;
; Data_BUS_WRITE[0]  ; Inapplicable ; Inapplicable ; Inapplicable ; Inapplicable ; Inapplicable ; Pass      ; Inapplicable ; Inapplicable ; Pass      ; Pass      ; Inapplicable ; Pass         ; Inapplicable ; Inapplicable ; Inapplicable ; Inapplicable ; Pass         ; Inapplicable ; Inapplicable ; Inapplicable ; Inapplicable ; Pass         ; Inapplicable ; Inapplicable ; Inapplicable ; Inapplicable ; Inapplicable ; Pass      ; Inapplicable ; Inapplicable ;
; Data_BUS_WRITE[1]  ; Inapplicable ; Inapplicable ; Inapplicable ; Inapplicable ; Inapplicable ; Pass      ; Inapplicable ; Inapplicable ; Pass      ; Pass      ; Inapplicable ; Pass         ; Inapplicable ; Inapplicable ; Inapplicable ; Inapplicable ; Pass         ; Inapplicable ; Inapplicable ; Inapplicable ; Inapplicable ; Pass         ; Inapplicable ; Inapplicable ; Inapplicable ; Inapplicable ; Inapplicable ; Pass      ; Inapplicable ; Inapplicable ;
; Data_BUS_WRITE[2]  ; Inapplicable ; Inapplicable ; Inapplicable ; Inapplicable ; Inapplicable ; Pass      ; Inapplicable ; Inapplicable ; Pass      ; Pass      ; Inapplicable ; Pass         ; Inapplicable ; Inapplicable ; Inapplicable ; Inapplicable ; Pass         ; Inapplicable ; Inapplicable ; Inapplicable ; Inapplicable ; Pass         ; Inapplicable ; Inapplicable ; Inapplicable ; Inapplicable ; Inapplicable ; Pass      ; Inapplicable ; Inapplicable ;
; Data_BUS_WRITE[3]  ; Inapplicable ; Inapplicable ; Inapplicable ; Inapplicable ; Inapplicable ; Pass      ; Inapplicable ; Inapplicable ; Pass      ; Pass      ; Inapplicable ; Pass         ; Inapplicable ; Inapplicable ; Inapplicable ; Inapplicable ; Pass         ; Inapplicable ; Inapplicable ; Inapplicable ; Inapplicable ; Pass         ; Inapplicable ; Inapplicable ; Inapplicable ; Inapplicable ; Inapplicable ; Pass      ; Inapplicable ; Inapplicable ;
; Data_BUS_WRITE[4]  ; Inapplicable ; Inapplicable ; Inapplicable ; Inapplicable ; Inapplicable ; Pass      ; Inapplicable ; Inapplicable ; Pass      ; Pass      ; Inapplicable ; Pass         ; Inapplicable ; Inapplicable ; Inapplicable ; Inapplicable ; Pass         ; Inapplicable ; Inapplicable ; Inapplicable ; Inapplicable ; Pass         ; Inapplicable ; Inapplicable ; Inapplicable ; Inapplicable ; Inapplicable ; Pass      ; Inapplicable ; Inapplicable ;
; Data_BUS_WRITE[5]  ; Inapplicable ; Inapplicable ; Inapplicable ; Inapplicable ; Inapplicable ; Pass      ; Inapplicable ; Inapplicable ; Pass      ; Pass      ; Inapplicable ; Pass         ; Inapplicable ; Inapplicable ; Inapplicable ; Inapplicable ; Pass         ; Inapplicable ; Inapplicable ; Inapplicable ; Inapplicable ; Pass         ; Inapplicable ; Inapplicable ; Inapplicable ; Inapplicable ; Inapplicable ; Pass      ; Inapplicable ; Inapplicable ;
; Data_BUS_WRITE[6]  ; Inapplicable ; Inapplicable ; Inapplicable ; Inapplicable ; Inapplicable ; Pass      ; Inapplicable ; Inapplicable ; Pass      ; Pass      ; Inapplicable ; Pass         ; Inapplicable ; Inapplicable ; Inapplicable ; Inapplicable ; Pass         ; Inapplicable ; Inapplicable ; Inapplicable ; Inapplicable ; Pass         ; Inapplicable ; Inapplicable ; Inapplicable ; Inapplicable ; Inapplicable ; Pass      ; Inapplicable ; Inapplicable ;
; Data_BUS_WRITE[7]  ; Inapplicable ; Inapplicable ; Inapplicable ; Inapplicable ; Inapplicable ; Pass      ; Inapplicable ; Inapplicable ; Pass      ; Pass      ; Inapplicable ; Pass         ; Inapplicable ; Inapplicable ; Inapplicable ; Inapplicable ; Pass         ; Inapplicable ; Inapplicable ; Inapplicable ; Inapplicable ; Pass         ; Inapplicable ; Inapplicable ; Inapplicable ; Inapplicable ; Inapplicable ; Pass      ; Inapplicable ; Inapplicable ;
; Data_BUS_WRITE[8]  ; Inapplicable ; Inapplicable ; Inapplicable ; Inapplicable ; Inapplicable ; Pass      ; Inapplicable ; Inapplicable ; Pass      ; Pass      ; Inapplicable ; Pass         ; Inapplicable ; Inapplicable ; Inapplicable ; Inapplicable ; Pass         ; Inapplicable ; Inapplicable ; Inapplicable ; Inapplicable ; Pass         ; Inapplicable ; Inapplicable ; Inapplicable ; Inapplicable ; Inapplicable ; Pass      ; Inapplicable ; Inapplicable ;
; Data_BUS_WRITE[9]  ; Inapplicable ; Inapplicable ; Inapplicable ; Inapplicable ; Inapplicable ; Pass      ; Inapplicable ; Inapplicable ; Pass      ; Pass      ; Inapplicable ; Pass         ; Inapplicable ; Inapplicable ; Inapplicable ; Inapplicable ; Pass         ; Inapplicable ; Inapplicable ; Inapplicable ; Inapplicable ; Pass         ; Inapplicable ; Inapplicable ; Inapplicable ; Inapplicable ; Inapplicable ; Pass      ; Inapplicable ; Inapplicable ;
; Data_BUS_WRITE[10] ; Inapplicable ; Inapplicable ; Inapplicable ; Inapplicable ; Inapplicable ; Pass      ; Inapplicable ; Inapplicable ; Pass      ; Pass      ; Inapplicable ; Pass         ; Inapplicable ; Inapplicable ; Inapplicable ; Inapplicable ; Pass         ; Inapplicable ; Inapplicable ; Inapplicable ; Inapplicable ; Pass         ; Inapplicable ; Inapplicable ; Inapplicable ; Inapplicable ; Inapplicable ; Pass      ; Inapplicable ; Inapplicable ;
; Data_BUS_WRITE[11] ; Inapplicable ; Inapplicable ; Inapplicable ; Inapplicable ; Inapplicable ; Pass      ; Inapplicable ; Inapplicable ; Pass      ; Pass      ; Inapplicable ; Pass         ; Inapplicable ; Inapplicable ; Inapplicable ; Inapplicable ; Pass         ; Inapplicable ; Inapplicable ; Inapplicable ; Inapplicable ; Pass         ; Inapplicable ; Inapplicable ; Inapplicable ; Inapplicable ; Inapplicable ; Pass      ; Inapplicable ; Inapplicable ;
; Data_BUS_WRITE[12] ; Inapplicable ; Inapplicable ; Inapplicable ; Inapplicable ; Inapplicable ; Pass      ; Inapplicable ; Inapplicable ; Pass      ; Pass      ; Inapplicable ; Pass         ; Inapplicable ; Inapplicable ; Inapplicable ; Inapplicable ; Pass         ; Inapplicable ; Inapplicable ; Inapplicable ; Inapplicable ; Pass         ; Inapplicable ; Inapplicable ; Inapplicable ; Inapplicable ; Inapplicable ; Pass      ; Inapplicable ; Inapplicable ;
; Data_BUS_WRITE[13] ; Inapplicable ; Inapplicable ; Inapplicable ; Inapplicable ; Inapplicable ; Pass      ; Inapplicable ; Inapplicable ; Pass      ; Pass      ; Inapplicable ; Pass         ; Inapplicable ; Inapplicable ; Inapplicable ; Inapplicable ; Pass         ; Inapplicable ; Inapplicable ; Inapplicable ; Inapplicable ; Pass         ; Inapplicable ; Inapplicable ; Inapplicable ; Inapplicable ; Inapplicable ; Pass      ; Inapplicable ; Inapplicable ;
; Data_BUS_WRITE[14] ; Inapplicable ; Inapplicable ; Inapplicable ; Inapplicable ; Inapplicable ; Pass      ; Inapplicable ; Inapplicable ; Pass      ; Pass      ; Inapplicable ; Pass         ; Inapplicable ; Inapplicable ; Inapplicable ; Inapplicable ; Pass         ; Inapplicable ; Inapplicable ; Inapplicable ; Inapplicable ; Pass         ; Inapplicable ; Inapplicable ; Inapplicable ; Inapplicable ; Inapplicable ; Pass      ; Inapplicable ; Inapplicable ;
; Data_BUS_WRITE[15] ; Inapplicable ; Inapplicable ; Inapplicable ; Inapplicable ; Inapplicable ; Pass      ; Inapplicable ; Inapplicable ; Pass      ; Pass      ; Inapplicable ; Pass         ; Inapplicable ; Inapplicable ; Inapplicable ; Inapplicable ; Pass         ; Inapplicable ; Inapplicable ; Inapplicable ; Inapplicable ; Pass         ; Inapplicable ; Inapplicable ; Inapplicable ; Inapplicable ; Inapplicable ; Pass      ; Inapplicable ; Inapplicable ;
; Data_BUS_WRITE[16] ; Inapplicable ; Inapplicable ; Inapplicable ; Inapplicable ; Inapplicable ; Pass      ; Inapplicable ; Inapplicable ; Pass      ; Pass      ; Inapplicable ; Pass         ; Inapplicable ; Inapplicable ; Inapplicable ; Inapplicable ; Pass         ; Inapplicable ; Inapplicable ; Inapplicable ; Inapplicable ; Pass         ; Inapplicable ; Inapplicable ; Inapplicable ; Inapplicable ; Inapplicable ; Pass      ; Inapplicable ; Inapplicable ;
; Data_BUS_WRITE[17] ; Inapplicable ; Inapplicable ; Inapplicable ; Inapplicable ; Inapplicable ; Pass      ; Inapplicable ; Inapplicable ; Pass      ; Pass      ; Inapplicable ; Pass         ; Inapplicable ; Inapplicable ; Inapplicable ; Inapplicable ; Pass         ; Inapplicable ; Inapplicable ; Inapplicable ; Inapplicable ; Pass         ; Inapplicable ; Inapplicable ; Inapplicable ; Inapplicable ; Inapplicable ; Pass      ; Inapplicable ; Inapplicable ;
; Data_BUS_WRITE[18] ; Inapplicable ; Inapplicable ; Inapplicable ; Inapplicable ; Inapplicable ; Pass      ; Inapplicable ; Inapplicable ; Pass      ; Pass      ; Inapplicable ; Pass         ; Inapplicable ; Inapplicable ; Inapplicable ; Inapplicable ; Pass         ; Inapplicable ; Inapplicable ; Inapplicable ; Inapplicable ; Pass         ; Inapplicable ; Inapplicable ; Inapplicable ; Inapplicable ; Inapplicable ; Pass      ; Inapplicable ; Inapplicable ;
; Data_BUS_WRITE[19] ; Inapplicable ; Inapplicable ; Inapplicable ; Inapplicable ; Inapplicable ; Pass      ; Inapplicable ; Inapplicable ; Pass      ; Pass      ; Inapplicable ; Pass         ; Inapplicable ; Inapplicable ; Inapplicable ; Inapplicable ; Pass         ; Inapplicable ; Inapplicable ; Inapplicable ; Inapplicable ; Pass         ; Inapplicable ; Inapplicable ; Inapplicable ; Inapplicable ; Inapplicable ; Pass      ; Inapplicable ; Inapplicable ;
; Data_BUS_WRITE[20] ; Inapplicable ; Inapplicable ; Inapplicable ; Inapplicable ; Inapplicable ; Pass      ; Inapplicable ; Inapplicable ; Pass      ; Pass      ; Inapplicable ; Pass         ; Inapplicable ; Inapplicable ; Inapplicable ; Inapplicable ; Pass         ; Inapplicable ; Inapplicable ; Inapplicable ; Inapplicable ; Pass         ; Inapplicable ; Inapplicable ; Inapplicable ; Inapplicable ; Inapplicable ; Pass      ; Inapplicable ; Inapplicable ;
; Data_BUS_WRITE[21] ; Inapplicable ; Inapplicable ; Inapplicable ; Inapplicable ; Inapplicable ; Pass      ; Inapplicable ; Inapplicable ; Pass      ; Pass      ; Inapplicable ; Pass         ; Inapplicable ; Inapplicable ; Inapplicable ; Inapplicable ; Pass         ; Inapplicable ; Inapplicable ; Inapplicable ; Inapplicable ; Pass         ; Inapplicable ; Inapplicable ; Inapplicable ; Inapplicable ; Inapplicable ; Pass      ; Inapplicable ; Inapplicable ;
; Data_BUS_WRITE[22] ; Inapplicable ; Inapplicable ; Inapplicable ; Inapplicable ; Inapplicable ; Pass      ; Inapplicable ; Inapplicable ; Pass      ; Pass      ; Inapplicable ; Pass         ; Inapplicable ; Inapplicable ; Inapplicable ; Inapplicable ; Pass         ; Inapplicable ; Inapplicable ; Inapplicable ; Inapplicable ; Pass         ; Inapplicable ; Inapplicable ; Inapplicable ; Inapplicable ; Inapplicable ; Pass      ; Inapplicable ; Inapplicable ;
; Data_BUS_WRITE[23] ; Inapplicable ; Inapplicable ; Inapplicable ; Inapplicable ; Inapplicable ; Pass      ; Inapplicable ; Inapplicable ; Pass      ; Pass      ; Inapplicable ; Pass         ; Inapplicable ; Inapplicable ; Inapplicable ; Inapplicable ; Pass         ; Inapplicable ; Inapplicable ; Inapplicable ; Inapplicable ; Pass         ; Inapplicable ; Inapplicable ; Inapplicable ; Inapplicable ; Inapplicable ; Pass      ; Inapplicable ; Inapplicable ;
; Data_BUS_WRITE[24] ; Inapplicable ; Inapplicable ; Inapplicable ; Inapplicable ; Inapplicable ; Pass      ; Inapplicable ; Inapplicable ; Pass      ; Pass      ; Inapplicable ; Pass         ; Inapplicable ; Inapplicable ; Inapplicable ; Inapplicable ; Pass         ; Inapplicable ; Inapplicable ; Inapplicable ; Inapplicable ; Pass         ; Inapplicable ; Inapplicable ; Inapplicable ; Inapplicable ; Inapplicable ; Pass      ; Inapplicable ; Inapplicable ;
; Data_BUS_WRITE[25] ; Inapplicable ; Inapplicable ; Inapplicable ; Inapplicable ; Inapplicable ; Pass      ; Inapplicable ; Inapplicable ; Pass      ; Pass      ; Inapplicable ; Pass         ; Inapplicable ; Inapplicable ; Inapplicable ; Inapplicable ; Pass         ; Inapplicable ; Inapplicable ; Inapplicable ; Inapplicable ; Pass         ; Inapplicable ; Inapplicable ; Inapplicable ; Inapplicable ; Inapplicable ; Pass      ; Inapplicable ; Inapplicable ;
; Data_BUS_WRITE[26] ; Inapplicable ; Inapplicable ; Inapplicable ; Inapplicable ; Inapplicable ; Pass      ; Inapplicable ; Inapplicable ; Pass      ; Pass      ; Inapplicable ; Pass         ; Inapplicable ; Inapplicable ; Inapplicable ; Inapplicable ; Pass         ; Inapplicable ; Inapplicable ; Inapplicable ; Inapplicable ; Pass         ; Inapplicable ; Inapplicable ; Inapplicable ; Inapplicable ; Inapplicable ; Pass      ; Inapplicable ; Inapplicable ;
; Data_BUS_WRITE[27] ; Inapplicable ; Inapplicable ; Inapplicable ; Inapplicable ; Inapplicable ; Pass      ; Inapplicable ; Inapplicable ; Pass      ; Pass      ; Inapplicable ; Pass         ; Inapplicable ; Inapplicable ; Inapplicable ; Inapplicable ; Pass         ; Inapplicable ; Inapplicable ; Inapplicable ; Inapplicable ; Pass         ; Inapplicable ; Inapplicable ; Inapplicable ; Inapplicable ; Inapplicable ; Pass      ; Inapplicable ; Inapplicable ;
; Data_BUS_WRITE[28] ; Inapplicable ; Inapplicable ; Inapplicable ; Inapplicable ; Inapplicable ; Pass      ; Inapplicable ; Inapplicable ; Pass      ; Pass      ; Inapplicable ; Pass         ; Inapplicable ; Inapplicable ; Inapplicable ; Inapplicable ; Pass         ; Inapplicable ; Inapplicable ; Inapplicable ; Inapplicable ; Pass         ; Inapplicable ; Inapplicable ; Inapplicable ; Inapplicable ; Inapplicable ; Pass      ; Inapplicable ; Inapplicable ;
; Data_BUS_WRITE[29] ; Inapplicable ; Inapplicable ; Inapplicable ; Inapplicable ; Inapplicable ; Pass      ; Inapplicable ; Inapplicable ; Pass      ; Pass      ; Inapplicable ; Pass         ; Inapplicable ; Inapplicable ; Inapplicable ; Inapplicable ; Pass         ; Inapplicable ; Inapplicable ; Inapplicable ; Inapplicable ; Pass         ; Inapplicable ; Inapplicable ; Inapplicable ; Inapplicable ; Inapplicable ; Pass      ; Inapplicable ; Inapplicable ;
; Data_BUS_WRITE[30] ; Inapplicable ; Inapplicable ; Inapplicable ; Inapplicable ; Inapplicable ; Pass      ; Inapplicable ; Inapplicable ; Pass      ; Pass      ; Inapplicable ; Pass         ; Inapplicable ; Inapplicable ; Inapplicable ; Inapplicable ; Pass         ; Inapplicable ; Inapplicable ; Inapplicable ; Inapplicable ; Pass         ; Inapplicable ; Inapplicable ; Inapplicable ; Inapplicable ; Inapplicable ; Pass      ; Inapplicable ; Inapplicable ;
; Data_BUS_WRITE[31] ; Inapplicable ; Inapplicable ; Inapplicable ; Inapplicable ; Inapplicable ; Pass      ; Inapplicable ; Inapplicable ; Pass      ; Pass      ; Inapplicable ; Pass         ; Inapplicable ; Inapplicable ; Inapplicable ; Inapplicable ; Pass         ; Inapplicable ; Inapplicable ; Inapplicable ; Inapplicable ; Pass         ; Inapplicable ; Inapplicable ; Inapplicable ; Inapplicable ; Inapplicable ; Pass      ; Inapplicable ; Inapplicable ;
; ADDR_Prog[0]       ; Inapplicable ; Inapplicable ; Inapplicable ; Inapplicable ; Inapplicable ; Pass      ; Inapplicable ; Inapplicable ; Pass      ; Pass      ; Inapplicable ; Pass         ; Inapplicable ; Inapplicable ; Inapplicable ; Inapplicable ; Pass         ; Inapplicable ; Inapplicable ; Inapplicable ; Inapplicable ; Pass         ; Inapplicable ; Inapplicable ; Inapplicable ; Inapplicable ; Inapplicable ; Pass      ; Inapplicable ; Inapplicable ;
; ADDR_Prog[1]       ; Inapplicable ; Inapplicable ; Inapplicable ; Inapplicable ; Inapplicable ; Pass      ; Inapplicable ; Inapplicable ; Pass      ; Pass      ; Inapplicable ; Pass         ; Inapplicable ; Inapplicable ; Inapplicable ; Inapplicable ; Pass         ; Inapplicable ; Inapplicable ; Inapplicable ; Inapplicable ; Pass         ; Inapplicable ; Inapplicable ; Inapplicable ; Inapplicable ; Inapplicable ; Pass      ; Inapplicable ; Inapplicable ;
; ADDR_Prog[2]       ; Inapplicable ; Inapplicable ; Inapplicable ; Inapplicable ; Inapplicable ; Pass      ; Inapplicable ; Inapplicable ; Pass      ; Pass      ; Inapplicable ; Pass         ; Inapplicable ; Inapplicable ; Inapplicable ; Inapplicable ; Pass         ; Inapplicable ; Inapplicable ; Inapplicable ; Inapplicable ; Pass         ; Inapplicable ; Inapplicable ; Inapplicable ; Inapplicable ; Inapplicable ; Pass      ; Inapplicable ; Inapplicable ;
; ADDR_Prog[3]       ; Inapplicable ; Inapplicable ; Inapplicable ; Inapplicable ; Inapplicable ; Pass      ; Inapplicable ; Inapplicable ; Pass      ; Pass      ; Inapplicable ; Pass         ; Inapplicable ; Inapplicable ; Inapplicable ; Inapplicable ; Pass         ; Inapplicable ; Inapplicable ; Inapplicable ; Inapplicable ; Pass         ; Inapplicable ; Inapplicable ; Inapplicable ; Inapplicable ; Inapplicable ; Pass      ; Inapplicable ; Inapplicable ;
; ADDR_Prog[4]       ; Inapplicable ; Inapplicable ; Inapplicable ; Inapplicable ; Inapplicable ; Pass      ; Inapplicable ; Inapplicable ; Pass      ; Pass      ; Inapplicable ; Pass         ; Inapplicable ; Inapplicable ; Inapplicable ; Inapplicable ; Pass         ; Inapplicable ; Inapplicable ; Inapplicable ; Inapplicable ; Pass         ; Inapplicable ; Inapplicable ; Inapplicable ; Inapplicable ; Inapplicable ; Pass      ; Inapplicable ; Inapplicable ;
; ADDR_Prog[5]       ; Inapplicable ; Inapplicable ; Inapplicable ; Inapplicable ; Inapplicable ; Pass      ; Inapplicable ; Inapplicable ; Pass      ; Pass      ; Inapplicable ; Pass         ; Inapplicable ; Inapplicable ; Inapplicable ; Inapplicable ; Pass         ; Inapplicable ; Inapplicable ; Inapplicable ; Inapplicable ; Pass         ; Inapplicable ; Inapplicable ; Inapplicable ; Inapplicable ; Inapplicable ; Pass      ; Inapplicable ; Inapplicable ;
; ADDR_Prog[6]       ; Inapplicable ; Inapplicable ; Inapplicable ; Inapplicable ; Inapplicable ; Pass      ; Inapplicable ; Inapplicable ; Pass      ; Pass      ; Inapplicable ; Pass         ; Inapplicable ; Inapplicable ; Inapplicable ; Inapplicable ; Pass         ; Inapplicable ; Inapplicable ; Inapplicable ; Inapplicable ; Pass         ; Inapplicable ; Inapplicable ; Inapplicable ; Inapplicable ; Inapplicable ; Pass      ; Inapplicable ; Inapplicable ;
; ADDR_Prog[7]       ; Inapplicable ; Inapplicable ; Inapplicable ; Inapplicable ; Inapplicable ; Pass      ; Inapplicable ; Inapplicable ; Pass      ; Pass      ; Inapplicable ; Pass         ; Inapplicable ; Inapplicable ; Inapplicable ; Inapplicable ; Pass         ; Inapplicable ; Inapplicable ; Inapplicable ; Inapplicable ; Pass         ; Inapplicable ; Inapplicable ; Inapplicable ; Inapplicable ; Inapplicable ; Pass      ; Inapplicable ; Inapplicable ;
; ADDR_Prog[8]       ; Inapplicable ; Inapplicable ; Inapplicable ; Inapplicable ; Inapplicable ; Pass      ; Inapplicable ; Inapplicable ; Pass      ; Pass      ; Inapplicable ; Pass         ; Inapplicable ; Inapplicable ; Inapplicable ; Inapplicable ; Pass         ; Inapplicable ; Inapplicable ; Inapplicable ; Inapplicable ; Pass         ; Inapplicable ; Inapplicable ; Inapplicable ; Inapplicable ; Inapplicable ; Pass      ; Inapplicable ; Inapplicable ;
; ADDR_Prog[9]       ; Inapplicable ; Inapplicable ; Inapplicable ; Inapplicable ; Inapplicable ; Pass      ; Inapplicable ; Inapplicable ; Pass      ; Pass      ; Inapplicable ; Pass         ; Inapplicable ; Inapplicable ; Inapplicable ; Inapplicable ; Pass         ; Inapplicable ; Inapplicable ; Inapplicable ; Inapplicable ; Pass         ; Inapplicable ; Inapplicable ; Inapplicable ; Inapplicable ; Inapplicable ; Pass      ; Inapplicable ; Inapplicable ;
; ADDR_Prog[10]      ; Inapplicable ; Inapplicable ; Inapplicable ; Inapplicable ; Inapplicable ; Pass      ; Inapplicable ; Inapplicable ; Pass      ; Pass      ; Inapplicable ; Pass         ; Inapplicable ; Inapplicable ; Inapplicable ; Inapplicable ; Pass         ; Inapplicable ; Inapplicable ; Inapplicable ; Inapplicable ; Pass         ; Inapplicable ; Inapplicable ; Inapplicable ; Inapplicable ; Inapplicable ; Pass      ; Inapplicable ; Inapplicable ;
; ADDR_Prog[11]      ; Inapplicable ; Inapplicable ; Inapplicable ; Inapplicable ; Inapplicable ; Pass      ; Inapplicable ; Inapplicable ; Pass      ; Pass      ; Inapplicable ; Pass         ; Inapplicable ; Inapplicable ; Inapplicable ; Inapplicable ; Pass         ; Inapplicable ; Inapplicable ; Inapplicable ; Inapplicable ; Pass         ; Inapplicable ; Inapplicable ; Inapplicable ; Inapplicable ; Inapplicable ; Pass      ; Inapplicable ; Inapplicable ;
; ADDR_Prog[12]      ; Inapplicable ; Inapplicable ; Inapplicable ; Inapplicable ; Inapplicable ; Pass      ; Inapplicable ; Inapplicable ; Pass      ; Pass      ; Inapplicable ; Pass         ; Inapplicable ; Inapplicable ; Inapplicable ; Inapplicable ; Pass         ; Inapplicable ; Inapplicable ; Inapplicable ; Inapplicable ; Pass         ; Inapplicable ; Inapplicable ; Inapplicable ; Inapplicable ; Inapplicable ; Pass      ; Inapplicable ; Inapplicable ;
; ADDR_Prog[13]      ; Inapplicable ; Inapplicable ; Inapplicable ; Inapplicable ; Inapplicable ; Pass      ; Inapplicable ; Inapplicable ; Pass      ; Pass      ; Inapplicable ; Pass         ; Inapplicable ; Inapplicable ; Inapplicable ; Inapplicable ; Pass         ; Inapplicable ; Inapplicable ; Inapplicable ; Inapplicable ; Pass         ; Inapplicable ; Inapplicable ; Inapplicable ; Inapplicable ; Inapplicable ; Pass      ; Inapplicable ; Inapplicable ;
; ADDR_Prog[14]      ; Inapplicable ; Inapplicable ; Inapplicable ; Inapplicable ; Inapplicable ; Pass      ; Inapplicable ; Inapplicable ; Pass      ; Pass      ; Inapplicable ; Pass         ; Inapplicable ; Inapplicable ; Inapplicable ; Inapplicable ; Pass         ; Inapplicable ; Inapplicable ; Inapplicable ; Inapplicable ; Pass         ; Inapplicable ; Inapplicable ; Inapplicable ; Inapplicable ; Inapplicable ; Pass      ; Inapplicable ; Inapplicable ;
; ADDR_Prog[15]      ; Inapplicable ; Inapplicable ; Inapplicable ; Inapplicable ; Inapplicable ; Pass      ; Inapplicable ; Inapplicable ; Pass      ; Pass      ; Inapplicable ; Pass         ; Inapplicable ; Inapplicable ; Inapplicable ; Inapplicable ; Pass         ; Inapplicable ; Inapplicable ; Inapplicable ; Inapplicable ; Pass         ; Inapplicable ; Inapplicable ; Inapplicable ; Inapplicable ; Inapplicable ; Pass      ; Inapplicable ; Inapplicable ;
; ADDR_Prog[16]      ; Inapplicable ; Inapplicable ; Inapplicable ; Inapplicable ; Inapplicable ; Pass      ; Inapplicable ; Inapplicable ; Pass      ; Pass      ; Inapplicable ; Pass         ; Inapplicable ; Inapplicable ; Inapplicable ; Inapplicable ; Pass         ; Inapplicable ; Inapplicable ; Inapplicable ; Inapplicable ; Pass         ; Inapplicable ; Inapplicable ; Inapplicable ; Inapplicable ; Inapplicable ; Pass      ; Inapplicable ; Inapplicable ;
; ADDR_Prog[17]      ; Inapplicable ; Inapplicable ; Inapplicable ; Inapplicable ; Inapplicable ; Pass      ; Inapplicable ; Inapplicable ; Pass      ; Pass      ; Inapplicable ; Pass         ; Inapplicable ; Inapplicable ; Inapplicable ; Inapplicable ; Pass         ; Inapplicable ; Inapplicable ; Inapplicable ; Inapplicable ; Pass         ; Inapplicable ; Inapplicable ; Inapplicable ; Inapplicable ; Inapplicable ; Pass      ; Inapplicable ; Inapplicable ;
; ADDR_Prog[18]      ; Inapplicable ; Inapplicable ; Inapplicable ; Inapplicable ; Inapplicable ; Pass      ; Inapplicable ; Inapplicable ; Pass      ; Pass      ; Inapplicable ; Pass         ; Inapplicable ; Inapplicable ; Inapplicable ; Inapplicable ; Pass         ; Inapplicable ; Inapplicable ; Inapplicable ; Inapplicable ; Pass         ; Inapplicable ; Inapplicable ; Inapplicable ; Inapplicable ; Inapplicable ; Pass      ; Inapplicable ; Inapplicable ;
; ADDR_Prog[19]      ; Inapplicable ; Inapplicable ; Inapplicable ; Inapplicable ; Inapplicable ; Pass      ; Inapplicable ; Inapplicable ; Pass      ; Pass      ; Inapplicable ; Pass         ; Inapplicable ; Inapplicable ; Inapplicable ; Inapplicable ; Pass         ; Inapplicable ; Inapplicable ; Inapplicable ; Inapplicable ; Pass         ; Inapplicable ; Inapplicable ; Inapplicable ; Inapplicable ; Inapplicable ; Pass      ; Inapplicable ; Inapplicable ;
; ADDR_Prog[20]      ; Inapplicable ; Inapplicable ; Inapplicable ; Inapplicable ; Inapplicable ; Pass      ; Inapplicable ; Inapplicable ; Pass      ; Pass      ; Inapplicable ; Pass         ; Inapplicable ; Inapplicable ; Inapplicable ; Inapplicable ; Pass         ; Inapplicable ; Inapplicable ; Inapplicable ; Inapplicable ; Pass         ; Inapplicable ; Inapplicable ; Inapplicable ; Inapplicable ; Inapplicable ; Pass      ; Inapplicable ; Inapplicable ;
; ADDR_Prog[21]      ; Inapplicable ; Inapplicable ; Inapplicable ; Inapplicable ; Inapplicable ; Pass      ; Inapplicable ; Inapplicable ; Pass      ; Pass      ; Inapplicable ; Pass         ; Inapplicable ; Inapplicable ; Inapplicable ; Inapplicable ; Pass         ; Inapplicable ; Inapplicable ; Inapplicable ; Inapplicable ; Pass         ; Inapplicable ; Inapplicable ; Inapplicable ; Inapplicable ; Inapplicable ; Pass      ; Inapplicable ; Inapplicable ;
; ADDR_Prog[22]      ; Inapplicable ; Inapplicable ; Inapplicable ; Inapplicable ; Inapplicable ; Pass      ; Inapplicable ; Inapplicable ; Pass      ; Pass      ; Inapplicable ; Pass         ; Inapplicable ; Inapplicable ; Inapplicable ; Inapplicable ; Pass         ; Inapplicable ; Inapplicable ; Inapplicable ; Inapplicable ; Pass         ; Inapplicable ; Inapplicable ; Inapplicable ; Inapplicable ; Inapplicable ; Pass      ; Inapplicable ; Inapplicable ;
; ADDR_Prog[23]      ; Inapplicable ; Inapplicable ; Inapplicable ; Inapplicable ; Inapplicable ; Pass      ; Inapplicable ; Inapplicable ; Pass      ; Pass      ; Inapplicable ; Pass         ; Inapplicable ; Inapplicable ; Inapplicable ; Inapplicable ; Pass         ; Inapplicable ; Inapplicable ; Inapplicable ; Inapplicable ; Pass         ; Inapplicable ; Inapplicable ; Inapplicable ; Inapplicable ; Inapplicable ; Pass      ; Inapplicable ; Inapplicable ;
; ADDR_Prog[24]      ; Inapplicable ; Inapplicable ; Inapplicable ; Inapplicable ; Inapplicable ; Pass      ; Inapplicable ; Inapplicable ; Pass      ; Pass      ; Inapplicable ; Pass         ; Inapplicable ; Inapplicable ; Inapplicable ; Inapplicable ; Pass         ; Inapplicable ; Inapplicable ; Inapplicable ; Inapplicable ; Pass         ; Inapplicable ; Inapplicable ; Inapplicable ; Inapplicable ; Inapplicable ; Pass      ; Inapplicable ; Inapplicable ;
; ADDR_Prog[25]      ; Inapplicable ; Inapplicable ; Inapplicable ; Inapplicable ; Inapplicable ; Pass      ; Inapplicable ; Inapplicable ; Pass      ; Pass      ; Inapplicable ; Pass         ; Inapplicable ; Inapplicable ; Inapplicable ; Inapplicable ; Pass         ; Inapplicable ; Inapplicable ; Inapplicable ; Inapplicable ; Pass         ; Inapplicable ; Inapplicable ; Inapplicable ; Inapplicable ; Inapplicable ; Pass      ; Inapplicable ; Inapplicable ;
; ADDR_Prog[26]      ; Inapplicable ; Inapplicable ; Inapplicable ; Inapplicable ; Inapplicable ; Pass      ; Inapplicable ; Inapplicable ; Pass      ; Pass      ; Inapplicable ; Pass         ; Inapplicable ; Inapplicable ; Inapplicable ; Inapplicable ; Pass         ; Inapplicable ; Inapplicable ; Inapplicable ; Inapplicable ; Pass         ; Inapplicable ; Inapplicable ; Inapplicable ; Inapplicable ; Inapplicable ; Pass      ; Inapplicable ; Inapplicable ;
; ADDR_Prog[27]      ; Inapplicable ; Inapplicable ; Inapplicable ; Inapplicable ; Inapplicable ; Pass      ; Inapplicable ; Inapplicable ; Pass      ; Pass      ; Inapplicable ; Pass         ; Inapplicable ; Inapplicable ; Inapplicable ; Inapplicable ; Pass         ; Inapplicable ; Inapplicable ; Inapplicable ; Inapplicable ; Pass         ; Inapplicable ; Inapplicable ; Inapplicable ; Inapplicable ; Inapplicable ; Pass      ; Inapplicable ; Inapplicable ;
; ADDR_Prog[28]      ; Inapplicable ; Inapplicable ; Inapplicable ; Inapplicable ; Inapplicable ; Pass      ; Inapplicable ; Inapplicable ; Pass      ; Pass      ; Inapplicable ; Pass         ; Inapplicable ; Inapplicable ; Inapplicable ; Inapplicable ; Pass         ; Inapplicable ; Inapplicable ; Inapplicable ; Inapplicable ; Pass         ; Inapplicable ; Inapplicable ; Inapplicable ; Inapplicable ; Inapplicable ; Pass      ; Inapplicable ; Inapplicable ;
; ADDR_Prog[29]      ; Inapplicable ; Inapplicable ; Inapplicable ; Inapplicable ; Inapplicable ; Pass      ; Inapplicable ; Inapplicable ; Pass      ; Pass      ; Inapplicable ; Pass         ; Inapplicable ; Inapplicable ; Inapplicable ; Inapplicable ; Pass         ; Inapplicable ; Inapplicable ; Inapplicable ; Inapplicable ; Pass         ; Inapplicable ; Inapplicable ; Inapplicable ; Inapplicable ; Inapplicable ; Pass      ; Inapplicable ; Inapplicable ;
; ADDR_Prog[30]      ; Inapplicable ; Inapplicable ; Inapplicable ; Inapplicable ; Inapplicable ; Pass      ; Inapplicable ; Inapplicable ; Pass      ; Pass      ; Inapplicable ; Pass         ; Inapplicable ; Inapplicable ; Inapplicable ; Inapplicable ; Pass         ; Inapplicable ; Inapplicable ; Inapplicable ; Inapplicable ; Pass         ; Inapplicable ; Inapplicable ; Inapplicable ; Inapplicable ; Inapplicable ; Pass      ; Inapplicable ; Inapplicable ;
; ADDR_Prog[31]      ; Inapplicable ; Inapplicable ; Inapplicable ; Inapplicable ; Inapplicable ; Pass      ; Inapplicable ; Inapplicable ; Pass      ; Pass      ; Inapplicable ; Pass         ; Inapplicable ; Inapplicable ; Inapplicable ; Inapplicable ; Pass         ; Inapplicable ; Inapplicable ; Inapplicable ; Inapplicable ; Pass         ; Inapplicable ; Inapplicable ; Inapplicable ; Inapplicable ; Inapplicable ; Pass      ; Inapplicable ; Inapplicable ;
; CS                 ; Inapplicable ; Inapplicable ; Inapplicable ; Inapplicable ; Inapplicable ; Pass      ; Inapplicable ; Inapplicable ; Pass      ; Pass      ; Inapplicable ; Pass         ; Inapplicable ; Inapplicable ; Inapplicable ; Inapplicable ; Pass         ; Inapplicable ; Inapplicable ; Inapplicable ; Inapplicable ; Pass         ; Inapplicable ; Inapplicable ; Inapplicable ; Inapplicable ; Inapplicable ; Pass      ; Inapplicable ; Inapplicable ;
; WE                 ; Inapplicable ; Inapplicable ; Inapplicable ; Inapplicable ; Inapplicable ; Pass      ; Inapplicable ; Inapplicable ; Pass      ; Pass      ; Inapplicable ; Pass         ; Inapplicable ; Inapplicable ; Inapplicable ; Inapplicable ; Pass         ; Inapplicable ; Inapplicable ; Inapplicable ; Inapplicable ; Pass         ; Inapplicable ; Inapplicable ; Inapplicable ; Inapplicable ; Inapplicable ; Pass      ; Inapplicable ; Inapplicable ;
; CS_P               ; Inapplicable ; Inapplicable ; Inapplicable ; Inapplicable ; Inapplicable ; Pass      ; Inapplicable ; Inapplicable ; Pass      ; Pass      ; Inapplicable ; Pass         ; Inapplicable ; Inapplicable ; Inapplicable ; Inapplicable ; Pass         ; Inapplicable ; Inapplicable ; Inapplicable ; Inapplicable ; Pass         ; Inapplicable ; Inapplicable ; Inapplicable ; Inapplicable ; Inapplicable ; Pass      ; Inapplicable ; Inapplicable ;
; Reset              ; Inapplicable ; Inapplicable ; Inapplicable ; Inapplicable ; Inapplicable ; Pass      ; Inapplicable ; Inapplicable ; Pass      ; Pass      ; Inapplicable ; Inapplicable ; Inapplicable ; Inapplicable ; Pass         ; Inapplicable ; Inapplicable ; Pass         ; Inapplicable ; Inapplicable ; Inapplicable ; Inapplicable ; Inapplicable ; Inapplicable ; Inapplicable ; Inapplicable ; Inapplicable ; Pass      ; Inapplicable ; Inapplicable ;
; Prog_BUS_READ[16]  ; Inapplicable ; Inapplicable ; Inapplicable ; Inapplicable ; Inapplicable ; Pass      ; Inapplicable ; Inapplicable ; Pass      ; Pass      ; Inapplicable ; Inapplicable ; Inapplicable ; Inapplicable ; Pass         ; Inapplicable ; Inapplicable ; Pass         ; Inapplicable ; Inapplicable ; Inapplicable ; Inapplicable ; Inapplicable ; Inapplicable ; Inapplicable ; Inapplicable ; Inapplicable ; Pass      ; Inapplicable ; Inapplicable ;
; Prog_BUS_READ[20]  ; Inapplicable ; Inapplicable ; Inapplicable ; Inapplicable ; Inapplicable ; Pass      ; Inapplicable ; Inapplicable ; Pass      ; Pass      ; Inapplicable ; Inapplicable ; Inapplicable ; Inapplicable ; Pass         ; Inapplicable ; Inapplicable ; Pass         ; Inapplicable ; Inapplicable ; Inapplicable ; Inapplicable ; Inapplicable ; Inapplicable ; Inapplicable ; Inapplicable ; Inapplicable ; Pass      ; Inapplicable ; Inapplicable ;
; Prog_BUS_READ[19]  ; Inapplicable ; Inapplicable ; Inapplicable ; Inapplicable ; Inapplicable ; Pass      ; Inapplicable ; Inapplicable ; Pass      ; Pass      ; Inapplicable ; Inapplicable ; Inapplicable ; Inapplicable ; Pass         ; Inapplicable ; Inapplicable ; Pass         ; Inapplicable ; Inapplicable ; Inapplicable ; Inapplicable ; Inapplicable ; Inapplicable ; Inapplicable ; Inapplicable ; Inapplicable ; Pass      ; Inapplicable ; Inapplicable ;
; Prog_BUS_READ[18]  ; Inapplicable ; Inapplicable ; Inapplicable ; Inapplicable ; Inapplicable ; Pass      ; Inapplicable ; Inapplicable ; Pass      ; Pass      ; Inapplicable ; Inapplicable ; Inapplicable ; Inapplicable ; Pass         ; Inapplicable ; Inapplicable ; Pass         ; Inapplicable ; Inapplicable ; Inapplicable ; Inapplicable ; Inapplicable ; Inapplicable ; Inapplicable ; Inapplicable ; Inapplicable ; Pass      ; Inapplicable ; Inapplicable ;
; Prog_BUS_READ[17]  ; Inapplicable ; Inapplicable ; Inapplicable ; Inapplicable ; Inapplicable ; Pass      ; Inapplicable ; Inapplicable ; Pass      ; Pass      ; Inapplicable ; Inapplicable ; Inapplicable ; Inapplicable ; Pass         ; Inapplicable ; Inapplicable ; Pass         ; Inapplicable ; Inapplicable ; Inapplicable ; Inapplicable ; Inapplicable ; Inapplicable ; Inapplicable ; Inapplicable ; Inapplicable ; Pass      ; Inapplicable ; Inapplicable ;
; CLK                ; Inapplicable ; Inapplicable ; Inapplicable ; Inapplicable ; Inapplicable ; Pass      ; Inapplicable ; Inapplicable ; Pass      ; Pass      ; Inapplicable ; Inapplicable ; Inapplicable ; Inapplicable ; Pass         ; Inapplicable ; Inapplicable ; Pass         ; Inapplicable ; Inapplicable ; Inapplicable ; Inapplicable ; Inapplicable ; Inapplicable ; Inapplicable ; Inapplicable ; Inapplicable ; Pass      ; Inapplicable ; Inapplicable ;
; Prog_BUS_READ[27]  ; Inapplicable ; Inapplicable ; Inapplicable ; Inapplicable ; Inapplicable ; Pass      ; Inapplicable ; Inapplicable ; Pass      ; Pass      ; Inapplicable ; Inapplicable ; Inapplicable ; Inapplicable ; Pass         ; Inapplicable ; Inapplicable ; Pass         ; Inapplicable ; Inapplicable ; Inapplicable ; Inapplicable ; Inapplicable ; Inapplicable ; Inapplicable ; Inapplicable ; Inapplicable ; Pass      ; Inapplicable ; Inapplicable ;
; Prog_BUS_READ[30]  ; Inapplicable ; Inapplicable ; Inapplicable ; Inapplicable ; Inapplicable ; Pass      ; Inapplicable ; Inapplicable ; Pass      ; Pass      ; Inapplicable ; Inapplicable ; Inapplicable ; Inapplicable ; Pass         ; Inapplicable ; Inapplicable ; Pass         ; Inapplicable ; Inapplicable ; Inapplicable ; Inapplicable ; Inapplicable ; Inapplicable ; Inapplicable ; Inapplicable ; Inapplicable ; Pass      ; Inapplicable ; Inapplicable ;
; Prog_BUS_READ[26]  ; Inapplicable ; Inapplicable ; Inapplicable ; Inapplicable ; Inapplicable ; Pass      ; Inapplicable ; Inapplicable ; Pass      ; Pass      ; Inapplicable ; Inapplicable ; Inapplicable ; Inapplicable ; Pass         ; Inapplicable ; Inapplicable ; Pass         ; Inapplicable ; Inapplicable ; Inapplicable ; Inapplicable ; Inapplicable ; Inapplicable ; Inapplicable ; Inapplicable ; Inapplicable ; Pass      ; Inapplicable ; Inapplicable ;
; Prog_BUS_READ[31]  ; Inapplicable ; Inapplicable ; Inapplicable ; Inapplicable ; Inapplicable ; Pass      ; Inapplicable ; Inapplicable ; Pass      ; Pass      ; Inapplicable ; Inapplicable ; Inapplicable ; Inapplicable ; Pass         ; Inapplicable ; Inapplicable ; Pass         ; Inapplicable ; Inapplicable ; Inapplicable ; Inapplicable ; Inapplicable ; Inapplicable ; Inapplicable ; Inapplicable ; Inapplicable ; Pass      ; Inapplicable ; Inapplicable ;
; Prog_BUS_READ[28]  ; Inapplicable ; Inapplicable ; Inapplicable ; Inapplicable ; Inapplicable ; Pass      ; Inapplicable ; Inapplicable ; Pass      ; Pass      ; Inapplicable ; Inapplicable ; Inapplicable ; Inapplicable ; Pass         ; Inapplicable ; Inapplicable ; Pass         ; Inapplicable ; Inapplicable ; Inapplicable ; Inapplicable ; Inapplicable ; Inapplicable ; Inapplicable ; Inapplicable ; Inapplicable ; Pass      ; Inapplicable ; Inapplicable ;
; Prog_BUS_READ[29]  ; Inapplicable ; Inapplicable ; Inapplicable ; Inapplicable ; Inapplicable ; Pass      ; Inapplicable ; Inapplicable ; Pass      ; Pass      ; Inapplicable ; Inapplicable ; Inapplicable ; Inapplicable ; Pass         ; Inapplicable ; Inapplicable ; Pass         ; Inapplicable ; Inapplicable ; Inapplicable ; Inapplicable ; Inapplicable ; Inapplicable ; Inapplicable ; Inapplicable ; Inapplicable ; Pass      ; Inapplicable ; Inapplicable ;
; Prog_BUS_READ[0]   ; Inapplicable ; Inapplicable ; Inapplicable ; Inapplicable ; Inapplicable ; Pass      ; Inapplicable ; Inapplicable ; Pass      ; Pass      ; Inapplicable ; Inapplicable ; Inapplicable ; Inapplicable ; Pass         ; Inapplicable ; Inapplicable ; Pass         ; Inapplicable ; Inapplicable ; Inapplicable ; Inapplicable ; Inapplicable ; Inapplicable ; Inapplicable ; Inapplicable ; Inapplicable ; Pass      ; Inapplicable ; Inapplicable ;
; Prog_BUS_READ[1]   ; Inapplicable ; Inapplicable ; Inapplicable ; Inapplicable ; Inapplicable ; Pass      ; Inapplicable ; Inapplicable ; Pass      ; Pass      ; Inapplicable ; Inapplicable ; Inapplicable ; Inapplicable ; Pass         ; Inapplicable ; Inapplicable ; Pass         ; Inapplicable ; Inapplicable ; Inapplicable ; Inapplicable ; Inapplicable ; Inapplicable ; Inapplicable ; Inapplicable ; Inapplicable ; Pass      ; Inapplicable ; Inapplicable ;
; Prog_BUS_READ[2]   ; Inapplicable ; Inapplicable ; Inapplicable ; Inapplicable ; Inapplicable ; Pass      ; Inapplicable ; Inapplicable ; Pass      ; Pass      ; Inapplicable ; Inapplicable ; Inapplicable ; Inapplicable ; Pass         ; Inapplicable ; Inapplicable ; Pass         ; Inapplicable ; Inapplicable ; Inapplicable ; Inapplicable ; Inapplicable ; Inapplicable ; Inapplicable ; Inapplicable ; Inapplicable ; Pass      ; Inapplicable ; Inapplicable ;
; Prog_BUS_READ[4]   ; Inapplicable ; Inapplicable ; Inapplicable ; Inapplicable ; Inapplicable ; Pass      ; Inapplicable ; Inapplicable ; Pass      ; Pass      ; Inapplicable ; Inapplicable ; Inapplicable ; Inapplicable ; Pass         ; Inapplicable ; Inapplicable ; Pass         ; Inapplicable ; Inapplicable ; Inapplicable ; Inapplicable ; Inapplicable ; Inapplicable ; Inapplicable ; Inapplicable ; Inapplicable ; Pass      ; Inapplicable ; Inapplicable ;
; Prog_BUS_READ[5]   ; Inapplicable ; Inapplicable ; Inapplicable ; Inapplicable ; Inapplicable ; Pass      ; Inapplicable ; Inapplicable ; Pass      ; Pass      ; Inapplicable ; Inapplicable ; Inapplicable ; Inapplicable ; Pass         ; Inapplicable ; Inapplicable ; Pass         ; Inapplicable ; Inapplicable ; Inapplicable ; Inapplicable ; Inapplicable ; Inapplicable ; Inapplicable ; Inapplicable ; Inapplicable ; Pass      ; Inapplicable ; Inapplicable ;
; Prog_BUS_READ[3]   ; Inapplicable ; Inapplicable ; Inapplicable ; Inapplicable ; Inapplicable ; Pass      ; Inapplicable ; Inapplicable ; Pass      ; Pass      ; Inapplicable ; Inapplicable ; Inapplicable ; Inapplicable ; Pass         ; Inapplicable ; Inapplicable ; Pass         ; Inapplicable ; Inapplicable ; Inapplicable ; Inapplicable ; Inapplicable ; Inapplicable ; Inapplicable ; Inapplicable ; Inapplicable ; Pass      ; Inapplicable ; Inapplicable ;
; Prog_BUS_READ[21]  ; Inapplicable ; Inapplicable ; Inapplicable ; Inapplicable ; Inapplicable ; Pass      ; Inapplicable ; Inapplicable ; Pass      ; Pass      ; Inapplicable ; Inapplicable ; Inapplicable ; Inapplicable ; Pass         ; Inapplicable ; Inapplicable ; Pass         ; Inapplicable ; Inapplicable ; Inapplicable ; Inapplicable ; Inapplicable ; Inapplicable ; Inapplicable ; Inapplicable ; Inapplicable ; Pass      ; Inapplicable ; Inapplicable ;
; Prog_BUS_READ[25]  ; Inapplicable ; Inapplicable ; Inapplicable ; Inapplicable ; Inapplicable ; Pass      ; Inapplicable ; Inapplicable ; Pass      ; Pass      ; Inapplicable ; Inapplicable ; Inapplicable ; Inapplicable ; Pass         ; Inapplicable ; Inapplicable ; Pass         ; Inapplicable ; Inapplicable ; Inapplicable ; Inapplicable ; Inapplicable ; Inapplicable ; Inapplicable ; Inapplicable ; Inapplicable ; Pass      ; Inapplicable ; Inapplicable ;
; Prog_BUS_READ[24]  ; Inapplicable ; Inapplicable ; Inapplicable ; Inapplicable ; Inapplicable ; Pass      ; Inapplicable ; Inapplicable ; Pass      ; Pass      ; Inapplicable ; Inapplicable ; Inapplicable ; Inapplicable ; Pass         ; Inapplicable ; Inapplicable ; Pass         ; Inapplicable ; Inapplicable ; Inapplicable ; Inapplicable ; Inapplicable ; Inapplicable ; Inapplicable ; Inapplicable ; Inapplicable ; Pass      ; Inapplicable ; Inapplicable ;
; Prog_BUS_READ[23]  ; Inapplicable ; Inapplicable ; Inapplicable ; Inapplicable ; Inapplicable ; Pass      ; Inapplicable ; Inapplicable ; Pass      ; Pass      ; Inapplicable ; Inapplicable ; Inapplicable ; Inapplicable ; Pass         ; Inapplicable ; Inapplicable ; Pass         ; Inapplicable ; Inapplicable ; Inapplicable ; Inapplicable ; Inapplicable ; Inapplicable ; Inapplicable ; Inapplicable ; Inapplicable ; Pass      ; Inapplicable ; Inapplicable ;
; Prog_BUS_READ[22]  ; Inapplicable ; Inapplicable ; Inapplicable ; Inapplicable ; Inapplicable ; Pass      ; Inapplicable ; Inapplicable ; Pass      ; Pass      ; Inapplicable ; Inapplicable ; Inapplicable ; Inapplicable ; Pass         ; Inapplicable ; Inapplicable ; Pass         ; Inapplicable ; Inapplicable ; Inapplicable ; Inapplicable ; Inapplicable ; Inapplicable ; Inapplicable ; Inapplicable ; Inapplicable ; Pass      ; Inapplicable ; Inapplicable ;
; Data_BUS_READ[0]   ; Inapplicable ; Inapplicable ; Inapplicable ; Inapplicable ; Inapplicable ; Pass      ; Inapplicable ; Inapplicable ; Pass      ; Pass      ; Inapplicable ; Inapplicable ; Inapplicable ; Inapplicable ; Pass         ; Inapplicable ; Inapplicable ; Pass         ; Inapplicable ; Inapplicable ; Inapplicable ; Inapplicable ; Inapplicable ; Inapplicable ; Inapplicable ; Inapplicable ; Inapplicable ; Pass      ; Inapplicable ; Inapplicable ;
; Data_BUS_READ[1]   ; Inapplicable ; Inapplicable ; Inapplicable ; Inapplicable ; Inapplicable ; Pass      ; Inapplicable ; Inapplicable ; Pass      ; Pass      ; Inapplicable ; Inapplicable ; Inapplicable ; Inapplicable ; Pass         ; Inapplicable ; Inapplicable ; Pass         ; Inapplicable ; Inapplicable ; Inapplicable ; Inapplicable ; Inapplicable ; Inapplicable ; Inapplicable ; Inapplicable ; Inapplicable ; Pass      ; Inapplicable ; Inapplicable ;
; Data_BUS_READ[2]   ; Inapplicable ; Inapplicable ; Inapplicable ; Inapplicable ; Inapplicable ; Pass      ; Inapplicable ; Inapplicable ; Pass      ; Pass      ; Inapplicable ; Inapplicable ; Inapplicable ; Inapplicable ; Pass         ; Inapplicable ; Inapplicable ; Pass         ; Inapplicable ; Inapplicable ; Inapplicable ; Inapplicable ; Inapplicable ; Inapplicable ; Inapplicable ; Inapplicable ; Inapplicable ; Pass      ; Inapplicable ; Inapplicable ;
; Data_BUS_READ[3]   ; Inapplicable ; Inapplicable ; Inapplicable ; Inapplicable ; Inapplicable ; Pass      ; Inapplicable ; Inapplicable ; Pass      ; Pass      ; Inapplicable ; Inapplicable ; Inapplicable ; Inapplicable ; Pass         ; Inapplicable ; Inapplicable ; Pass         ; Inapplicable ; Inapplicable ; Inapplicable ; Inapplicable ; Inapplicable ; Inapplicable ; Inapplicable ; Inapplicable ; Inapplicable ; Pass      ; Inapplicable ; Inapplicable ;
; Data_BUS_READ[4]   ; Inapplicable ; Inapplicable ; Inapplicable ; Inapplicable ; Inapplicable ; Pass      ; Inapplicable ; Inapplicable ; Pass      ; Pass      ; Inapplicable ; Inapplicable ; Inapplicable ; Inapplicable ; Pass         ; Inapplicable ; Inapplicable ; Pass         ; Inapplicable ; Inapplicable ; Inapplicable ; Inapplicable ; Inapplicable ; Inapplicable ; Inapplicable ; Inapplicable ; Inapplicable ; Pass      ; Inapplicable ; Inapplicable ;
; Data_BUS_READ[5]   ; Inapplicable ; Inapplicable ; Inapplicable ; Inapplicable ; Inapplicable ; Pass      ; Inapplicable ; Inapplicable ; Pass      ; Pass      ; Inapplicable ; Inapplicable ; Inapplicable ; Inapplicable ; Pass         ; Inapplicable ; Inapplicable ; Pass         ; Inapplicable ; Inapplicable ; Inapplicable ; Inapplicable ; Inapplicable ; Inapplicable ; Inapplicable ; Inapplicable ; Inapplicable ; Pass      ; Inapplicable ; Inapplicable ;
; Data_BUS_READ[6]   ; Inapplicable ; Inapplicable ; Inapplicable ; Inapplicable ; Inapplicable ; Pass      ; Inapplicable ; Inapplicable ; Pass      ; Pass      ; Inapplicable ; Inapplicable ; Inapplicable ; Inapplicable ; Pass         ; Inapplicable ; Inapplicable ; Pass         ; Inapplicable ; Inapplicable ; Inapplicable ; Inapplicable ; Inapplicable ; Inapplicable ; Inapplicable ; Inapplicable ; Inapplicable ; Pass      ; Inapplicable ; Inapplicable ;
; Data_BUS_READ[7]   ; Inapplicable ; Inapplicable ; Inapplicable ; Inapplicable ; Inapplicable ; Pass      ; Inapplicable ; Inapplicable ; Pass      ; Pass      ; Inapplicable ; Inapplicable ; Inapplicable ; Inapplicable ; Pass         ; Inapplicable ; Inapplicable ; Pass         ; Inapplicable ; Inapplicable ; Inapplicable ; Inapplicable ; Inapplicable ; Inapplicable ; Inapplicable ; Inapplicable ; Inapplicable ; Pass      ; Inapplicable ; Inapplicable ;
; Data_BUS_READ[8]   ; Inapplicable ; Inapplicable ; Inapplicable ; Inapplicable ; Inapplicable ; Pass      ; Inapplicable ; Inapplicable ; Pass      ; Pass      ; Inapplicable ; Inapplicable ; Inapplicable ; Inapplicable ; Pass         ; Inapplicable ; Inapplicable ; Pass         ; Inapplicable ; Inapplicable ; Inapplicable ; Inapplicable ; Inapplicable ; Inapplicable ; Inapplicable ; Inapplicable ; Inapplicable ; Pass      ; Inapplicable ; Inapplicable ;
; Data_BUS_READ[9]   ; Inapplicable ; Inapplicable ; Inapplicable ; Inapplicable ; Inapplicable ; Pass      ; Inapplicable ; Inapplicable ; Pass      ; Pass      ; Inapplicable ; Inapplicable ; Inapplicable ; Inapplicable ; Pass         ; Inapplicable ; Inapplicable ; Pass         ; Inapplicable ; Inapplicable ; Inapplicable ; Inapplicable ; Inapplicable ; Inapplicable ; Inapplicable ; Inapplicable ; Inapplicable ; Pass      ; Inapplicable ; Inapplicable ;
; Data_BUS_READ[10]  ; Inapplicable ; Inapplicable ; Inapplicable ; Inapplicable ; Inapplicable ; Pass      ; Inapplicable ; Inapplicable ; Pass      ; Pass      ; Inapplicable ; Inapplicable ; Inapplicable ; Inapplicable ; Pass         ; Inapplicable ; Inapplicable ; Pass         ; Inapplicable ; Inapplicable ; Inapplicable ; Inapplicable ; Inapplicable ; Inapplicable ; Inapplicable ; Inapplicable ; Inapplicable ; Pass      ; Inapplicable ; Inapplicable ;
; Data_BUS_READ[11]  ; Inapplicable ; Inapplicable ; Inapplicable ; Inapplicable ; Inapplicable ; Pass      ; Inapplicable ; Inapplicable ; Pass      ; Pass      ; Inapplicable ; Inapplicable ; Inapplicable ; Inapplicable ; Pass         ; Inapplicable ; Inapplicable ; Pass         ; Inapplicable ; Inapplicable ; Inapplicable ; Inapplicable ; Inapplicable ; Inapplicable ; Inapplicable ; Inapplicable ; Inapplicable ; Pass      ; Inapplicable ; Inapplicable ;
; Data_BUS_READ[12]  ; Inapplicable ; Inapplicable ; Inapplicable ; Inapplicable ; Inapplicable ; Pass      ; Inapplicable ; Inapplicable ; Pass      ; Pass      ; Inapplicable ; Inapplicable ; Inapplicable ; Inapplicable ; Pass         ; Inapplicable ; Inapplicable ; Pass         ; Inapplicable ; Inapplicable ; Inapplicable ; Inapplicable ; Inapplicable ; Inapplicable ; Inapplicable ; Inapplicable ; Inapplicable ; Pass      ; Inapplicable ; Inapplicable ;
; Data_BUS_READ[13]  ; Inapplicable ; Inapplicable ; Inapplicable ; Inapplicable ; Inapplicable ; Pass      ; Inapplicable ; Inapplicable ; Pass      ; Pass      ; Inapplicable ; Inapplicable ; Inapplicable ; Inapplicable ; Pass         ; Inapplicable ; Inapplicable ; Pass         ; Inapplicable ; Inapplicable ; Inapplicable ; Inapplicable ; Inapplicable ; Inapplicable ; Inapplicable ; Inapplicable ; Inapplicable ; Pass      ; Inapplicable ; Inapplicable ;
; Data_BUS_READ[14]  ; Inapplicable ; Inapplicable ; Inapplicable ; Inapplicable ; Inapplicable ; Pass      ; Inapplicable ; Inapplicable ; Pass      ; Pass      ; Inapplicable ; Inapplicable ; Inapplicable ; Inapplicable ; Pass         ; Inapplicable ; Inapplicable ; Pass         ; Inapplicable ; Inapplicable ; Inapplicable ; Inapplicable ; Inapplicable ; Inapplicable ; Inapplicable ; Inapplicable ; Inapplicable ; Pass      ; Inapplicable ; Inapplicable ;
; Data_BUS_READ[15]  ; Inapplicable ; Inapplicable ; Inapplicable ; Inapplicable ; Inapplicable ; Pass      ; Inapplicable ; Inapplicable ; Pass      ; Pass      ; Inapplicable ; Inapplicable ; Inapplicable ; Inapplicable ; Pass         ; Inapplicable ; Inapplicable ; Pass         ; Inapplicable ; Inapplicable ; Inapplicable ; Inapplicable ; Inapplicable ; Inapplicable ; Inapplicable ; Inapplicable ; Inapplicable ; Pass      ; Inapplicable ; Inapplicable ;
; Data_BUS_READ[16]  ; Inapplicable ; Inapplicable ; Inapplicable ; Inapplicable ; Inapplicable ; Pass      ; Inapplicable ; Inapplicable ; Pass      ; Pass      ; Inapplicable ; Inapplicable ; Inapplicable ; Inapplicable ; Pass         ; Inapplicable ; Inapplicable ; Pass         ; Inapplicable ; Inapplicable ; Inapplicable ; Inapplicable ; Inapplicable ; Inapplicable ; Inapplicable ; Inapplicable ; Inapplicable ; Pass      ; Inapplicable ; Inapplicable ;
; Data_BUS_READ[17]  ; Inapplicable ; Inapplicable ; Inapplicable ; Inapplicable ; Inapplicable ; Pass      ; Inapplicable ; Inapplicable ; Pass      ; Pass      ; Inapplicable ; Inapplicable ; Inapplicable ; Inapplicable ; Pass         ; Inapplicable ; Inapplicable ; Pass         ; Inapplicable ; Inapplicable ; Inapplicable ; Inapplicable ; Inapplicable ; Inapplicable ; Inapplicable ; Inapplicable ; Inapplicable ; Pass      ; Inapplicable ; Inapplicable ;
; Data_BUS_READ[18]  ; Inapplicable ; Inapplicable ; Inapplicable ; Inapplicable ; Inapplicable ; Pass      ; Inapplicable ; Inapplicable ; Pass      ; Pass      ; Inapplicable ; Inapplicable ; Inapplicable ; Inapplicable ; Pass         ; Inapplicable ; Inapplicable ; Pass         ; Inapplicable ; Inapplicable ; Inapplicable ; Inapplicable ; Inapplicable ; Inapplicable ; Inapplicable ; Inapplicable ; Inapplicable ; Pass      ; Inapplicable ; Inapplicable ;
; Data_BUS_READ[19]  ; Inapplicable ; Inapplicable ; Inapplicable ; Inapplicable ; Inapplicable ; Pass      ; Inapplicable ; Inapplicable ; Pass      ; Pass      ; Inapplicable ; Inapplicable ; Inapplicable ; Inapplicable ; Pass         ; Inapplicable ; Inapplicable ; Pass         ; Inapplicable ; Inapplicable ; Inapplicable ; Inapplicable ; Inapplicable ; Inapplicable ; Inapplicable ; Inapplicable ; Inapplicable ; Pass      ; Inapplicable ; Inapplicable ;
; Data_BUS_READ[20]  ; Inapplicable ; Inapplicable ; Inapplicable ; Inapplicable ; Inapplicable ; Pass      ; Inapplicable ; Inapplicable ; Pass      ; Pass      ; Inapplicable ; Inapplicable ; Inapplicable ; Inapplicable ; Pass         ; Inapplicable ; Inapplicable ; Pass         ; Inapplicable ; Inapplicable ; Inapplicable ; Inapplicable ; Inapplicable ; Inapplicable ; Inapplicable ; Inapplicable ; Inapplicable ; Pass      ; Inapplicable ; Inapplicable ;
; Data_BUS_READ[21]  ; Inapplicable ; Inapplicable ; Inapplicable ; Inapplicable ; Inapplicable ; Pass      ; Inapplicable ; Inapplicable ; Pass      ; Pass      ; Inapplicable ; Inapplicable ; Inapplicable ; Inapplicable ; Pass         ; Inapplicable ; Inapplicable ; Pass         ; Inapplicable ; Inapplicable ; Inapplicable ; Inapplicable ; Inapplicable ; Inapplicable ; Inapplicable ; Inapplicable ; Inapplicable ; Pass      ; Inapplicable ; Inapplicable ;
; Data_BUS_READ[22]  ; Inapplicable ; Inapplicable ; Inapplicable ; Inapplicable ; Inapplicable ; Pass      ; Inapplicable ; Inapplicable ; Pass      ; Pass      ; Inapplicable ; Inapplicable ; Inapplicable ; Inapplicable ; Pass         ; Inapplicable ; Inapplicable ; Pass         ; Inapplicable ; Inapplicable ; Inapplicable ; Inapplicable ; Inapplicable ; Inapplicable ; Inapplicable ; Inapplicable ; Inapplicable ; Pass      ; Inapplicable ; Inapplicable ;
; Data_BUS_READ[23]  ; Inapplicable ; Inapplicable ; Inapplicable ; Inapplicable ; Inapplicable ; Pass      ; Inapplicable ; Inapplicable ; Pass      ; Pass      ; Inapplicable ; Inapplicable ; Inapplicable ; Inapplicable ; Pass         ; Inapplicable ; Inapplicable ; Pass         ; Inapplicable ; Inapplicable ; Inapplicable ; Inapplicable ; Inapplicable ; Inapplicable ; Inapplicable ; Inapplicable ; Inapplicable ; Pass      ; Inapplicable ; Inapplicable ;
; Data_BUS_READ[24]  ; Inapplicable ; Inapplicable ; Inapplicable ; Inapplicable ; Inapplicable ; Pass      ; Inapplicable ; Inapplicable ; Pass      ; Pass      ; Inapplicable ; Inapplicable ; Inapplicable ; Inapplicable ; Pass         ; Inapplicable ; Inapplicable ; Pass         ; Inapplicable ; Inapplicable ; Inapplicable ; Inapplicable ; Inapplicable ; Inapplicable ; Inapplicable ; Inapplicable ; Inapplicable ; Pass      ; Inapplicable ; Inapplicable ;
; Data_BUS_READ[25]  ; Inapplicable ; Inapplicable ; Inapplicable ; Inapplicable ; Inapplicable ; Pass      ; Inapplicable ; Inapplicable ; Pass      ; Pass      ; Inapplicable ; Inapplicable ; Inapplicable ; Inapplicable ; Pass         ; Inapplicable ; Inapplicable ; Pass         ; Inapplicable ; Inapplicable ; Inapplicable ; Inapplicable ; Inapplicable ; Inapplicable ; Inapplicable ; Inapplicable ; Inapplicable ; Pass      ; Inapplicable ; Inapplicable ;
; Data_BUS_READ[26]  ; Inapplicable ; Inapplicable ; Inapplicable ; Inapplicable ; Inapplicable ; Pass      ; Inapplicable ; Inapplicable ; Pass      ; Pass      ; Inapplicable ; Inapplicable ; Inapplicable ; Inapplicable ; Pass         ; Inapplicable ; Inapplicable ; Pass         ; Inapplicable ; Inapplicable ; Inapplicable ; Inapplicable ; Inapplicable ; Inapplicable ; Inapplicable ; Inapplicable ; Inapplicable ; Pass      ; Inapplicable ; Inapplicable ;
; Data_BUS_READ[27]  ; Inapplicable ; Inapplicable ; Inapplicable ; Inapplicable ; Inapplicable ; Pass      ; Inapplicable ; Inapplicable ; Pass      ; Pass      ; Inapplicable ; Inapplicable ; Inapplicable ; Inapplicable ; Pass         ; Inapplicable ; Inapplicable ; Pass         ; Inapplicable ; Inapplicable ; Inapplicable ; Inapplicable ; Inapplicable ; Inapplicable ; Inapplicable ; Inapplicable ; Inapplicable ; Pass      ; Inapplicable ; Inapplicable ;
; Data_BUS_READ[28]  ; Inapplicable ; Inapplicable ; Inapplicable ; Inapplicable ; Inapplicable ; Pass      ; Inapplicable ; Inapplicable ; Pass      ; Pass      ; Inapplicable ; Inapplicable ; Inapplicable ; Inapplicable ; Pass         ; Inapplicable ; Inapplicable ; Pass         ; Inapplicable ; Inapplicable ; Inapplicable ; Inapplicable ; Inapplicable ; Inapplicable ; Inapplicable ; Inapplicable ; Inapplicable ; Pass      ; Inapplicable ; Inapplicable ;
; Data_BUS_READ[29]  ; Inapplicable ; Inapplicable ; Inapplicable ; Inapplicable ; Inapplicable ; Pass      ; Inapplicable ; Inapplicable ; Pass      ; Pass      ; Inapplicable ; Inapplicable ; Inapplicable ; Inapplicable ; Pass         ; Inapplicable ; Inapplicable ; Pass         ; Inapplicable ; Inapplicable ; Inapplicable ; Inapplicable ; Inapplicable ; Inapplicable ; Inapplicable ; Inapplicable ; Inapplicable ; Pass      ; Inapplicable ; Inapplicable ;
; Data_BUS_READ[30]  ; Inapplicable ; Inapplicable ; Inapplicable ; Inapplicable ; Inapplicable ; Pass      ; Inapplicable ; Inapplicable ; Pass      ; Pass      ; Inapplicable ; Inapplicable ; Inapplicable ; Inapplicable ; Pass         ; Inapplicable ; Inapplicable ; Pass         ; Inapplicable ; Inapplicable ; Inapplicable ; Inapplicable ; Inapplicable ; Inapplicable ; Inapplicable ; Inapplicable ; Inapplicable ; Pass      ; Inapplicable ; Inapplicable ;
; Data_BUS_READ[31]  ; Inapplicable ; Inapplicable ; Inapplicable ; Inapplicable ; Inapplicable ; Pass      ; Inapplicable ; Inapplicable ; Pass      ; Pass      ; Inapplicable ; Inapplicable ; Inapplicable ; Inapplicable ; Pass         ; Inapplicable ; Inapplicable ; Pass         ; Inapplicable ; Inapplicable ; Inapplicable ; Inapplicable ; Inapplicable ; Inapplicable ; Inapplicable ; Inapplicable ; Inapplicable ; Pass      ; Inapplicable ; Inapplicable ;
; Prog_BUS_READ[11]  ; Inapplicable ; Inapplicable ; Inapplicable ; Inapplicable ; Inapplicable ; Pass      ; Inapplicable ; Inapplicable ; Pass      ; Pass      ; Inapplicable ; Inapplicable ; Inapplicable ; Inapplicable ; Pass         ; Inapplicable ; Inapplicable ; Pass         ; Inapplicable ; Inapplicable ; Inapplicable ; Inapplicable ; Inapplicable ; Inapplicable ; Inapplicable ; Inapplicable ; Inapplicable ; Pass      ; Inapplicable ; Inapplicable ;
; Prog_BUS_READ[12]  ; Inapplicable ; Inapplicable ; Inapplicable ; Inapplicable ; Inapplicable ; Pass      ; Inapplicable ; Inapplicable ; Pass      ; Pass      ; Inapplicable ; Inapplicable ; Inapplicable ; Inapplicable ; Pass         ; Inapplicable ; Inapplicable ; Pass         ; Inapplicable ; Inapplicable ; Inapplicable ; Inapplicable ; Inapplicable ; Inapplicable ; Inapplicable ; Inapplicable ; Inapplicable ; Pass      ; Inapplicable ; Inapplicable ;
; Prog_BUS_READ[13]  ; Inapplicable ; Inapplicable ; Inapplicable ; Inapplicable ; Inapplicable ; Pass      ; Inapplicable ; Inapplicable ; Pass      ; Pass      ; Inapplicable ; Inapplicable ; Inapplicable ; Inapplicable ; Pass         ; Inapplicable ; Inapplicable ; Pass         ; Inapplicable ; Inapplicable ; Inapplicable ; Inapplicable ; Inapplicable ; Inapplicable ; Inapplicable ; Inapplicable ; Inapplicable ; Pass      ; Inapplicable ; Inapplicable ;
; Prog_BUS_READ[14]  ; Inapplicable ; Inapplicable ; Inapplicable ; Inapplicable ; Inapplicable ; Pass      ; Inapplicable ; Inapplicable ; Pass      ; Pass      ; Inapplicable ; Inapplicable ; Inapplicable ; Inapplicable ; Pass         ; Inapplicable ; Inapplicable ; Pass         ; Inapplicable ; Inapplicable ; Inapplicable ; Inapplicable ; Inapplicable ; Inapplicable ; Inapplicable ; Inapplicable ; Inapplicable ; Pass      ; Inapplicable ; Inapplicable ;
; Prog_BUS_READ[15]  ; Inapplicable ; Inapplicable ; Inapplicable ; Inapplicable ; Inapplicable ; Pass      ; Inapplicable ; Inapplicable ; Pass      ; Pass      ; Inapplicable ; Inapplicable ; Inapplicable ; Inapplicable ; Pass         ; Inapplicable ; Inapplicable ; Pass         ; Inapplicable ; Inapplicable ; Inapplicable ; Inapplicable ; Inapplicable ; Inapplicable ; Inapplicable ; Inapplicable ; Inapplicable ; Pass      ; Inapplicable ; Inapplicable ;
+--------------------+--------------+--------------+--------------+--------------+--------------+-----------+--------------+--------------+-----------+-----------+--------------+--------------+--------------+--------------+--------------+--------------+--------------+--------------+--------------+--------------+--------------+--------------+--------------+--------------+--------------+--------------+--------------+-----------+--------------+--------------+


+-----------------------------------------------------------------------------------------------+
; Fitter Device Options                                                                         ;
+------------------------------------------------------------------+----------------------------+
; Option                                                           ; Setting                    ;
+------------------------------------------------------------------+----------------------------+
; Enable user-supplied start-up clock (CLKUSR)                     ; Off                        ;
; Enable device-wide reset (DEV_CLRn)                              ; Off                        ;
; Enable device-wide output enable (DEV_OE)                        ; Off                        ;
; Enable INIT_DONE output                                          ; Off                        ;
; Configuration scheme                                             ; Active Serial              ;
; Error detection CRC                                              ; Off                        ;
; Enable input tri-state on active configuration pins in user mode ; Off                        ;
; Active Serial clock source                                       ; 40 MHz Internal Oscillator ;
; Configuration Voltage Level                                      ; Auto                       ;
; Force Configuration Voltage Level                                ; Off                        ;
; nCEO                                                             ; As output driving ground   ;
; Data[0]                                                          ; As input tri-stated        ;
; Data[1]/ASDO                                                     ; As input tri-stated        ;
; Data[7..2]                                                       ; Unreserved                 ;
; FLASH_nCE/nCSO                                                   ; As input tri-stated        ;
; DCLK                                                             ; As output driving ground   ;
; Base pin-out file on sameframe device                            ; Off                        ;
+------------------------------------------------------------------+----------------------------+


+------------------------------------+
; Operating Settings and Conditions  ;
+---------------------------+--------+
; Setting                   ; Value  ;
+---------------------------+--------+
; Nominal Core Voltage      ; 1.20 V ;
; Low Junction Temperature  ; -40 °C ;
; High Junction Temperature ; 100 °C ;
+---------------------------+--------+


+------------------------------------------------------------+
; Estimated Delay Added for Hold Timing Summary              ;
+-----------------+----------------------+-------------------+
; Source Clock(s) ; Destination Clock(s) ; Delay Added in ns ;
+-----------------+----------------------+-------------------+
Note: For more information on problematic transfers, consider running the Fitter again with the Optimize hold timing option (Settings Menu) turned off.
This will disable optimization of problematic paths and expose them for further analysis using the Timing Analyzer.


+-------------------------------------------------------------------------------------------+
; Estimated Delay Added for Hold Timing Details                                             ;
+------------------------------------------------+----------------------+-------------------+
; Source Register                                ; Destination Register ; Delay Added in ns ;
+------------------------------------------------+----------------------+-------------------+
; Multiplicador:multiplicador|ACC:acc|Saidas[12] ; CS                   ; 0.179             ;
; Multiplicador:multiplicador|ACC:acc|Saidas[3]  ; CS                   ; 0.179             ;
; Multiplicador:multiplicador|ACC:acc|Saidas[4]  ; CS                   ; 0.179             ;
; Multiplicador:multiplicador|ACC:acc|Saidas[5]  ; CS                   ; 0.179             ;
+------------------------------------------------+----------------------+-------------------+
Note: This table only shows the top 4 path(s) that have the largest delay added for hold.


+-----------------+
; Fitter Messages ;
+-----------------+
Warning (18236): Number of processors has not been specified which may cause overloading on shared machines.  Set the global assignment NUM_PARALLEL_PROCESSORS in your QSF to an appropriate value for best performance.
Info (20030): Parallel compilation is enabled and will use 4 of the 4 processors detected
Info (119006): Selected device EP4CGX150DF31I7AD for design "cpu"
Info (21077): Low junction temperature is -40 degrees C
Info (21077): High junction temperature is 100 degrees C
Info (171003): Fitter is performing an Auto Fit compilation, which may decrease Fitter effort to reduce compilation time
Warning (292013): Feature LogicLock is only available with a valid subscription license. You can purchase a software subscription to gain full access to this feature.
Info (176444): Device migration not selected. If you intend to use device migration later, you may need to change the pin assignments as they may be incompatible with other devices
    Info (176445): Device EP4CGX150DF31C7 is compatible
    Info (176445): Device EP4CGX150DF31I7 is compatible
    Info (176445): Device EP4CGX110DF31C7 is compatible
    Info (176445): Device EP4CGX110DF31I7 is compatible
Info (169124): Fitter converted 5 user pins into dedicated programming pins
    Info (169125): Pin ~ALTERA_NCEO~ is reserved at location AE7
    Info (169125): Pin ~ALTERA_DATA0~ is reserved at location A3
    Info (169125): Pin ~ALTERA_ASDO_DATA1~ is reserved at location G9
    Info (169125): Pin ~ALTERA_NCSO~ is reserved at location B4
    Info (169125): Pin ~ALTERA_DCLK~ is reserved at location B3
Warning (15714): Some pins have incomplete I/O assignments. Refer to the I/O Assignment Warnings report for details
Info (176045): Design uses memory blocks. Violating setup or hold times of memory block address registers for either read or write operations could cause memory contents to be corrupted. Make sure that all memory block address registers meet the setup and hold time requirements.
Critical Warning (169085): No exact pin location assignment(s) for 165 pins of 165 total pins. For the list of pins please refer to the I/O Assignment Warnings table in the fitter report.
Info (15535): Implemented PLL "PLL:pll|altpll:altpll_component|PLL_altpll:auto_generated|pll1" as MPLL PLL type File: C:/Projects/RISCV-ELTD05/cpu.v Line: 35
    Info (15099): Implementing clock multiplication of 1, clock division of 1250, and phase shift of 0 degrees (0 ps) for CLK_SYS port File: C:/Projects/RISCV-ELTD05/cpu.v Line: 35
    Info (15099): Implementing clock multiplication of 3, clock division of 2500, and phase shift of 0 degrees (0 ps) for CLK_MUL port File: C:/Projects/RISCV-ELTD05/cpu.v Line: 35
Critical Warning (332012): Synopsys Design Constraints File file not found: 'cpu.sdc'. A Synopsys Design Constraints File is required by the Timing Analyzer to get proper timing constraints. Without it, the Compiler will not properly optimize the design.
Info (332144): No user constrained generated clocks found in the design
Info (332144): No user constrained base clocks found in the design
Info (332096): The command derive_clocks did not find any clocks to derive.  No clocks were created or changed.
Info (332143): No user constrained clock uncertainty found in the design. Calling "derive_clock_uncertainty"
Info (332154): The derive_clock_uncertainty command did not apply clock uncertainty to any clock-to-clock transfers.
Info (332130): Timing requirements not specified -- quality metrics such as performance may be sacrificed to reduce compilation time.
Info (176353): Automatically promoted node CLK_MUL (placed in counter C3 of PLL_1) File: C:/Projects/RISCV-ELTD05/db/pll_altpll.v Line: 79
    Info (176355): Automatically promoted destinations to use location or clock signal Global Clock CLKCTRL_G27
Info (176353): Automatically promoted node CLK_SYS (placed in counter C1 of PLL_1) File: C:/Projects/RISCV-ELTD05/db/pll_altpll.v Line: 79
    Info (176355): Automatically promoted destinations to use location or clock signal Global Clock CLKCTRL_G28
Info (176353): Automatically promoted node Reset~input (placed in PIN W15 (CLKIO13, DIFFCLK_7n, REFCLK2n)) File: C:/Projects/RISCV-ELTD05/cpu.v Line: 19
    Info (176355): Automatically promoted destinations to use location or clock signal Global Clock CLKCTRL_G29
Info (176233): Starting register packing
Info (176235): Finished register packing
    Extra Info (176219): No registers were packed into other blocks
Info (176214): Statistics of I/O pins that need to be placed that use the same VCCIO and VREF, before I/O pin placement
    Info (176211): Number of I/O pins in group: 163 (unused VREF, 2.5V VCCIO, 64 input, 99 output, 0 bidirectional)
        Info (176212): I/O standards used: 2.5 V.
Info (176215): I/O bank details before I/O pin placement
    Info (176214): Statistics of I/O banks
        Info (176213): I/O bank number QL1 does not use VREF pins and has undetermined VCCIO pins. 0 total pin(s) used --  0 pins available
        Info (176213): I/O bank number QL0 does not use VREF pins and has undetermined VCCIO pins. 0 total pin(s) used --  0 pins available
        Info (176213): I/O bank number 3 does not use VREF pins and has undetermined VCCIO pins. 1 total pin(s) used --  81 pins available
        Info (176213): I/O bank number 3B does not use VREF pins and has undetermined VCCIO pins. 1 total pin(s) used --  2 pins available
        Info (176213): I/O bank number 3A does not use VREF pins and has undetermined VCCIO pins. 1 total pin(s) used --  1 pins available
        Info (176213): I/O bank number 4 does not use VREF pins and has undetermined VCCIO pins. 0 total pin(s) used --  82 pins available
        Info (176213): I/O bank number 5 does not use VREF pins and has undetermined VCCIO pins. 0 total pin(s) used --  66 pins available
        Info (176213): I/O bank number 6 does not use VREF pins and has undetermined VCCIO pins. 0 total pin(s) used --  69 pins available
        Info (176213): I/O bank number 7 does not use VREF pins and has undetermined VCCIO pins. 0 total pin(s) used --  80 pins available
        Info (176213): I/O bank number 8A does not use VREF pins and has undetermined VCCIO pins. 0 total pin(s) used --  2 pins available
        Info (176213): I/O bank number 8 does not use VREF pins and has undetermined VCCIO pins. 0 total pin(s) used --  81 pins available
        Info (176213): I/O bank number 8B does not use VREF pins and has undetermined VCCIO pins. 0 total pin(s) used --  2 pins available
        Info (176213): I/O bank number 9 does not use VREF pins and has undetermined VCCIO pins. 4 total pin(s) used --  0 pins available
Info (171121): Fitter preparation operations ending: elapsed time is 00:00:09
Info (14896): Fitter has disabled Advanced Physical Optimization because it is not supported for the current family.
Info (170189): Fitter placement preparation operations beginning
Info (170190): Fitter placement preparation operations ending: elapsed time is 00:00:02
Info (170191): Fitter placement operations beginning
Info (170137): Fitter placement was successful
Info (170192): Fitter placement operations ending: elapsed time is 00:00:10
Info (170193): Fitter routing operations beginning
Info (170195): Router estimated average interconnect usage is 0% of the available device resources
    Info (170196): Router estimated peak interconnect usage is 19% of the available device resources in the region that extends from location X47_Y57 to location X58_Y68
Info (170199): The Fitter performed an Auto Fit compilation.  Optimizations were skipped to reduce compilation time.
    Info (170201): Optimizations that may affect the design's routability were skipped
    Info (170200): Optimizations that may affect the design's timing were skipped
Info (170194): Fitter routing operations ending: elapsed time is 00:00:04
Info (11888): Total time spent on timing analysis during the Fitter is 1.74 seconds.
Info (334003): Started post-fitting delay annotation
Info (334004): Delay annotation completed successfully
Info (334003): Started post-fitting delay annotation
Info (334004): Delay annotation completed successfully
Info (11218): Fitter post-fit operations ending: elapsed time is 00:00:03
Warning (169177): 2 pins must meet Intel FPGA requirements for 3.3-, 3.0-, and 2.5-V interfaces. For more information, refer to AN 447: Interfacing Cyclone IV GX Devices with 3.3/3.0/2.5-V LVTTL/LVCMOS I/O Systems.
    Info (169178): Pin Reset uses I/O standard 2.5 V at W15 File: C:/Projects/RISCV-ELTD05/cpu.v Line: 19
    Info (169178): Pin CLK uses I/O standard 2.5 V at V12 File: C:/Projects/RISCV-ELTD05/cpu.v Line: 19
Info (144001): Generated suppressed messages file C:/Projects/RISCV-ELTD05/output_files/cpu.fit.smsg
Info: Quartus Prime Fitter was successful. 0 errors, 6 warnings
    Info: Peak virtual memory: 5925 megabytes
    Info: Processing ended: Mon Jun 30 11:12:37 2025
    Info: Elapsed time: 00:00:53
    Info: Total CPU time (on all processors): 00:01:14


+----------------------------+
; Fitter Suppressed Messages ;
+----------------------------+
The suppressed messages can be found in C:/Projects/RISCV-ELTD05/output_files/cpu.fit.smsg.


