Timing Analyzer report for cpu
Mon Jun 30 11:13:00 2025
Quartus Prime Version 18.1.0 Build 625 09/12/2018 SJ Lite Edition


---------------------
; Table of Contents ;
---------------------
  1. Legal Notice
  2. Timing Analyzer Summary
  3. Parallel Compilation
  4. Clocks
  5. Slow 1200mV 100C Model Fmax Summary
  6. Timing Closure Recommendations
  7. Slow 1200mV 100C Model Setup Summary
  8. Slow 1200mV 100C Model Hold Summary
  9. Slow 1200mV 100C Model Recovery Summary
 10. Slow 1200mV 100C Model Removal Summary
 11. Slow 1200mV 100C Model Minimum Pulse Width Summary
 12. Slow 1200mV 100C Model Setup: 'pll|altpll_component|auto_generated|pll1|clk[0]'
 13. Slow 1200mV 100C Model Setup: 'pll|altpll_component|auto_generated|pll1|clk[1]'
 14. Slow 1200mV 100C Model Hold: 'pll|altpll_component|auto_generated|pll1|clk[1]'
 15. Slow 1200mV 100C Model Hold: 'pll|altpll_component|auto_generated|pll1|clk[0]'
 16. Slow 1200mV 100C Model Recovery: 'pll|altpll_component|auto_generated|pll1|clk[0]'
 17. Slow 1200mV 100C Model Removal: 'pll|altpll_component|auto_generated|pll1|clk[0]'
 18. Slow 1200mV 100C Model Metastability Summary
 19. Slow 1200mV -40C Model Fmax Summary
 20. Slow 1200mV -40C Model Setup Summary
 21. Slow 1200mV -40C Model Hold Summary
 22. Slow 1200mV -40C Model Recovery Summary
 23. Slow 1200mV -40C Model Removal Summary
 24. Slow 1200mV -40C Model Minimum Pulse Width Summary
 25. Slow 1200mV -40C Model Setup: 'pll|altpll_component|auto_generated|pll1|clk[0]'
 26. Slow 1200mV -40C Model Setup: 'pll|altpll_component|auto_generated|pll1|clk[1]'
 27. Slow 1200mV -40C Model Hold: 'pll|altpll_component|auto_generated|pll1|clk[1]'
 28. Slow 1200mV -40C Model Hold: 'pll|altpll_component|auto_generated|pll1|clk[0]'
 29. Slow 1200mV -40C Model Recovery: 'pll|altpll_component|auto_generated|pll1|clk[0]'
 30. Slow 1200mV -40C Model Removal: 'pll|altpll_component|auto_generated|pll1|clk[0]'
 31. Slow 1200mV -40C Model Metastability Summary
 32. Fast 1200mV -40C Model Setup Summary
 33. Fast 1200mV -40C Model Hold Summary
 34. Fast 1200mV -40C Model Recovery Summary
 35. Fast 1200mV -40C Model Removal Summary
 36. Fast 1200mV -40C Model Minimum Pulse Width Summary
 37. Fast 1200mV -40C Model Setup: 'pll|altpll_component|auto_generated|pll1|clk[0]'
 38. Fast 1200mV -40C Model Setup: 'pll|altpll_component|auto_generated|pll1|clk[1]'
 39. Fast 1200mV -40C Model Hold: 'pll|altpll_component|auto_generated|pll1|clk[1]'
 40. Fast 1200mV -40C Model Hold: 'pll|altpll_component|auto_generated|pll1|clk[0]'
 41. Fast 1200mV -40C Model Recovery: 'pll|altpll_component|auto_generated|pll1|clk[0]'
 42. Fast 1200mV -40C Model Removal: 'pll|altpll_component|auto_generated|pll1|clk[0]'
 43. Fast 1200mV -40C Model Metastability Summary
 44. Multicorner Timing Analysis Summary
 45. Board Trace Model Assignments
 46. Input Transition Times
 47. Signal Integrity Metrics (Slow 1200mv n40c Model)
 48. Signal Integrity Metrics (Slow 1200mv 100c Model)
 49. Signal Integrity Metrics (Fast 1200mv n40c Model)
 50. Setup Transfers
 51. Hold Transfers
 52. Recovery Transfers
 53. Removal Transfers
 54. Report TCCS
 55. Report RSKM
 56. Unconstrained Paths Summary
 57. Clock Status Summary
 58. Unconstrained Input Ports
 59. Unconstrained Output Ports
 60. Unconstrained Input Ports
 61. Unconstrained Output Ports
 62. Timing Analyzer Messages



----------------
; Legal Notice ;
----------------
Copyright (C) 2018  Intel Corporation. All rights reserved.
Your use of Intel Corporation's design tools, logic functions 
and other software and tools, and its AMPP partner logic 
functions, and any output files from any of the foregoing 
(including device programming or simulation files), and any 
associated documentation or information are expressly subject 
to the terms and conditions of the Intel Program License 
Subscription Agreement, the Intel Quartus Prime License Agreement,
the Intel FPGA IP License Agreement, or other applicable license
agreement, including, without limitation, that your use is for
the sole purpose of programming logic devices manufactured by
Intel and sold by Intel or its authorized distributors.  Please
refer to the applicable agreement for further details.



+-----------------------------------------------------------------------------+
; Timing Analyzer Summary                                                     ;
+-----------------------+-----------------------------------------------------+
; Quartus Prime Version ; Version 18.1.0 Build 625 09/12/2018 SJ Lite Edition ;
; Timing Analyzer       ; Legacy Timing Analyzer                              ;
; Revision Name         ; cpu                                                 ;
; Device Family         ; Cyclone IV GX                                       ;
; Device Name           ; EP4CGX150DF31I7AD                                   ;
; Timing Models         ; Final                                               ;
; Delay Model           ; Combined                                            ;
; Rise/Fall Delays      ; Enabled                                             ;
+-----------------------+-----------------------------------------------------+


+------------------------------------------+
; Parallel Compilation                     ;
+----------------------------+-------------+
; Processors                 ; Number      ;
+----------------------------+-------------+
; Number detected on machine ; 8           ;
; Maximum allowed            ; 4           ;
;                            ;             ;
; Average used               ; 1.26        ;
; Maximum used               ; 4           ;
;                            ;             ;
; Usage by Processor         ; % Time Used ;
;     Processor 1            ; 100.0%      ;
;     Processor 2            ;  13.8%      ;
;     Processor 3            ;   7.3%      ;
;     Processor 4            ;   5.2%      ;
+----------------------------+-------------+


+-----------------------------------------------------------------------------------------------------------------------------------------------------------------------------------------------------------------------------------------------------------------------------------------------------------------------+
; Clocks                                                                                                                                                                                                                                                                                                                ;
+-------------------------------------------------+-----------+-----------+-----------+-------+----------+------------+-----------+-------------+-------+--------+-----------+------------+----------+--------+---------------------------------------------------+-----------------------------------------------------+
; Clock Name                                      ; Type      ; Period    ; Frequency ; Rise  ; Fall     ; Duty Cycle ; Divide by ; Multiply by ; Phase ; Offset ; Edge List ; Edge Shift ; Inverted ; Master ; Source                                            ; Targets                                             ;
+-------------------------------------------------+-----------+-----------+-----------+-------+----------+------------+-----------+-------------+-------+--------+-----------+------------+----------+--------+---------------------------------------------------+-----------------------------------------------------+
; CLK                                             ; Base      ; 10.000    ; 100.0 MHz ; 0.000 ; 5.000    ;            ;           ;             ;       ;        ;           ;            ;          ;        ;                                                   ; { CLK }                                             ;
; pll|altpll_component|auto_generated|pll1|clk[0] ; Generated ; 12500.000 ; 0.08 MHz  ; 0.000 ; 6250.000 ; 50.00      ; 1250      ; 1           ;       ;        ;           ;            ; false    ; CLK    ; pll|altpll_component|auto_generated|pll1|inclk[0] ; { pll|altpll_component|auto_generated|pll1|clk[0] } ;
; pll|altpll_component|auto_generated|pll1|clk[1] ; Generated ; 8333.333  ; 0.12 MHz  ; 0.000 ; 4166.666 ; 50.00      ; 2500      ; 3           ;       ;        ;           ;            ; false    ; CLK    ; pll|altpll_component|auto_generated|pll1|inclk[0] ; { pll|altpll_component|auto_generated|pll1|clk[1] } ;
+-------------------------------------------------+-----------+-----------+-----------+-------+----------+------------+-----------+-------------+-------+--------+-----------+------------+----------+--------+---------------------------------------------------+-----------------------------------------------------+


+---------------------------------------------------------------------------------------+
; Slow 1200mV 100C Model Fmax Summary                                                   ;
+------------+-----------------+-------------------------------------------------+------+
; Fmax       ; Restricted Fmax ; Clock Name                                      ; Note ;
+------------+-----------------+-------------------------------------------------+------+
; 54.42 MHz  ; 54.42 MHz       ; pll|altpll_component|auto_generated|pll1|clk[0] ;      ;
; 258.73 MHz ; 258.73 MHz      ; pll|altpll_component|auto_generated|pll1|clk[1] ;      ;
+------------+-----------------+-------------------------------------------------+------+
This panel reports FMAX for every clock in the design, regardless of the user-specified clock periods.  FMAX is only computed for paths where the source and destination registers or ports are driven by the same clock.  Paths of different clocks, including generated clocks, are ignored.  For paths between a clock and its inversion, FMAX is computed as if the rising and falling edges are scaled along with FMAX, such that the duty cycle (in terms of a percentage) is maintained. Altera recommends that you always use clock constraints and other slack reports for sign-off analysis.


----------------------------------
; Timing Closure Recommendations ;
----------------------------------
HTML report is unavailable in plain text report export.


+----------------------------------------------------------------------------+
; Slow 1200mV 100C Model Setup Summary                                       ;
+-------------------------------------------------+----------+---------------+
; Clock                                           ; Slack    ; End Point TNS ;
+-------------------------------------------------+----------+---------------+
; pll|altpll_component|auto_generated|pll1|clk[0] ; 4158.793 ; 0.000         ;
; pll|altpll_component|auto_generated|pll1|clk[1] ; 4160.679 ; 0.000         ;
+-------------------------------------------------+----------+---------------+


+-------------------------------------------------------------------------+
; Slow 1200mV 100C Model Hold Summary                                     ;
+-------------------------------------------------+-------+---------------+
; Clock                                           ; Slack ; End Point TNS ;
+-------------------------------------------------+-------+---------------+
; pll|altpll_component|auto_generated|pll1|clk[1] ; 0.397 ; 0.000         ;
; pll|altpll_component|auto_generated|pll1|clk[0] ; 0.550 ; 0.000         ;
+-------------------------------------------------+-------+---------------+


+-----------------------------------------------------------------------------+
; Slow 1200mV 100C Model Recovery Summary                                     ;
+-------------------------------------------------+-----------+---------------+
; Clock                                           ; Slack     ; End Point TNS ;
+-------------------------------------------------+-----------+---------------+
; pll|altpll_component|auto_generated|pll1|clk[0] ; 12495.190 ; 0.000         ;
+-------------------------------------------------+-----------+---------------+


+-------------------------------------------------------------------------+
; Slow 1200mV 100C Model Removal Summary                                  ;
+-------------------------------------------------+-------+---------------+
; Clock                                           ; Slack ; End Point TNS ;
+-------------------------------------------------+-------+---------------+
; pll|altpll_component|auto_generated|pll1|clk[0] ; 2.048 ; 0.000         ;
+-------------------------------------------------+-------+---------------+


+----------------------------------------------------------------------------+
; Slow 1200mV 100C Model Minimum Pulse Width Summary                         ;
+-------------------------------------------------+----------+---------------+
; Clock                                           ; Slack    ; End Point TNS ;
+-------------------------------------------------+----------+---------------+
; CLK                                             ; 4.891    ; 0.000         ;
; pll|altpll_component|auto_generated|pll1|clk[1] ; 4166.287 ; 0.000         ;
; pll|altpll_component|auto_generated|pll1|clk[0] ; 6249.619 ; 0.000         ;
+-------------------------------------------------+----------+---------------+


+---------------------------------------------------------------------------------------------------------------------------------------------------------------------------------------------------------------------------------------------------------------------------------------------------------------------------------+
; Slow 1200mV 100C Model Setup: 'pll|altpll_component|auto_generated|pll1|clk[0]'                                                                                                                                                                                                                                                 ;
+----------+------------------------------------------------+------------------------------------------------------------------------------------------------------------------------+-------------------------------------------------+-------------------------------------------------+--------------+------------+------------+
; Slack    ; From Node                                      ; To Node                                                                                                                ; Launch Clock                                    ; Latch Clock                                     ; Relationship ; Clock Skew ; Data Delay ;
+----------+------------------------------------------------+------------------------------------------------------------------------------------------------------------------------+-------------------------------------------------+-------------------------------------------------+--------------+------------+------------+
; 4158.793 ; Multiplicador:multiplicador|ACC:acc|Saidas[2]  ; datamemory:Data_Memory|altsyncram:altsyncram_component|altsyncram_28i1:auto_generated|ram_block1a9~porta_we_reg        ; pll|altpll_component|auto_generated|pll1|clk[1] ; pll|altpll_component|auto_generated|pll1|clk[0] ; 4166.667     ; 0.155      ; 8.068      ;
; 4158.803 ; Multiplicador:multiplicador|ACC:acc|Saidas[2]  ; datamemory:Data_Memory|altsyncram:altsyncram_component|altsyncram_28i1:auto_generated|ram_block1a18~porta_we_reg       ; pll|altpll_component|auto_generated|pll1|clk[1] ; pll|altpll_component|auto_generated|pll1|clk[0] ; 4166.667     ; 0.147      ; 8.050      ;
; 4158.855 ; Multiplicador:multiplicador|ACC:acc|Saidas[2]  ; datamemory:Data_Memory|altsyncram:altsyncram_component|altsyncram_28i1:auto_generated|ram_block1a0~porta_we_reg        ; pll|altpll_component|auto_generated|pll1|clk[1] ; pll|altpll_component|auto_generated|pll1|clk[0] ; 4166.667     ; 0.151      ; 8.002      ;
; 4158.874 ; Multiplicador:multiplicador|ACC:acc|Saidas[2]  ; datamemory:Data_Memory|altsyncram:altsyncram_component|altsyncram_28i1:auto_generated|ram_block1a27~porta_we_reg       ; pll|altpll_component|auto_generated|pll1|clk[1] ; pll|altpll_component|auto_generated|pll1|clk[0] ; 4166.667     ; 0.139      ; 7.971      ;
; 4159.607 ; Multiplicador:multiplicador|ACC:acc|Saidas[2]  ; register:CTRL2|out[25]                                                                                                 ; pll|altpll_component|auto_generated|pll1|clk[1] ; pll|altpll_component|auto_generated|pll1|clk[0] ; 4166.667     ; -0.222     ; 6.836      ;
; 4159.633 ; Multiplicador:multiplicador|ACC:acc|Saidas[18] ; datamemory:Data_Memory|altsyncram:altsyncram_component|altsyncram_28i1:auto_generated|ram_block1a9~porta_we_reg        ; pll|altpll_component|auto_generated|pll1|clk[1] ; pll|altpll_component|auto_generated|pll1|clk[0] ; 4166.667     ; 0.170      ; 7.243      ;
; 4159.643 ; Multiplicador:multiplicador|ACC:acc|Saidas[18] ; datamemory:Data_Memory|altsyncram:altsyncram_component|altsyncram_28i1:auto_generated|ram_block1a18~porta_we_reg       ; pll|altpll_component|auto_generated|pll1|clk[1] ; pll|altpll_component|auto_generated|pll1|clk[0] ; 4166.667     ; 0.162      ; 7.225      ;
; 4159.678 ; Multiplicador:multiplicador|ACC:acc|Saidas[17] ; datamemory:Data_Memory|altsyncram:altsyncram_component|altsyncram_28i1:auto_generated|ram_block1a9~porta_we_reg        ; pll|altpll_component|auto_generated|pll1|clk[1] ; pll|altpll_component|auto_generated|pll1|clk[0] ; 4166.667     ; 0.170      ; 7.198      ;
; 4159.688 ; Multiplicador:multiplicador|ACC:acc|Saidas[17] ; datamemory:Data_Memory|altsyncram:altsyncram_component|altsyncram_28i1:auto_generated|ram_block1a18~porta_we_reg       ; pll|altpll_component|auto_generated|pll1|clk[1] ; pll|altpll_component|auto_generated|pll1|clk[0] ; 4166.667     ; 0.162      ; 7.180      ;
; 4159.689 ; Multiplicador:multiplicador|ACC:acc|Saidas[8]  ; datamemory:Data_Memory|altsyncram:altsyncram_component|altsyncram_28i1:auto_generated|ram_block1a9~porta_we_reg        ; pll|altpll_component|auto_generated|pll1|clk[1] ; pll|altpll_component|auto_generated|pll1|clk[0] ; 4166.667     ; 0.148      ; 7.165      ;
; 4159.695 ; Multiplicador:multiplicador|ACC:acc|Saidas[18] ; datamemory:Data_Memory|altsyncram:altsyncram_component|altsyncram_28i1:auto_generated|ram_block1a0~porta_we_reg        ; pll|altpll_component|auto_generated|pll1|clk[1] ; pll|altpll_component|auto_generated|pll1|clk[0] ; 4166.667     ; 0.166      ; 7.177      ;
; 4159.699 ; Multiplicador:multiplicador|ACC:acc|Saidas[8]  ; datamemory:Data_Memory|altsyncram:altsyncram_component|altsyncram_28i1:auto_generated|ram_block1a18~porta_we_reg       ; pll|altpll_component|auto_generated|pll1|clk[1] ; pll|altpll_component|auto_generated|pll1|clk[0] ; 4166.667     ; 0.140      ; 7.147      ;
; 4159.714 ; Multiplicador:multiplicador|ACC:acc|Saidas[18] ; datamemory:Data_Memory|altsyncram:altsyncram_component|altsyncram_28i1:auto_generated|ram_block1a27~porta_we_reg       ; pll|altpll_component|auto_generated|pll1|clk[1] ; pll|altpll_component|auto_generated|pll1|clk[0] ; 4166.667     ; 0.154      ; 7.146      ;
; 4159.740 ; Multiplicador:multiplicador|ACC:acc|Saidas[17] ; datamemory:Data_Memory|altsyncram:altsyncram_component|altsyncram_28i1:auto_generated|ram_block1a0~porta_we_reg        ; pll|altpll_component|auto_generated|pll1|clk[1] ; pll|altpll_component|auto_generated|pll1|clk[0] ; 4166.667     ; 0.166      ; 7.132      ;
; 4159.751 ; Multiplicador:multiplicador|ACC:acc|Saidas[8]  ; datamemory:Data_Memory|altsyncram:altsyncram_component|altsyncram_28i1:auto_generated|ram_block1a0~porta_we_reg        ; pll|altpll_component|auto_generated|pll1|clk[1] ; pll|altpll_component|auto_generated|pll1|clk[0] ; 4166.667     ; 0.144      ; 7.099      ;
; 4159.759 ; Multiplicador:multiplicador|ACC:acc|Saidas[17] ; datamemory:Data_Memory|altsyncram:altsyncram_component|altsyncram_28i1:auto_generated|ram_block1a27~porta_we_reg       ; pll|altpll_component|auto_generated|pll1|clk[1] ; pll|altpll_component|auto_generated|pll1|clk[0] ; 4166.667     ; 0.154      ; 7.101      ;
; 4159.770 ; Multiplicador:multiplicador|ACC:acc|Saidas[8]  ; datamemory:Data_Memory|altsyncram:altsyncram_component|altsyncram_28i1:auto_generated|ram_block1a27~porta_we_reg       ; pll|altpll_component|auto_generated|pll1|clk[1] ; pll|altpll_component|auto_generated|pll1|clk[0] ; 4166.667     ; 0.132      ; 7.068      ;
; 4159.806 ; Multiplicador:multiplicador|ACC:acc|Saidas[19] ; datamemory:Data_Memory|altsyncram:altsyncram_component|altsyncram_28i1:auto_generated|ram_block1a9~porta_we_reg        ; pll|altpll_component|auto_generated|pll1|clk[1] ; pll|altpll_component|auto_generated|pll1|clk[0] ; 4166.667     ; 0.170      ; 7.070      ;
; 4159.816 ; Multiplicador:multiplicador|ACC:acc|Saidas[19] ; datamemory:Data_Memory|altsyncram:altsyncram_component|altsyncram_28i1:auto_generated|ram_block1a18~porta_we_reg       ; pll|altpll_component|auto_generated|pll1|clk[1] ; pll|altpll_component|auto_generated|pll1|clk[0] ; 4166.667     ; 0.162      ; 7.052      ;
; 4159.868 ; Multiplicador:multiplicador|ACC:acc|Saidas[19] ; datamemory:Data_Memory|altsyncram:altsyncram_component|altsyncram_28i1:auto_generated|ram_block1a0~porta_we_reg        ; pll|altpll_component|auto_generated|pll1|clk[1] ; pll|altpll_component|auto_generated|pll1|clk[0] ; 4166.667     ; 0.166      ; 7.004      ;
; 4159.883 ; Multiplicador:multiplicador|ACC:acc|Saidas[1]  ; datamemory:Data_Memory|altsyncram:altsyncram_component|altsyncram_28i1:auto_generated|ram_block1a9~porta_we_reg        ; pll|altpll_component|auto_generated|pll1|clk[1] ; pll|altpll_component|auto_generated|pll1|clk[0] ; 4166.667     ; 0.156      ; 6.979      ;
; 4159.887 ; Multiplicador:multiplicador|ACC:acc|Saidas[19] ; datamemory:Data_Memory|altsyncram:altsyncram_component|altsyncram_28i1:auto_generated|ram_block1a27~porta_we_reg       ; pll|altpll_component|auto_generated|pll1|clk[1] ; pll|altpll_component|auto_generated|pll1|clk[0] ; 4166.667     ; 0.154      ; 6.973      ;
; 4159.893 ; Multiplicador:multiplicador|ACC:acc|Saidas[1]  ; datamemory:Data_Memory|altsyncram:altsyncram_component|altsyncram_28i1:auto_generated|ram_block1a18~porta_we_reg       ; pll|altpll_component|auto_generated|pll1|clk[1] ; pll|altpll_component|auto_generated|pll1|clk[0] ; 4166.667     ; 0.148      ; 6.961      ;
; 4159.945 ; Multiplicador:multiplicador|ACC:acc|Saidas[1]  ; datamemory:Data_Memory|altsyncram:altsyncram_component|altsyncram_28i1:auto_generated|ram_block1a0~porta_we_reg        ; pll|altpll_component|auto_generated|pll1|clk[1] ; pll|altpll_component|auto_generated|pll1|clk[0] ; 4166.667     ; 0.152      ; 6.913      ;
; 4159.964 ; Multiplicador:multiplicador|ACC:acc|Saidas[1]  ; datamemory:Data_Memory|altsyncram:altsyncram_component|altsyncram_28i1:auto_generated|ram_block1a27~porta_we_reg       ; pll|altpll_component|auto_generated|pll1|clk[1] ; pll|altpll_component|auto_generated|pll1|clk[0] ; 4166.667     ; 0.140      ; 6.882      ;
; 4160.066 ; Multiplicador:multiplicador|ACC:acc|Saidas[23] ; datamemory:Data_Memory|altsyncram:altsyncram_component|altsyncram_28i1:auto_generated|ram_block1a9~porta_we_reg        ; pll|altpll_component|auto_generated|pll1|clk[1] ; pll|altpll_component|auto_generated|pll1|clk[0] ; 4166.667     ; 0.164      ; 6.804      ;
; 4160.076 ; Multiplicador:multiplicador|ACC:acc|Saidas[23] ; datamemory:Data_Memory|altsyncram:altsyncram_component|altsyncram_28i1:auto_generated|ram_block1a18~porta_we_reg       ; pll|altpll_component|auto_generated|pll1|clk[1] ; pll|altpll_component|auto_generated|pll1|clk[0] ; 4166.667     ; 0.156      ; 6.786      ;
; 4160.086 ; Multiplicador:multiplicador|ACC:acc|Saidas[2]  ; datamemory:Data_Memory|altsyncram:altsyncram_component|altsyncram_28i1:auto_generated|ram_block1a27~porta_address_reg0 ; pll|altpll_component|auto_generated|pll1|clk[1] ; pll|altpll_component|auto_generated|pll1|clk[0] ; 4166.667     ; 0.139      ; 6.759      ;
; 4160.102 ; Multiplicador:multiplicador|ACC:acc|Saidas[15] ; datamemory:Data_Memory|altsyncram:altsyncram_component|altsyncram_28i1:auto_generated|ram_block1a9~porta_we_reg        ; pll|altpll_component|auto_generated|pll1|clk[1] ; pll|altpll_component|auto_generated|pll1|clk[0] ; 4166.667     ; 0.148      ; 6.752      ;
; 4160.102 ; Multiplicador:multiplicador|ACC:acc|Saidas[16] ; datamemory:Data_Memory|altsyncram:altsyncram_component|altsyncram_28i1:auto_generated|ram_block1a9~porta_we_reg        ; pll|altpll_component|auto_generated|pll1|clk[1] ; pll|altpll_component|auto_generated|pll1|clk[0] ; 4166.667     ; 0.170      ; 6.774      ;
; 4160.112 ; Multiplicador:multiplicador|ACC:acc|Saidas[15] ; datamemory:Data_Memory|altsyncram:altsyncram_component|altsyncram_28i1:auto_generated|ram_block1a18~porta_we_reg       ; pll|altpll_component|auto_generated|pll1|clk[1] ; pll|altpll_component|auto_generated|pll1|clk[0] ; 4166.667     ; 0.140      ; 6.734      ;
; 4160.112 ; Multiplicador:multiplicador|ACC:acc|Saidas[16] ; datamemory:Data_Memory|altsyncram:altsyncram_component|altsyncram_28i1:auto_generated|ram_block1a18~porta_we_reg       ; pll|altpll_component|auto_generated|pll1|clk[1] ; pll|altpll_component|auto_generated|pll1|clk[0] ; 4166.667     ; 0.162      ; 6.756      ;
; 4160.128 ; Multiplicador:multiplicador|ACC:acc|Saidas[23] ; datamemory:Data_Memory|altsyncram:altsyncram_component|altsyncram_28i1:auto_generated|ram_block1a0~porta_we_reg        ; pll|altpll_component|auto_generated|pll1|clk[1] ; pll|altpll_component|auto_generated|pll1|clk[0] ; 4166.667     ; 0.160      ; 6.738      ;
; 4160.147 ; Multiplicador:multiplicador|ACC:acc|Saidas[23] ; datamemory:Data_Memory|altsyncram:altsyncram_component|altsyncram_28i1:auto_generated|ram_block1a27~porta_we_reg       ; pll|altpll_component|auto_generated|pll1|clk[1] ; pll|altpll_component|auto_generated|pll1|clk[0] ; 4166.667     ; 0.148      ; 6.707      ;
; 4160.164 ; Multiplicador:multiplicador|ACC:acc|Saidas[15] ; datamemory:Data_Memory|altsyncram:altsyncram_component|altsyncram_28i1:auto_generated|ram_block1a0~porta_we_reg        ; pll|altpll_component|auto_generated|pll1|clk[1] ; pll|altpll_component|auto_generated|pll1|clk[0] ; 4166.667     ; 0.144      ; 6.686      ;
; 4160.164 ; Multiplicador:multiplicador|ACC:acc|Saidas[16] ; datamemory:Data_Memory|altsyncram:altsyncram_component|altsyncram_28i1:auto_generated|ram_block1a0~porta_we_reg        ; pll|altpll_component|auto_generated|pll1|clk[1] ; pll|altpll_component|auto_generated|pll1|clk[0] ; 4166.667     ; 0.166      ; 6.708      ;
; 4160.183 ; Multiplicador:multiplicador|ACC:acc|Saidas[15] ; datamemory:Data_Memory|altsyncram:altsyncram_component|altsyncram_28i1:auto_generated|ram_block1a27~porta_we_reg       ; pll|altpll_component|auto_generated|pll1|clk[1] ; pll|altpll_component|auto_generated|pll1|clk[0] ; 4166.667     ; 0.132      ; 6.655      ;
; 4160.183 ; Multiplicador:multiplicador|ACC:acc|Saidas[16] ; datamemory:Data_Memory|altsyncram:altsyncram_component|altsyncram_28i1:auto_generated|ram_block1a27~porta_we_reg       ; pll|altpll_component|auto_generated|pll1|clk[1] ; pll|altpll_component|auto_generated|pll1|clk[0] ; 4166.667     ; 0.154      ; 6.677      ;
; 4160.288 ; Multiplicador:multiplicador|ACC:acc|Saidas[10] ; datamemory:Data_Memory|altsyncram:altsyncram_component|altsyncram_28i1:auto_generated|ram_block1a9~porta_we_reg        ; pll|altpll_component|auto_generated|pll1|clk[1] ; pll|altpll_component|auto_generated|pll1|clk[0] ; 4166.667     ; 0.148      ; 6.566      ;
; 4160.298 ; Multiplicador:multiplicador|ACC:acc|Saidas[10] ; datamemory:Data_Memory|altsyncram:altsyncram_component|altsyncram_28i1:auto_generated|ram_block1a18~porta_we_reg       ; pll|altpll_component|auto_generated|pll1|clk[1] ; pll|altpll_component|auto_generated|pll1|clk[0] ; 4166.667     ; 0.140      ; 6.548      ;
; 4160.350 ; Multiplicador:multiplicador|ACC:acc|Saidas[5]  ; datamemory:Data_Memory|altsyncram:altsyncram_component|altsyncram_28i1:auto_generated|ram_block1a9~porta_we_reg        ; pll|altpll_component|auto_generated|pll1|clk[1] ; pll|altpll_component|auto_generated|pll1|clk[0] ; 4166.667     ; 0.155      ; 6.511      ;
; 4160.350 ; Multiplicador:multiplicador|ACC:acc|Saidas[10] ; datamemory:Data_Memory|altsyncram:altsyncram_component|altsyncram_28i1:auto_generated|ram_block1a0~porta_we_reg        ; pll|altpll_component|auto_generated|pll1|clk[1] ; pll|altpll_component|auto_generated|pll1|clk[0] ; 4166.667     ; 0.144      ; 6.500      ;
; 4160.360 ; Multiplicador:multiplicador|ACC:acc|Saidas[5]  ; datamemory:Data_Memory|altsyncram:altsyncram_component|altsyncram_28i1:auto_generated|ram_block1a18~porta_we_reg       ; pll|altpll_component|auto_generated|pll1|clk[1] ; pll|altpll_component|auto_generated|pll1|clk[0] ; 4166.667     ; 0.147      ; 6.493      ;
; 4160.369 ; Multiplicador:multiplicador|ACC:acc|Saidas[10] ; datamemory:Data_Memory|altsyncram:altsyncram_component|altsyncram_28i1:auto_generated|ram_block1a27~porta_we_reg       ; pll|altpll_component|auto_generated|pll1|clk[1] ; pll|altpll_component|auto_generated|pll1|clk[0] ; 4166.667     ; 0.132      ; 6.469      ;
; 4160.412 ; Multiplicador:multiplicador|ACC:acc|Saidas[5]  ; datamemory:Data_Memory|altsyncram:altsyncram_component|altsyncram_28i1:auto_generated|ram_block1a0~porta_we_reg        ; pll|altpll_component|auto_generated|pll1|clk[1] ; pll|altpll_component|auto_generated|pll1|clk[0] ; 4166.667     ; 0.151      ; 6.445      ;
; 4160.431 ; Multiplicador:multiplicador|ACC:acc|Saidas[5]  ; datamemory:Data_Memory|altsyncram:altsyncram_component|altsyncram_28i1:auto_generated|ram_block1a27~porta_we_reg       ; pll|altpll_component|auto_generated|pll1|clk[1] ; pll|altpll_component|auto_generated|pll1|clk[0] ; 4166.667     ; 0.139      ; 6.414      ;
; 4160.463 ; Multiplicador:multiplicador|ACC:acc|Saidas[18] ; register:CTRL2|out[25]                                                                                                 ; pll|altpll_component|auto_generated|pll1|clk[1] ; pll|altpll_component|auto_generated|pll1|clk[0] ; 4166.667     ; -0.207     ; 5.995      ;
; 4160.493 ; Multiplicador:multiplicador|ACC:acc|Saidas[21] ; datamemory:Data_Memory|altsyncram:altsyncram_component|altsyncram_28i1:auto_generated|ram_block1a9~porta_we_reg        ; pll|altpll_component|auto_generated|pll1|clk[1] ; pll|altpll_component|auto_generated|pll1|clk[0] ; 4166.667     ; 0.170      ; 6.383      ;
; 4160.503 ; Multiplicador:multiplicador|ACC:acc|Saidas[8]  ; register:CTRL2|out[25]                                                                                                 ; pll|altpll_component|auto_generated|pll1|clk[1] ; pll|altpll_component|auto_generated|pll1|clk[0] ; 4166.667     ; -0.229     ; 5.933      ;
; 4160.503 ; Multiplicador:multiplicador|ACC:acc|Saidas[21] ; datamemory:Data_Memory|altsyncram:altsyncram_component|altsyncram_28i1:auto_generated|ram_block1a18~porta_we_reg       ; pll|altpll_component|auto_generated|pll1|clk[1] ; pll|altpll_component|auto_generated|pll1|clk[0] ; 4166.667     ; 0.162      ; 6.365      ;
; 4160.505 ; Multiplicador:multiplicador|ACC:acc|Saidas[2]  ; datamemory:Data_Memory|altsyncram:altsyncram_component|altsyncram_28i1:auto_generated|ram_block1a9~porta_address_reg0  ; pll|altpll_component|auto_generated|pll1|clk[1] ; pll|altpll_component|auto_generated|pll1|clk[0] ; 4166.667     ; 0.155      ; 6.356      ;
; 4160.508 ; Multiplicador:multiplicador|ACC:acc|Saidas[17] ; register:CTRL2|out[25]                                                                                                 ; pll|altpll_component|auto_generated|pll1|clk[1] ; pll|altpll_component|auto_generated|pll1|clk[0] ; 4166.667     ; -0.207     ; 5.950      ;
; 4160.509 ; Multiplicador:multiplicador|ACC:acc|Saidas[2]  ; datamemory:Data_Memory|altsyncram:altsyncram_component|altsyncram_28i1:auto_generated|ram_block1a0~porta_address_reg0  ; pll|altpll_component|auto_generated|pll1|clk[1] ; pll|altpll_component|auto_generated|pll1|clk[0] ; 4166.667     ; 0.151      ; 6.348      ;
; 4160.555 ; Multiplicador:multiplicador|ACC:acc|Saidas[21] ; datamemory:Data_Memory|altsyncram:altsyncram_component|altsyncram_28i1:auto_generated|ram_block1a0~porta_we_reg        ; pll|altpll_component|auto_generated|pll1|clk[1] ; pll|altpll_component|auto_generated|pll1|clk[0] ; 4166.667     ; 0.166      ; 6.317      ;
; 4160.574 ; Multiplicador:multiplicador|ACC:acc|Saidas[21] ; datamemory:Data_Memory|altsyncram:altsyncram_component|altsyncram_28i1:auto_generated|ram_block1a27~porta_we_reg       ; pll|altpll_component|auto_generated|pll1|clk[1] ; pll|altpll_component|auto_generated|pll1|clk[0] ; 4166.667     ; 0.154      ; 6.286      ;
; 4160.616 ; Multiplicador:multiplicador|ACC:acc|Saidas[6]  ; datamemory:Data_Memory|altsyncram:altsyncram_component|altsyncram_28i1:auto_generated|ram_block1a9~porta_we_reg        ; pll|altpll_component|auto_generated|pll1|clk[1] ; pll|altpll_component|auto_generated|pll1|clk[0] ; 4166.667     ; 0.155      ; 6.245      ;
; 4160.626 ; Multiplicador:multiplicador|ACC:acc|Saidas[6]  ; datamemory:Data_Memory|altsyncram:altsyncram_component|altsyncram_28i1:auto_generated|ram_block1a18~porta_we_reg       ; pll|altpll_component|auto_generated|pll1|clk[1] ; pll|altpll_component|auto_generated|pll1|clk[0] ; 4166.667     ; 0.147      ; 6.227      ;
; 4160.636 ; Multiplicador:multiplicador|ACC:acc|Saidas[19] ; register:CTRL2|out[25]                                                                                                 ; pll|altpll_component|auto_generated|pll1|clk[1] ; pll|altpll_component|auto_generated|pll1|clk[0] ; 4166.667     ; -0.207     ; 5.822      ;
; 4160.668 ; Multiplicador:multiplicador|ACC:acc|Saidas[13] ; datamemory:Data_Memory|altsyncram:altsyncram_component|altsyncram_28i1:auto_generated|ram_block1a9~porta_we_reg        ; pll|altpll_component|auto_generated|pll1|clk[1] ; pll|altpll_component|auto_generated|pll1|clk[0] ; 4166.667     ; 0.148      ; 6.186      ;
; 4160.676 ; Multiplicador:multiplicador|ACC:acc|Saidas[22] ; datamemory:Data_Memory|altsyncram:altsyncram_component|altsyncram_28i1:auto_generated|ram_block1a9~porta_we_reg        ; pll|altpll_component|auto_generated|pll1|clk[1] ; pll|altpll_component|auto_generated|pll1|clk[0] ; 4166.667     ; 0.170      ; 6.200      ;
; 4160.678 ; Multiplicador:multiplicador|ACC:acc|Saidas[6]  ; datamemory:Data_Memory|altsyncram:altsyncram_component|altsyncram_28i1:auto_generated|ram_block1a0~porta_we_reg        ; pll|altpll_component|auto_generated|pll1|clk[1] ; pll|altpll_component|auto_generated|pll1|clk[0] ; 4166.667     ; 0.151      ; 6.179      ;
; 4160.678 ; Multiplicador:multiplicador|ACC:acc|Saidas[13] ; datamemory:Data_Memory|altsyncram:altsyncram_component|altsyncram_28i1:auto_generated|ram_block1a18~porta_we_reg       ; pll|altpll_component|auto_generated|pll1|clk[1] ; pll|altpll_component|auto_generated|pll1|clk[0] ; 4166.667     ; 0.140      ; 6.168      ;
; 4160.686 ; Multiplicador:multiplicador|ACC:acc|Saidas[22] ; datamemory:Data_Memory|altsyncram:altsyncram_component|altsyncram_28i1:auto_generated|ram_block1a18~porta_we_reg       ; pll|altpll_component|auto_generated|pll1|clk[1] ; pll|altpll_component|auto_generated|pll1|clk[0] ; 4166.667     ; 0.162      ; 6.182      ;
; 4160.697 ; Multiplicador:multiplicador|ACC:acc|Saidas[6]  ; datamemory:Data_Memory|altsyncram:altsyncram_component|altsyncram_28i1:auto_generated|ram_block1a27~porta_we_reg       ; pll|altpll_component|auto_generated|pll1|clk[1] ; pll|altpll_component|auto_generated|pll1|clk[0] ; 4166.667     ; 0.139      ; 6.148      ;
; 4160.697 ; Multiplicador:multiplicador|ACC:acc|Saidas[1]  ; register:CTRL2|out[25]                                                                                                 ; pll|altpll_component|auto_generated|pll1|clk[1] ; pll|altpll_component|auto_generated|pll1|clk[0] ; 4166.667     ; -0.221     ; 5.747      ;
; 4160.730 ; Multiplicador:multiplicador|ACC:acc|Saidas[13] ; datamemory:Data_Memory|altsyncram:altsyncram_component|altsyncram_28i1:auto_generated|ram_block1a0~porta_we_reg        ; pll|altpll_component|auto_generated|pll1|clk[1] ; pll|altpll_component|auto_generated|pll1|clk[0] ; 4166.667     ; 0.144      ; 6.120      ;
; 4160.738 ; Multiplicador:multiplicador|ACC:acc|Saidas[22] ; datamemory:Data_Memory|altsyncram:altsyncram_component|altsyncram_28i1:auto_generated|ram_block1a0~porta_we_reg        ; pll|altpll_component|auto_generated|pll1|clk[1] ; pll|altpll_component|auto_generated|pll1|clk[0] ; 4166.667     ; 0.166      ; 6.134      ;
; 4160.745 ; Multiplicador:multiplicador|ACC:acc|Saidas[28] ; datamemory:Data_Memory|altsyncram:altsyncram_component|altsyncram_28i1:auto_generated|ram_block1a9~porta_we_reg        ; pll|altpll_component|auto_generated|pll1|clk[1] ; pll|altpll_component|auto_generated|pll1|clk[0] ; 4166.667     ; 0.165      ; 6.126      ;
; 4160.749 ; Multiplicador:multiplicador|ACC:acc|Saidas[13] ; datamemory:Data_Memory|altsyncram:altsyncram_component|altsyncram_28i1:auto_generated|ram_block1a27~porta_we_reg       ; pll|altpll_component|auto_generated|pll1|clk[1] ; pll|altpll_component|auto_generated|pll1|clk[0] ; 4166.667     ; 0.132      ; 6.089      ;
; 4160.755 ; Multiplicador:multiplicador|ACC:acc|Saidas[28] ; datamemory:Data_Memory|altsyncram:altsyncram_component|altsyncram_28i1:auto_generated|ram_block1a18~porta_we_reg       ; pll|altpll_component|auto_generated|pll1|clk[1] ; pll|altpll_component|auto_generated|pll1|clk[0] ; 4166.667     ; 0.157      ; 6.108      ;
; 4160.757 ; Multiplicador:multiplicador|ACC:acc|Saidas[22] ; datamemory:Data_Memory|altsyncram:altsyncram_component|altsyncram_28i1:auto_generated|ram_block1a27~porta_we_reg       ; pll|altpll_component|auto_generated|pll1|clk[1] ; pll|altpll_component|auto_generated|pll1|clk[0] ; 4166.667     ; 0.154      ; 6.103      ;
; 4160.765 ; Multiplicador:multiplicador|ACC:acc|Saidas[27] ; datamemory:Data_Memory|altsyncram:altsyncram_component|altsyncram_28i1:auto_generated|ram_block1a9~porta_we_reg        ; pll|altpll_component|auto_generated|pll1|clk[1] ; pll|altpll_component|auto_generated|pll1|clk[0] ; 4166.667     ; 0.165      ; 6.106      ;
; 4160.775 ; Multiplicador:multiplicador|ACC:acc|Saidas[27] ; datamemory:Data_Memory|altsyncram:altsyncram_component|altsyncram_28i1:auto_generated|ram_block1a18~porta_we_reg       ; pll|altpll_component|auto_generated|pll1|clk[1] ; pll|altpll_component|auto_generated|pll1|clk[0] ; 4166.667     ; 0.157      ; 6.088      ;
; 4160.782 ; Multiplicador:multiplicador|ACC:acc|Saidas[20] ; datamemory:Data_Memory|altsyncram:altsyncram_component|altsyncram_28i1:auto_generated|ram_block1a9~porta_we_reg        ; pll|altpll_component|auto_generated|pll1|clk[1] ; pll|altpll_component|auto_generated|pll1|clk[0] ; 4166.667     ; 0.170      ; 6.094      ;
; 4160.792 ; Multiplicador:multiplicador|ACC:acc|Saidas[20] ; datamemory:Data_Memory|altsyncram:altsyncram_component|altsyncram_28i1:auto_generated|ram_block1a18~porta_we_reg       ; pll|altpll_component|auto_generated|pll1|clk[1] ; pll|altpll_component|auto_generated|pll1|clk[0] ; 4166.667     ; 0.162      ; 6.076      ;
; 4160.805 ; Multiplicador:multiplicador|ACC:acc|Saidas[26] ; datamemory:Data_Memory|altsyncram:altsyncram_component|altsyncram_28i1:auto_generated|ram_block1a9~porta_we_reg        ; pll|altpll_component|auto_generated|pll1|clk[1] ; pll|altpll_component|auto_generated|pll1|clk[0] ; 4166.667     ; 0.165      ; 6.066      ;
; 4160.807 ; Multiplicador:multiplicador|ACC:acc|Saidas[28] ; datamemory:Data_Memory|altsyncram:altsyncram_component|altsyncram_28i1:auto_generated|ram_block1a0~porta_we_reg        ; pll|altpll_component|auto_generated|pll1|clk[1] ; pll|altpll_component|auto_generated|pll1|clk[0] ; 4166.667     ; 0.161      ; 6.060      ;
; 4160.815 ; Multiplicador:multiplicador|ACC:acc|Saidas[26] ; datamemory:Data_Memory|altsyncram:altsyncram_component|altsyncram_28i1:auto_generated|ram_block1a18~porta_we_reg       ; pll|altpll_component|auto_generated|pll1|clk[1] ; pll|altpll_component|auto_generated|pll1|clk[0] ; 4166.667     ; 0.157      ; 6.048      ;
; 4160.826 ; Multiplicador:multiplicador|ACC:acc|Saidas[28] ; datamemory:Data_Memory|altsyncram:altsyncram_component|altsyncram_28i1:auto_generated|ram_block1a27~porta_we_reg       ; pll|altpll_component|auto_generated|pll1|clk[1] ; pll|altpll_component|auto_generated|pll1|clk[0] ; 4166.667     ; 0.149      ; 6.029      ;
; 4160.827 ; Multiplicador:multiplicador|ACC:acc|Saidas[7]  ; datamemory:Data_Memory|altsyncram:altsyncram_component|altsyncram_28i1:auto_generated|ram_block1a9~porta_we_reg        ; pll|altpll_component|auto_generated|pll1|clk[1] ; pll|altpll_component|auto_generated|pll1|clk[0] ; 4166.667     ; 0.148      ; 6.027      ;
; 4160.827 ; Multiplicador:multiplicador|ACC:acc|Saidas[27] ; datamemory:Data_Memory|altsyncram:altsyncram_component|altsyncram_28i1:auto_generated|ram_block1a0~porta_we_reg        ; pll|altpll_component|auto_generated|pll1|clk[1] ; pll|altpll_component|auto_generated|pll1|clk[0] ; 4166.667     ; 0.161      ; 6.040      ;
; 4160.837 ; Multiplicador:multiplicador|ACC:acc|Saidas[3]  ; datamemory:Data_Memory|altsyncram:altsyncram_component|altsyncram_28i1:auto_generated|ram_block1a9~porta_we_reg        ; pll|altpll_component|auto_generated|pll1|clk[1] ; pll|altpll_component|auto_generated|pll1|clk[0] ; 4166.667     ; 0.155      ; 6.024      ;
; 4160.837 ; Multiplicador:multiplicador|ACC:acc|Saidas[7]  ; datamemory:Data_Memory|altsyncram:altsyncram_component|altsyncram_28i1:auto_generated|ram_block1a18~porta_we_reg       ; pll|altpll_component|auto_generated|pll1|clk[1] ; pll|altpll_component|auto_generated|pll1|clk[0] ; 4166.667     ; 0.140      ; 6.009      ;
; 4160.844 ; Multiplicador:multiplicador|ACC:acc|Saidas[20] ; datamemory:Data_Memory|altsyncram:altsyncram_component|altsyncram_28i1:auto_generated|ram_block1a0~porta_we_reg        ; pll|altpll_component|auto_generated|pll1|clk[1] ; pll|altpll_component|auto_generated|pll1|clk[0] ; 4166.667     ; 0.166      ; 6.028      ;
; 4160.846 ; Multiplicador:multiplicador|ACC:acc|Saidas[27] ; datamemory:Data_Memory|altsyncram:altsyncram_component|altsyncram_28i1:auto_generated|ram_block1a27~porta_we_reg       ; pll|altpll_component|auto_generated|pll1|clk[1] ; pll|altpll_component|auto_generated|pll1|clk[0] ; 4166.667     ; 0.149      ; 6.009      ;
; 4160.847 ; Multiplicador:multiplicador|ACC:acc|Saidas[3]  ; datamemory:Data_Memory|altsyncram:altsyncram_component|altsyncram_28i1:auto_generated|ram_block1a18~porta_we_reg       ; pll|altpll_component|auto_generated|pll1|clk[1] ; pll|altpll_component|auto_generated|pll1|clk[0] ; 4166.667     ; 0.147      ; 6.006      ;
; 4160.863 ; Multiplicador:multiplicador|ACC:acc|Saidas[20] ; datamemory:Data_Memory|altsyncram:altsyncram_component|altsyncram_28i1:auto_generated|ram_block1a27~porta_we_reg       ; pll|altpll_component|auto_generated|pll1|clk[1] ; pll|altpll_component|auto_generated|pll1|clk[0] ; 4166.667     ; 0.154      ; 5.997      ;
; 4160.867 ; Multiplicador:multiplicador|ACC:acc|Saidas[26] ; datamemory:Data_Memory|altsyncram:altsyncram_component|altsyncram_28i1:auto_generated|ram_block1a0~porta_we_reg        ; pll|altpll_component|auto_generated|pll1|clk[1] ; pll|altpll_component|auto_generated|pll1|clk[0] ; 4166.667     ; 0.161      ; 6.000      ;
; 4160.870 ; Multiplicador:multiplicador|ACC:acc|Saidas[23] ; register:CTRL2|out[25]                                                                                                 ; pll|altpll_component|auto_generated|pll1|clk[1] ; pll|altpll_component|auto_generated|pll1|clk[0] ; 4166.667     ; -0.213     ; 5.582      ;
; 4160.886 ; Multiplicador:multiplicador|ACC:acc|Saidas[26] ; datamemory:Data_Memory|altsyncram:altsyncram_component|altsyncram_28i1:auto_generated|ram_block1a27~porta_we_reg       ; pll|altpll_component|auto_generated|pll1|clk[1] ; pll|altpll_component|auto_generated|pll1|clk[0] ; 4166.667     ; 0.149      ; 5.969      ;
; 4160.889 ; Multiplicador:multiplicador|ACC:acc|Saidas[7]  ; datamemory:Data_Memory|altsyncram:altsyncram_component|altsyncram_28i1:auto_generated|ram_block1a0~porta_we_reg        ; pll|altpll_component|auto_generated|pll1|clk[1] ; pll|altpll_component|auto_generated|pll1|clk[0] ; 4166.667     ; 0.144      ; 5.961      ;
; 4160.899 ; Multiplicador:multiplicador|ACC:acc|Saidas[3]  ; datamemory:Data_Memory|altsyncram:altsyncram_component|altsyncram_28i1:auto_generated|ram_block1a0~porta_we_reg        ; pll|altpll_component|auto_generated|pll1|clk[1] ; pll|altpll_component|auto_generated|pll1|clk[0] ; 4166.667     ; 0.151      ; 5.958      ;
; 4160.901 ; Multiplicador:multiplicador|ACC:acc|Saidas[24] ; datamemory:Data_Memory|altsyncram:altsyncram_component|altsyncram_28i1:auto_generated|ram_block1a9~porta_we_reg        ; pll|altpll_component|auto_generated|pll1|clk[1] ; pll|altpll_component|auto_generated|pll1|clk[0] ; 4166.667     ; 0.165      ; 5.970      ;
; 4160.908 ; Multiplicador:multiplicador|ACC:acc|Saidas[7]  ; datamemory:Data_Memory|altsyncram:altsyncram_component|altsyncram_28i1:auto_generated|ram_block1a27~porta_we_reg       ; pll|altpll_component|auto_generated|pll1|clk[1] ; pll|altpll_component|auto_generated|pll1|clk[0] ; 4166.667     ; 0.132      ; 5.930      ;
; 4160.910 ; Multiplicador:multiplicador|ACC:acc|Saidas[4]  ; datamemory:Data_Memory|altsyncram:altsyncram_component|altsyncram_28i1:auto_generated|ram_block1a9~porta_we_reg        ; pll|altpll_component|auto_generated|pll1|clk[1] ; pll|altpll_component|auto_generated|pll1|clk[0] ; 4166.667     ; 0.155      ; 5.951      ;
; 4160.911 ; Multiplicador:multiplicador|ACC:acc|Saidas[24] ; datamemory:Data_Memory|altsyncram:altsyncram_component|altsyncram_28i1:auto_generated|ram_block1a18~porta_we_reg       ; pll|altpll_component|auto_generated|pll1|clk[1] ; pll|altpll_component|auto_generated|pll1|clk[0] ; 4166.667     ; 0.157      ; 5.952      ;
; 4160.918 ; Multiplicador:multiplicador|ACC:acc|Saidas[3]  ; datamemory:Data_Memory|altsyncram:altsyncram_component|altsyncram_28i1:auto_generated|ram_block1a27~porta_we_reg       ; pll|altpll_component|auto_generated|pll1|clk[1] ; pll|altpll_component|auto_generated|pll1|clk[0] ; 4166.667     ; 0.139      ; 5.927      ;
; 4160.920 ; Multiplicador:multiplicador|ACC:acc|Saidas[4]  ; datamemory:Data_Memory|altsyncram:altsyncram_component|altsyncram_28i1:auto_generated|ram_block1a18~porta_we_reg       ; pll|altpll_component|auto_generated|pll1|clk[1] ; pll|altpll_component|auto_generated|pll1|clk[0] ; 4166.667     ; 0.147      ; 5.933      ;
; 4160.932 ; Multiplicador:multiplicador|ACC:acc|Saidas[15] ; register:CTRL2|out[25]                                                                                                 ; pll|altpll_component|auto_generated|pll1|clk[1] ; pll|altpll_component|auto_generated|pll1|clk[0] ; 4166.667     ; -0.229     ; 5.504      ;
; 4160.932 ; Multiplicador:multiplicador|ACC:acc|Saidas[16] ; register:CTRL2|out[25]                                                                                                 ; pll|altpll_component|auto_generated|pll1|clk[1] ; pll|altpll_component|auto_generated|pll1|clk[0] ; 4166.667     ; -0.207     ; 5.526      ;
+----------+------------------------------------------------+------------------------------------------------------------------------------------------------------------------------+-------------------------------------------------+-------------------------------------------------+--------------+------------+------------+


+------------------------------------------------------------------------------------------------------------------------------------------------------------------------------------------------------------------------------------------------+
; Slow 1200mV 100C Model Setup: 'pll|altpll_component|auto_generated|pll1|clk[1]'                                                                                                                                                                ;
+----------+---------------------------------+------------------------------------------------------+-------------------------------------------------+-------------------------------------------------+--------------+------------+------------+
; Slack    ; From Node                       ; To Node                                              ; Launch Clock                                    ; Latch Clock                                     ; Relationship ; Clock Skew ; Data Delay ;
+----------+---------------------------------+------------------------------------------------------+-------------------------------------------------+-------------------------------------------------+--------------+------------+------------+
; 4160.679 ; registerfile:RegisterFile|B[8]  ; Multiplicador:multiplicador|ACC:acc|Saidas[31]       ; pll|altpll_component|auto_generated|pll1|clk[0] ; pll|altpll_component|auto_generated|pll1|clk[1] ; 4166.666     ; -0.205     ; 5.780      ;
; 4160.916 ; registerfile:RegisterFile|B[8]  ; Multiplicador:multiplicador|ACC:acc|Saidas[29]       ; pll|altpll_component|auto_generated|pll1|clk[0] ; pll|altpll_component|auto_generated|pll1|clk[1] ; 4166.666     ; -0.205     ; 5.543      ;
; 4160.948 ; registerfile:RegisterFile|B[8]  ; Multiplicador:multiplicador|ACC:acc|Saidas[30]       ; pll|altpll_component|auto_generated|pll1|clk[0] ; pll|altpll_component|auto_generated|pll1|clk[1] ; 4166.666     ; -0.205     ; 5.511      ;
; 4160.975 ; registerfile:RegisterFile|B[8]  ; Multiplicador:multiplicador|ACC:acc|Saidas[32]       ; pll|altpll_component|auto_generated|pll1|clk[0] ; pll|altpll_component|auto_generated|pll1|clk[1] ; 4166.666     ; -0.205     ; 5.484      ;
; 4161.084 ; registerfile:RegisterFile|B[8]  ; Multiplicador:multiplicador|ACC:acc|Saidas[27]       ; pll|altpll_component|auto_generated|pll1|clk[0] ; pll|altpll_component|auto_generated|pll1|clk[1] ; 4166.666     ; -0.205     ; 5.375      ;
; 4161.142 ; registerfile:RegisterFile|B[6]  ; Multiplicador:multiplicador|ACC:acc|Saidas[31]       ; pll|altpll_component|auto_generated|pll1|clk[0] ; pll|altpll_component|auto_generated|pll1|clk[1] ; 4166.666     ; -0.205     ; 5.317      ;
; 4161.223 ; registerfile:RegisterFile|B[8]  ; Multiplicador:multiplicador|ACC:acc|Saidas[28]       ; pll|altpll_component|auto_generated|pll1|clk[0] ; pll|altpll_component|auto_generated|pll1|clk[1] ; 4166.666     ; -0.205     ; 5.236      ;
; 4161.227 ; register:CTRL1|out[5]           ; Multiplicador:multiplicador|ACC:acc|Saidas[26]       ; pll|altpll_component|auto_generated|pll1|clk[0] ; pll|altpll_component|auto_generated|pll1|clk[1] ; 4166.666     ; -0.235     ; 5.202      ;
; 4161.245 ; register:CTRL1|out[5]           ; Multiplicador:multiplicador|ACC:acc|Saidas[25]       ; pll|altpll_component|auto_generated|pll1|clk[0] ; pll|altpll_component|auto_generated|pll1|clk[1] ; 4166.666     ; -0.235     ; 5.184      ;
; 4161.354 ; registerfile:RegisterFile|B[8]  ; Multiplicador:multiplicador|ACC:acc|Saidas[26]       ; pll|altpll_component|auto_generated|pll1|clk[0] ; pll|altpll_component|auto_generated|pll1|clk[1] ; 4166.666     ; -0.205     ; 5.105      ;
; 4161.379 ; registerfile:RegisterFile|B[6]  ; Multiplicador:multiplicador|ACC:acc|Saidas[29]       ; pll|altpll_component|auto_generated|pll1|clk[0] ; pll|altpll_component|auto_generated|pll1|clk[1] ; 4166.666     ; -0.205     ; 5.080      ;
; 4161.390 ; registerfile:RegisterFile|B[3]  ; Multiplicador:multiplicador|ACC:acc|Saidas[31]       ; pll|altpll_component|auto_generated|pll1|clk[0] ; pll|altpll_component|auto_generated|pll1|clk[1] ; 4166.666     ; -0.237     ; 5.037      ;
; 4161.420 ; registerfile:RegisterFile|B[6]  ; Multiplicador:multiplicador|ACC:acc|Saidas[30]       ; pll|altpll_component|auto_generated|pll1|clk[0] ; pll|altpll_component|auto_generated|pll1|clk[1] ; 4166.666     ; -0.205     ; 5.039      ;
; 4161.439 ; register:CTRL1|out[5]           ; Multiplicador:multiplicador|ACC:acc|Saidas[3]        ; pll|altpll_component|auto_generated|pll1|clk[0] ; pll|altpll_component|auto_generated|pll1|clk[1] ; 4166.666     ; -0.227     ; 4.998      ;
; 4161.439 ; register:CTRL1|out[5]           ; Multiplicador:multiplicador|ACC:acc|Saidas[5]        ; pll|altpll_component|auto_generated|pll1|clk[0] ; pll|altpll_component|auto_generated|pll1|clk[1] ; 4166.666     ; -0.227     ; 4.998      ;
; 4161.439 ; register:CTRL1|out[5]           ; Multiplicador:multiplicador|ACC:acc|Saidas[6]        ; pll|altpll_component|auto_generated|pll1|clk[0] ; pll|altpll_component|auto_generated|pll1|clk[1] ; 4166.666     ; -0.227     ; 4.998      ;
; 4161.439 ; register:CTRL1|out[5]           ; Multiplicador:multiplicador|ACC:acc|Saidas[4]        ; pll|altpll_component|auto_generated|pll1|clk[0] ; pll|altpll_component|auto_generated|pll1|clk[1] ; 4166.666     ; -0.227     ; 4.998      ;
; 4161.439 ; register:CTRL1|out[5]           ; Multiplicador:multiplicador|ACC:acc|Saidas[2]        ; pll|altpll_component|auto_generated|pll1|clk[0] ; pll|altpll_component|auto_generated|pll1|clk[1] ; 4166.666     ; -0.227     ; 4.998      ;
; 4161.447 ; registerfile:RegisterFile|B[6]  ; Multiplicador:multiplicador|ACC:acc|Saidas[32]       ; pll|altpll_component|auto_generated|pll1|clk[0] ; pll|altpll_component|auto_generated|pll1|clk[1] ; 4166.666     ; -0.205     ; 5.012      ;
; 4161.477 ; registerfile:RegisterFile|B[10] ; Multiplicador:multiplicador|ACC:acc|Saidas[31]       ; pll|altpll_component|auto_generated|pll1|clk[0] ; pll|altpll_component|auto_generated|pll1|clk[1] ; 4166.666     ; -0.212     ; 4.975      ;
; 4161.479 ; register:CTRL1|out[5]           ; Multiplicador:multiplicador|ACC:acc|Saidas[1]        ; pll|altpll_component|auto_generated|pll1|clk[0] ; pll|altpll_component|auto_generated|pll1|clk[1] ; 4166.666     ; -0.227     ; 4.958      ;
; 4161.479 ; register:CTRL1|out[5]           ; Multiplicador:multiplicador|ACC:acc|Saidas[0]        ; pll|altpll_component|auto_generated|pll1|clk[0] ; pll|altpll_component|auto_generated|pll1|clk[1] ; 4166.666     ; -0.227     ; 4.958      ;
; 4161.504 ; registerfile:RegisterFile|B[3]  ; Multiplicador:multiplicador|ACC:acc|Saidas[30]       ; pll|altpll_component|auto_generated|pll1|clk[0] ; pll|altpll_component|auto_generated|pll1|clk[1] ; 4166.666     ; -0.237     ; 4.923      ;
; 4161.525 ; registerfile:RegisterFile|B[8]  ; Multiplicador:multiplicador|ACC:acc|Saidas[25]       ; pll|altpll_component|auto_generated|pll1|clk[0] ; pll|altpll_component|auto_generated|pll1|clk[1] ; 4166.666     ; -0.205     ; 4.934      ;
; 4161.531 ; registerfile:RegisterFile|B[3]  ; Multiplicador:multiplicador|ACC:acc|Saidas[32]       ; pll|altpll_component|auto_generated|pll1|clk[0] ; pll|altpll_component|auto_generated|pll1|clk[1] ; 4166.666     ; -0.237     ; 4.896      ;
; 4161.547 ; registerfile:RegisterFile|B[6]  ; Multiplicador:multiplicador|ACC:acc|Saidas[27]       ; pll|altpll_component|auto_generated|pll1|clk[0] ; pll|altpll_component|auto_generated|pll1|clk[1] ; 4166.666     ; -0.205     ; 4.912      ;
; 4161.577 ; registerfile:RegisterFile|B[6]  ; Multiplicador:multiplicador|ACC:acc|Saidas[23]       ; pll|altpll_component|auto_generated|pll1|clk[0] ; pll|altpll_component|auto_generated|pll1|clk[1] ; 4166.666     ; -0.205     ; 4.882      ;
; 4161.588 ; register:CTRL1|out[5]           ; Multiplicador:multiplicador|ACC:acc|Saidas[22]       ; pll|altpll_component|auto_generated|pll1|clk[0] ; pll|altpll_component|auto_generated|pll1|clk[1] ; 4166.666     ; -0.240     ; 4.836      ;
; 4161.598 ; registerfile:RegisterFile|B[3]  ; Multiplicador:multiplicador|ACC:acc|Saidas[29]       ; pll|altpll_component|auto_generated|pll1|clk[0] ; pll|altpll_component|auto_generated|pll1|clk[1] ; 4166.666     ; -0.237     ; 4.829      ;
; 4161.607 ; register:CTRL1|out[5]           ; Multiplicador:multiplicador|ACC:acc|Saidas[19]       ; pll|altpll_component|auto_generated|pll1|clk[0] ; pll|altpll_component|auto_generated|pll1|clk[1] ; 4166.666     ; -0.240     ; 4.817      ;
; 4161.608 ; register:CTRL1|out[5]           ; Multiplicador:multiplicador|ACC:acc|Saidas[21]       ; pll|altpll_component|auto_generated|pll1|clk[0] ; pll|altpll_component|auto_generated|pll1|clk[1] ; 4166.666     ; -0.240     ; 4.816      ;
; 4161.608 ; register:CTRL1|out[5]           ; Multiplicador:multiplicador|ACC:acc|Saidas[18]       ; pll|altpll_component|auto_generated|pll1|clk[0] ; pll|altpll_component|auto_generated|pll1|clk[1] ; 4166.666     ; -0.240     ; 4.816      ;
; 4161.633 ; register:CTRL1|out[5]           ; Multiplicador:multiplicador|ACC:acc|Saidas[31]       ; pll|altpll_component|auto_generated|pll1|clk[0] ; pll|altpll_component|auto_generated|pll1|clk[1] ; 4166.666     ; -0.235     ; 4.796      ;
; 4161.636 ; register:CTRL1|out[5]           ; Multiplicador:multiplicador|ACC:acc|Saidas[23]       ; pll|altpll_component|auto_generated|pll1|clk[0] ; pll|altpll_component|auto_generated|pll1|clk[1] ; 4166.666     ; -0.235     ; 4.793      ;
; 4161.643 ; register:CTRL1|out[5]           ; Multiplicador:multiplicador|ACC:acc|Saidas[30]       ; pll|altpll_component|auto_generated|pll1|clk[0] ; pll|altpll_component|auto_generated|pll1|clk[1] ; 4166.666     ; -0.235     ; 4.786      ;
; 4161.695 ; registerfile:RegisterFile|B[6]  ; Multiplicador:multiplicador|ACC:acc|Saidas[28]       ; pll|altpll_component|auto_generated|pll1|clk[0] ; pll|altpll_component|auto_generated|pll1|clk[1] ; 4166.666     ; -0.205     ; 4.764      ;
; 4161.714 ; registerfile:RegisterFile|B[10] ; Multiplicador:multiplicador|ACC:acc|Saidas[29]       ; pll|altpll_component|auto_generated|pll1|clk[0] ; pll|altpll_component|auto_generated|pll1|clk[1] ; 4166.666     ; -0.212     ; 4.738      ;
; 4161.718 ; registerfile:RegisterFile|B[8]  ; Multiplicador:multiplicador|ACC:acc|Saidas[24]       ; pll|altpll_component|auto_generated|pll1|clk[0] ; pll|altpll_component|auto_generated|pll1|clk[1] ; 4166.666     ; -0.205     ; 4.741      ;
; 4161.746 ; registerfile:RegisterFile|B[14] ; Multiplicador:multiplicador|ACC:acc|Saidas[31]       ; pll|altpll_component|auto_generated|pll1|clk[0] ; pll|altpll_component|auto_generated|pll1|clk[1] ; 4166.666     ; -0.212     ; 4.706      ;
; 4161.772 ; registerfile:RegisterFile|B[2]  ; Multiplicador:multiplicador|ACC:acc|Saidas[31]       ; pll|altpll_component|auto_generated|pll1|clk[0] ; pll|altpll_component|auto_generated|pll1|clk[1] ; 4166.666     ; -0.197     ; 4.695      ;
; 4161.779 ; registerfile:RegisterFile|B[3]  ; Multiplicador:multiplicador|ACC:acc|Saidas[28]       ; pll|altpll_component|auto_generated|pll1|clk[0] ; pll|altpll_component|auto_generated|pll1|clk[1] ; 4166.666     ; -0.237     ; 4.648      ;
; 4161.781 ; registerfile:RegisterFile|B[3]  ; Multiplicador:multiplicador|ACC:acc|Saidas[27]       ; pll|altpll_component|auto_generated|pll1|clk[0] ; pll|altpll_component|auto_generated|pll1|clk[1] ; 4166.666     ; -0.237     ; 4.646      ;
; 4161.785 ; registerfile:RegisterFile|B[10] ; Multiplicador:multiplicador|ACC:acc|Saidas[30]       ; pll|altpll_component|auto_generated|pll1|clk[0] ; pll|altpll_component|auto_generated|pll1|clk[1] ; 4166.666     ; -0.212     ; 4.667      ;
; 4161.787 ; registerfile:RegisterFile|B[6]  ; Multiplicador:multiplicador|ACC:acc|Saidas[24]       ; pll|altpll_component|auto_generated|pll1|clk[0] ; pll|altpll_component|auto_generated|pll1|clk[1] ; 4166.666     ; -0.205     ; 4.672      ;
; 4161.798 ; registerfile:RegisterFile|B[5]  ; Multiplicador:multiplicador|ACC:acc|Saidas[31]       ; pll|altpll_component|auto_generated|pll1|clk[0] ; pll|altpll_component|auto_generated|pll1|clk[1] ; 4166.666     ; -0.237     ; 4.629      ;
; 4161.823 ; registerfile:RegisterFile|B[10] ; Multiplicador:multiplicador|ACC:acc|Saidas[32]       ; pll|altpll_component|auto_generated|pll1|clk[0] ; pll|altpll_component|auto_generated|pll1|clk[1] ; 4166.666     ; -0.212     ; 4.629      ;
; 4161.826 ; registerfile:RegisterFile|B[6]  ; Multiplicador:multiplicador|ACC:acc|Saidas[26]       ; pll|altpll_component|auto_generated|pll1|clk[0] ; pll|altpll_component|auto_generated|pll1|clk[1] ; 4166.666     ; -0.205     ; 4.633      ;
; 4161.838 ; register:CTRL1|out[5]           ; Multiplicador:multiplicador|ACC:acc|Saidas[32]       ; pll|altpll_component|auto_generated|pll1|clk[0] ; pll|altpll_component|auto_generated|pll1|clk[1] ; 4166.666     ; -0.235     ; 4.591      ;
; 4161.838 ; registerfile:RegisterFile|B[3]  ; Multiplicador:multiplicador|ACC:acc|Saidas[23]       ; pll|altpll_component|auto_generated|pll1|clk[0] ; pll|altpll_component|auto_generated|pll1|clk[1] ; 4166.666     ; -0.237     ; 4.589      ;
; 4161.859 ; register:CTRL1|out[5]           ; Multiplicador:multiplicador|ACC:acc|Saidas[9]        ; pll|altpll_component|auto_generated|pll1|clk[0] ; pll|altpll_component|auto_generated|pll1|clk[1] ; 4166.666     ; -0.219     ; 4.586      ;
; 4161.859 ; register:CTRL1|out[5]           ; Multiplicador:multiplicador|ACC:acc|Saidas[10]       ; pll|altpll_component|auto_generated|pll1|clk[0] ; pll|altpll_component|auto_generated|pll1|clk[1] ; 4166.666     ; -0.219     ; 4.586      ;
; 4161.859 ; register:CTRL1|out[5]           ; Multiplicador:multiplicador|ACC:acc|Saidas[14]       ; pll|altpll_component|auto_generated|pll1|clk[0] ; pll|altpll_component|auto_generated|pll1|clk[1] ; 4166.666     ; -0.219     ; 4.586      ;
; 4161.859 ; register:CTRL1|out[5]           ; Multiplicador:multiplicador|ACC:acc|Saidas[13]       ; pll|altpll_component|auto_generated|pll1|clk[0] ; pll|altpll_component|auto_generated|pll1|clk[1] ; 4166.666     ; -0.219     ; 4.586      ;
; 4161.859 ; register:CTRL1|out[5]           ; Multiplicador:multiplicador|ACC:acc|Saidas[12]       ; pll|altpll_component|auto_generated|pll1|clk[0] ; pll|altpll_component|auto_generated|pll1|clk[1] ; 4166.666     ; -0.219     ; 4.586      ;
; 4161.859 ; register:CTRL1|out[5]           ; Multiplicador:multiplicador|ACC:acc|Saidas[15]       ; pll|altpll_component|auto_generated|pll1|clk[0] ; pll|altpll_component|auto_generated|pll1|clk[1] ; 4166.666     ; -0.219     ; 4.586      ;
; 4161.859 ; register:CTRL1|out[5]           ; Multiplicador:multiplicador|ACC:acc|Saidas[11]       ; pll|altpll_component|auto_generated|pll1|clk[0] ; pll|altpll_component|auto_generated|pll1|clk[1] ; 4166.666     ; -0.219     ; 4.586      ;
; 4161.859 ; register:CTRL1|out[5]           ; Multiplicador:multiplicador|ACC:acc|Saidas[8]        ; pll|altpll_component|auto_generated|pll1|clk[0] ; pll|altpll_component|auto_generated|pll1|clk[1] ; 4166.666     ; -0.219     ; 4.586      ;
; 4161.859 ; register:CTRL1|out[5]           ; Multiplicador:multiplicador|ACC:acc|Saidas[7]        ; pll|altpll_component|auto_generated|pll1|clk[0] ; pll|altpll_component|auto_generated|pll1|clk[1] ; 4166.666     ; -0.219     ; 4.586      ;
; 4161.871 ; registerfile:RegisterFile|B[3]  ; Multiplicador:multiplicador|ACC:acc|Saidas[24]       ; pll|altpll_component|auto_generated|pll1|clk[0] ; pll|altpll_component|auto_generated|pll1|clk[1] ; 4166.666     ; -0.237     ; 4.556      ;
; 4161.874 ; registerfile:RegisterFile|B[7]  ; Multiplicador:multiplicador|ACC:acc|Saidas[31]       ; pll|altpll_component|auto_generated|pll1|clk[0] ; pll|altpll_component|auto_generated|pll1|clk[1] ; 4166.666     ; -0.229     ; 4.561      ;
; 4161.882 ; registerfile:RegisterFile|B[10] ; Multiplicador:multiplicador|ACC:acc|Saidas[27]       ; pll|altpll_component|auto_generated|pll1|clk[0] ; pll|altpll_component|auto_generated|pll1|clk[1] ; 4166.666     ; -0.212     ; 4.570      ;
; 4161.899 ; registerfile:RegisterFile|B[1]  ; Multiplicador:multiplicador|ACC:acc|Saidas[31]       ; pll|altpll_component|auto_generated|pll1|clk[0] ; pll|altpll_component|auto_generated|pll1|clk[1] ; 4166.666     ; -0.224     ; 4.541      ;
; 4161.910 ; registerfile:RegisterFile|B[3]  ; Multiplicador:multiplicador|ACC:acc|Saidas[26]       ; pll|altpll_component|auto_generated|pll1|clk[0] ; pll|altpll_component|auto_generated|pll1|clk[1] ; 4166.666     ; -0.237     ; 4.517      ;
; 4161.912 ; registerfile:RegisterFile|B[5]  ; Multiplicador:multiplicador|ACC:acc|Saidas[30]       ; pll|altpll_component|auto_generated|pll1|clk[0] ; pll|altpll_component|auto_generated|pll1|clk[1] ; 4166.666     ; -0.237     ; 4.515      ;
; 4161.927 ; register:CTRL1|out[5]           ; Multiplicador:multiplicador|ACC:acc|Saidas[20]       ; pll|altpll_component|auto_generated|pll1|clk[0] ; pll|altpll_component|auto_generated|pll1|clk[1] ; 4166.666     ; -0.240     ; 4.497      ;
; 4161.928 ; register:CTRL1|out[5]           ; Multiplicador:multiplicador|ACC:acc|Saidas[17]       ; pll|altpll_component|auto_generated|pll1|clk[0] ; pll|altpll_component|auto_generated|pll1|clk[1] ; 4166.666     ; -0.240     ; 4.496      ;
; 4161.930 ; register:CTRL1|out[5]           ; Multiplicador:multiplicador|ACC:acc|Saidas[16]       ; pll|altpll_component|auto_generated|pll1|clk[0] ; pll|altpll_component|auto_generated|pll1|clk[1] ; 4166.666     ; -0.240     ; 4.494      ;
; 4161.939 ; registerfile:RegisterFile|B[5]  ; Multiplicador:multiplicador|ACC:acc|Saidas[32]       ; pll|altpll_component|auto_generated|pll1|clk[0] ; pll|altpll_component|auto_generated|pll1|clk[1] ; 4166.666     ; -0.237     ; 4.488      ;
; 4161.977 ; register:CTRL1|out[5]           ; Multiplicador:multiplicador|ACC:acc|Saidas[24]       ; pll|altpll_component|auto_generated|pll1|clk[0] ; pll|altpll_component|auto_generated|pll1|clk[1] ; 4166.666     ; -0.235     ; 4.452      ;
; 4161.978 ; register:CTRL1|out[5]           ; Multiplicador:multiplicador|ACC:acc|Saidas[27]       ; pll|altpll_component|auto_generated|pll1|clk[0] ; pll|altpll_component|auto_generated|pll1|clk[1] ; 4166.666     ; -0.235     ; 4.451      ;
; 4161.979 ; register:CTRL1|out[5]           ; Multiplicador:multiplicador|ACC:acc|Saidas[29]       ; pll|altpll_component|auto_generated|pll1|clk[0] ; pll|altpll_component|auto_generated|pll1|clk[1] ; 4166.666     ; -0.235     ; 4.450      ;
; 4161.979 ; register:CTRL1|out[5]           ; Multiplicador:multiplicador|ACC:acc|Saidas[28]       ; pll|altpll_component|auto_generated|pll1|clk[0] ; pll|altpll_component|auto_generated|pll1|clk[1] ; 4166.666     ; -0.235     ; 4.450      ;
; 4161.988 ; registerfile:RegisterFile|B[7]  ; Multiplicador:multiplicador|ACC:acc|Saidas[30]       ; pll|altpll_component|auto_generated|pll1|clk[0] ; pll|altpll_component|auto_generated|pll1|clk[1] ; 4166.666     ; -0.229     ; 4.447      ;
; 4161.988 ; registerfile:RegisterFile|B[6]  ; Multiplicador:multiplicador|ACC:acc|Saidas[25]       ; pll|altpll_component|auto_generated|pll1|clk[0] ; pll|altpll_component|auto_generated|pll1|clk[1] ; 4166.666     ; -0.205     ; 4.471      ;
; 4161.990 ; registerfile:RegisterFile|B[13] ; Multiplicador:multiplicador|ACC:acc|Saidas[31]       ; pll|altpll_component|auto_generated|pll1|clk[0] ; pll|altpll_component|auto_generated|pll1|clk[1] ; 4166.666     ; -0.231     ; 4.443      ;
; 4162.006 ; registerfile:RegisterFile|B[5]  ; Multiplicador:multiplicador|ACC:acc|Saidas[29]       ; pll|altpll_component|auto_generated|pll1|clk[0] ; pll|altpll_component|auto_generated|pll1|clk[1] ; 4166.666     ; -0.237     ; 4.421      ;
; 4162.009 ; registerfile:RegisterFile|B[2]  ; Multiplicador:multiplicador|ACC:acc|Saidas[29]       ; pll|altpll_component|auto_generated|pll1|clk[0] ; pll|altpll_component|auto_generated|pll1|clk[1] ; 4166.666     ; -0.197     ; 4.458      ;
; 4162.013 ; registerfile:RegisterFile|B[1]  ; Multiplicador:multiplicador|ACC:acc|Saidas[30]       ; pll|altpll_component|auto_generated|pll1|clk[0] ; pll|altpll_component|auto_generated|pll1|clk[1] ; 4166.666     ; -0.224     ; 4.427      ;
; 4162.015 ; registerfile:RegisterFile|B[7]  ; Multiplicador:multiplicador|ACC:acc|Saidas[32]       ; pll|altpll_component|auto_generated|pll1|clk[0] ; pll|altpll_component|auto_generated|pll1|clk[1] ; 4166.666     ; -0.229     ; 4.420      ;
; 4162.040 ; registerfile:RegisterFile|B[1]  ; Multiplicador:multiplicador|ACC:acc|Saidas[32]       ; pll|altpll_component|auto_generated|pll1|clk[0] ; pll|altpll_component|auto_generated|pll1|clk[1] ; 4166.666     ; -0.224     ; 4.400      ;
; 4162.049 ; registerfile:RegisterFile|B[10] ; Multiplicador:multiplicador|ACC:acc|Saidas[28]       ; pll|altpll_component|auto_generated|pll1|clk[0] ; pll|altpll_component|auto_generated|pll1|clk[1] ; 4166.666     ; -0.212     ; 4.403      ;
; 4162.062 ; registerfile:RegisterFile|B[0]  ; Multiplicador:multiplicador|ACC:acc|Saidas[31]       ; pll|altpll_component|auto_generated|pll1|clk[0] ; pll|altpll_component|auto_generated|pll1|clk[1] ; 4166.666     ; -0.224     ; 4.378      ;
; 4162.080 ; registerfile:RegisterFile|B[2]  ; Multiplicador:multiplicador|ACC:acc|Saidas[30]       ; pll|altpll_component|auto_generated|pll1|clk[0] ; pll|altpll_component|auto_generated|pll1|clk[1] ; 4166.666     ; -0.197     ; 4.387      ;
; 4162.082 ; registerfile:RegisterFile|B[7]  ; Multiplicador:multiplicador|ACC:acc|Saidas[29]       ; pll|altpll_component|auto_generated|pll1|clk[0] ; pll|altpll_component|auto_generated|pll1|clk[1] ; 4166.666     ; -0.229     ; 4.353      ;
; 4162.092 ; registerfile:RegisterFile|B[14] ; Multiplicador:multiplicador|ACC:acc|Saidas[32]       ; pll|altpll_component|auto_generated|pll1|clk[0] ; pll|altpll_component|auto_generated|pll1|clk[1] ; 4166.666     ; -0.212     ; 4.360      ;
; 4162.104 ; registerfile:RegisterFile|B[13] ; Multiplicador:multiplicador|ACC:acc|Saidas[30]       ; pll|altpll_component|auto_generated|pll1|clk[0] ; pll|altpll_component|auto_generated|pll1|clk[1] ; 4166.666     ; -0.231     ; 4.329      ;
; 4162.107 ; registerfile:RegisterFile|B[1]  ; Multiplicador:multiplicador|ACC:acc|Saidas[29]       ; pll|altpll_component|auto_generated|pll1|clk[0] ; pll|altpll_component|auto_generated|pll1|clk[1] ; 4166.666     ; -0.224     ; 4.333      ;
; 4162.112 ; registerfile:RegisterFile|B[2]  ; Multiplicador:multiplicador|ACC:acc|Saidas[32]       ; pll|altpll_component|auto_generated|pll1|clk[0] ; pll|altpll_component|auto_generated|pll1|clk[1] ; 4166.666     ; -0.197     ; 4.355      ;
; 4162.131 ; registerfile:RegisterFile|B[13] ; Multiplicador:multiplicador|ACC:acc|Saidas[32]       ; pll|altpll_component|auto_generated|pll1|clk[0] ; pll|altpll_component|auto_generated|pll1|clk[1] ; 4166.666     ; -0.231     ; 4.302      ;
; 4162.142 ; register:CTRL1|out[5]           ; Multiplicador:multiplicador|Counter:counter|count[4] ; pll|altpll_component|auto_generated|pll1|clk[0] ; pll|altpll_component|auto_generated|pll1|clk[1] ; 4166.666     ; -0.227     ; 4.295      ;
; 4162.142 ; register:CTRL1|out[5]           ; Multiplicador:multiplicador|Counter:counter|count[0] ; pll|altpll_component|auto_generated|pll1|clk[0] ; pll|altpll_component|auto_generated|pll1|clk[1] ; 4166.666     ; -0.227     ; 4.295      ;
; 4162.142 ; register:CTRL1|out[5]           ; Multiplicador:multiplicador|Counter:counter|count[2] ; pll|altpll_component|auto_generated|pll1|clk[0] ; pll|altpll_component|auto_generated|pll1|clk[1] ; 4166.666     ; -0.227     ; 4.295      ;
; 4162.142 ; register:CTRL1|out[5]           ; Multiplicador:multiplicador|Counter:counter|count[1] ; pll|altpll_component|auto_generated|pll1|clk[0] ; pll|altpll_component|auto_generated|pll1|clk[1] ; 4166.666     ; -0.227     ; 4.295      ;
; 4162.142 ; register:CTRL1|out[5]           ; Multiplicador:multiplicador|Counter:counter|count[3] ; pll|altpll_component|auto_generated|pll1|clk[0] ; pll|altpll_component|auto_generated|pll1|clk[1] ; 4166.666     ; -0.227     ; 4.295      ;
; 4162.156 ; registerfile:RegisterFile|B[3]  ; Multiplicador:multiplicador|ACC:acc|Saidas[20]       ; pll|altpll_component|auto_generated|pll1|clk[0] ; pll|altpll_component|auto_generated|pll1|clk[1] ; 4166.666     ; -0.242     ; 4.266      ;
; 4162.177 ; registerfile:RegisterFile|B[2]  ; Multiplicador:multiplicador|ACC:acc|Saidas[27]       ; pll|altpll_component|auto_generated|pll1|clk[0] ; pll|altpll_component|auto_generated|pll1|clk[1] ; 4166.666     ; -0.197     ; 4.290      ;
; 4162.187 ; registerfile:RegisterFile|B[5]  ; Multiplicador:multiplicador|ACC:acc|Saidas[28]       ; pll|altpll_component|auto_generated|pll1|clk[0] ; pll|altpll_component|auto_generated|pll1|clk[1] ; 4166.666     ; -0.237     ; 4.240      ;
; 4162.189 ; registerfile:RegisterFile|B[5]  ; Multiplicador:multiplicador|ACC:acc|Saidas[27]       ; pll|altpll_component|auto_generated|pll1|clk[0] ; pll|altpll_component|auto_generated|pll1|clk[1] ; 4166.666     ; -0.237     ; 4.238      ;
; 4162.207 ; registerfile:RegisterFile|B[2]  ; Multiplicador:multiplicador|ACC:acc|Saidas[23]       ; pll|altpll_component|auto_generated|pll1|clk[0] ; pll|altpll_component|auto_generated|pll1|clk[1] ; 4166.666     ; -0.197     ; 4.260      ;
; 4162.218 ; registerfile:RegisterFile|B[3]  ; Multiplicador:multiplicador|ACC:acc|Saidas[25]       ; pll|altpll_component|auto_generated|pll1|clk[0] ; pll|altpll_component|auto_generated|pll1|clk[1] ; 4166.666     ; -0.237     ; 4.209      ;
+----------+---------------------------------+------------------------------------------------------+-------------------------------------------------+-------------------------------------------------+--------------+------------+------------+


+------------------------------------------------------------------------------------------------------------------------------------------------------------------------------------------------------------------------------------------------------------------+
; Slow 1200mV 100C Model Hold: 'pll|altpll_component|auto_generated|pll1|clk[1]'                                                                                                                                                                                   ;
+-------+------------------------------------------------------+------------------------------------------------------+-------------------------------------------------+-------------------------------------------------+--------------+------------+------------+
; Slack ; From Node                                            ; To Node                                              ; Launch Clock                                    ; Latch Clock                                     ; Relationship ; Clock Skew ; Data Delay ;
+-------+------------------------------------------------------+------------------------------------------------------+-------------------------------------------------+-------------------------------------------------+--------------+------------+------------+
; 0.397 ; Multiplicador:multiplicador|CONTROL:control|state.S0 ; Multiplicador:multiplicador|CONTROL:control|state.S0 ; pll|altpll_component|auto_generated|pll1|clk[1] ; pll|altpll_component|auto_generated|pll1|clk[1] ; 0.000        ; 0.091      ; 0.674      ;
; 0.423 ; Multiplicador:multiplicador|ACC:acc|Saidas[6]        ; Multiplicador:multiplicador|ACC:acc|Saidas[5]        ; pll|altpll_component|auto_generated|pll1|clk[1] ; pll|altpll_component|auto_generated|pll1|clk[1] ; 0.000        ; 0.092      ; 0.701      ;
; 0.424 ; Multiplicador:multiplicador|ACC:acc|Saidas[14]       ; Multiplicador:multiplicador|ACC:acc|Saidas[13]       ; pll|altpll_component|auto_generated|pll1|clk[1] ; pll|altpll_component|auto_generated|pll1|clk[1] ; 0.000        ; 0.091      ; 0.701      ;
; 0.424 ; Multiplicador:multiplicador|Counter:counter|count[4] ; Multiplicador:multiplicador|Counter:counter|count[4] ; pll|altpll_component|auto_generated|pll1|clk[1] ; pll|altpll_component|auto_generated|pll1|clk[1] ; 0.000        ; 0.091      ; 0.701      ;
; 0.433 ; Multiplicador:multiplicador|CONTROL:control|state.S1 ; Multiplicador:multiplicador|CONTROL:control|state.S2 ; pll|altpll_component|auto_generated|pll1|clk[1] ; pll|altpll_component|auto_generated|pll1|clk[1] ; 0.000        ; 0.091      ; 0.710      ;
; 0.446 ; Multiplicador:multiplicador|ACC:acc|Saidas[20]       ; Multiplicador:multiplicador|ACC:acc|Saidas[19]       ; pll|altpll_component|auto_generated|pll1|clk[1] ; pll|altpll_component|auto_generated|pll1|clk[1] ; 0.000        ; 0.090      ; 0.722      ;
; 0.447 ; Multiplicador:multiplicador|ACC:acc|Saidas[27]       ; Multiplicador:multiplicador|ACC:acc|Saidas[26]       ; pll|altpll_component|auto_generated|pll1|clk[1] ; pll|altpll_component|auto_generated|pll1|clk[1] ; 0.000        ; 0.090      ; 0.723      ;
; 0.450 ; Multiplicador:multiplicador|ACC:acc|Saidas[19]       ; Multiplicador:multiplicador|ACC:acc|Saidas[18]       ; pll|altpll_component|auto_generated|pll1|clk[1] ; pll|altpll_component|auto_generated|pll1|clk[1] ; 0.000        ; 0.090      ; 0.726      ;
; 0.468 ; Multiplicador:multiplicador|CONTROL:control|state.S0 ; Multiplicador:multiplicador|Counter:counter|K        ; pll|altpll_component|auto_generated|pll1|clk[1] ; pll|altpll_component|auto_generated|pll1|clk[1] ; 0.000        ; 0.091      ; 0.745      ;
; 0.556 ; Multiplicador:multiplicador|ACC:acc|Saidas[15]       ; Multiplicador:multiplicador|ACC:acc|Saidas[14]       ; pll|altpll_component|auto_generated|pll1|clk[1] ; pll|altpll_component|auto_generated|pll1|clk[1] ; 0.000        ; 0.091      ; 0.833      ;
; 0.557 ; Multiplicador:multiplicador|ACC:acc|Saidas[13]       ; Multiplicador:multiplicador|ACC:acc|Saidas[12]       ; pll|altpll_component|auto_generated|pll1|clk[1] ; pll|altpll_component|auto_generated|pll1|clk[1] ; 0.000        ; 0.091      ; 0.834      ;
; 0.559 ; Multiplicador:multiplicador|ACC:acc|Saidas[32]       ; Multiplicador:multiplicador|ACC:acc|Saidas[31]       ; pll|altpll_component|auto_generated|pll1|clk[1] ; pll|altpll_component|auto_generated|pll1|clk[1] ; 0.000        ; 0.091      ; 0.836      ;
; 0.571 ; Multiplicador:multiplicador|ACC:acc|Saidas[8]        ; Multiplicador:multiplicador|ACC:acc|Saidas[7]        ; pll|altpll_component|auto_generated|pll1|clk[1] ; pll|altpll_component|auto_generated|pll1|clk[1] ; 0.000        ; 0.091      ; 0.848      ;
; 0.574 ; Multiplicador:multiplicador|ACC:acc|Saidas[9]        ; Multiplicador:multiplicador|ACC:acc|Saidas[8]        ; pll|altpll_component|auto_generated|pll1|clk[1] ; pll|altpll_component|auto_generated|pll1|clk[1] ; 0.000        ; 0.091      ; 0.851      ;
; 0.581 ; Multiplicador:multiplicador|ACC:acc|Saidas[26]       ; Multiplicador:multiplicador|ACC:acc|Saidas[25]       ; pll|altpll_component|auto_generated|pll1|clk[1] ; pll|altpll_component|auto_generated|pll1|clk[1] ; 0.000        ; 0.090      ; 0.857      ;
; 0.581 ; Multiplicador:multiplicador|ACC:acc|Saidas[4]        ; Multiplicador:multiplicador|ACC:acc|Saidas[3]        ; pll|altpll_component|auto_generated|pll1|clk[1] ; pll|altpll_component|auto_generated|pll1|clk[1] ; 0.000        ; 0.092      ; 0.859      ;
; 0.583 ; Multiplicador:multiplicador|ACC:acc|Saidas[30]       ; Multiplicador:multiplicador|ACC:acc|Saidas[29]       ; pll|altpll_component|auto_generated|pll1|clk[1] ; pll|altpll_component|auto_generated|pll1|clk[1] ; 0.000        ; 0.090      ; 0.859      ;
; 0.589 ; Multiplicador:multiplicador|ACC:acc|Saidas[22]       ; Multiplicador:multiplicador|ACC:acc|Saidas[21]       ; pll|altpll_component|auto_generated|pll1|clk[1] ; pll|altpll_component|auto_generated|pll1|clk[1] ; 0.000        ; 0.090      ; 0.865      ;
; 0.642 ; Multiplicador:multiplicador|ACC:acc|Saidas[5]        ; Multiplicador:multiplicador|ACC:acc|Saidas[4]        ; pll|altpll_component|auto_generated|pll1|clk[1] ; pll|altpll_component|auto_generated|pll1|clk[1] ; 0.000        ; 0.092      ; 0.920      ;
; 0.642 ; Multiplicador:multiplicador|Counter:counter|count[3] ; Multiplicador:multiplicador|Counter:counter|count[3] ; pll|altpll_component|auto_generated|pll1|clk[1] ; pll|altpll_component|auto_generated|pll1|clk[1] ; 0.000        ; 0.091      ; 0.919      ;
; 0.644 ; Multiplicador:multiplicador|Counter:counter|count[1] ; Multiplicador:multiplicador|Counter:counter|count[1] ; pll|altpll_component|auto_generated|pll1|clk[1] ; pll|altpll_component|auto_generated|pll1|clk[1] ; 0.000        ; 0.091      ; 0.921      ;
; 0.645 ; Multiplicador:multiplicador|ACC:acc|Saidas[12]       ; Multiplicador:multiplicador|ACC:acc|Saidas[11]       ; pll|altpll_component|auto_generated|pll1|clk[1] ; pll|altpll_component|auto_generated|pll1|clk[1] ; 0.000        ; 0.091      ; 0.922      ;
; 0.645 ; Multiplicador:multiplicador|Counter:counter|count[2] ; Multiplicador:multiplicador|Counter:counter|count[2] ; pll|altpll_component|auto_generated|pll1|clk[1] ; pll|altpll_component|auto_generated|pll1|clk[1] ; 0.000        ; 0.091      ; 0.922      ;
; 0.647 ; Multiplicador:multiplicador|ACC:acc|Saidas[1]        ; Multiplicador:multiplicador|ACC:acc|Saidas[0]        ; pll|altpll_component|auto_generated|pll1|clk[1] ; pll|altpll_component|auto_generated|pll1|clk[1] ; 0.000        ; 0.091      ; 0.924      ;
; 0.647 ; Multiplicador:multiplicador|ACC:acc|Saidas[3]        ; Multiplicador:multiplicador|ACC:acc|Saidas[2]        ; pll|altpll_component|auto_generated|pll1|clk[1] ; pll|altpll_component|auto_generated|pll1|clk[1] ; 0.000        ; 0.092      ; 0.925      ;
; 0.659 ; Multiplicador:multiplicador|ACC:acc|Saidas[11]       ; Multiplicador:multiplicador|ACC:acc|Saidas[10]       ; pll|altpll_component|auto_generated|pll1|clk[1] ; pll|altpll_component|auto_generated|pll1|clk[1] ; 0.000        ; 0.091      ; 0.936      ;
; 0.659 ; Multiplicador:multiplicador|Counter:counter|K        ; Multiplicador:multiplicador|CONTROL:control|state.S3 ; pll|altpll_component|auto_generated|pll1|clk[1] ; pll|altpll_component|auto_generated|pll1|clk[1] ; 0.000        ; 0.091      ; 0.936      ;
; 0.662 ; Multiplicador:multiplicador|CONTROL:control|state.S3 ; Multiplicador:multiplicador|CONTROL:control|state.S0 ; pll|altpll_component|auto_generated|pll1|clk[1] ; pll|altpll_component|auto_generated|pll1|clk[1] ; 0.000        ; 0.091      ; 0.939      ;
; 0.663 ; Multiplicador:multiplicador|Counter:counter|count[0] ; Multiplicador:multiplicador|Counter:counter|count[0] ; pll|altpll_component|auto_generated|pll1|clk[1] ; pll|altpll_component|auto_generated|pll1|clk[1] ; 0.000        ; 0.091      ; 0.940      ;
; 0.677 ; Multiplicador:multiplicador|Counter:counter|count[4] ; Multiplicador:multiplicador|Counter:counter|K        ; pll|altpll_component|auto_generated|pll1|clk[1] ; pll|altpll_component|auto_generated|pll1|clk[1] ; 0.000        ; 0.091      ; 0.954      ;
; 0.694 ; Multiplicador:multiplicador|CONTROL:control|state.S2 ; Multiplicador:multiplicador|CONTROL:control|state.S1 ; pll|altpll_component|auto_generated|pll1|clk[1] ; pll|altpll_component|auto_generated|pll1|clk[1] ; 0.000        ; 0.091      ; 0.971      ;
; 0.708 ; Multiplicador:multiplicador|ACC:acc|Saidas[17]       ; Multiplicador:multiplicador|ACC:acc|Saidas[16]       ; pll|altpll_component|auto_generated|pll1|clk[1] ; pll|altpll_component|auto_generated|pll1|clk[1] ; 0.000        ; 0.090      ; 0.984      ;
; 0.713 ; Multiplicador:multiplicador|CONTROL:control|state.S0 ; Multiplicador:multiplicador|ACC:acc|Saidas[1]        ; pll|altpll_component|auto_generated|pll1|clk[1] ; pll|altpll_component|auto_generated|pll1|clk[1] ; 0.000        ; 0.091      ; 0.990      ;
; 0.720 ; Multiplicador:multiplicador|CONTROL:control|state.S0 ; Multiplicador:multiplicador|ACC:acc|Saidas[0]        ; pll|altpll_component|auto_generated|pll1|clk[1] ; pll|altpll_component|auto_generated|pll1|clk[1] ; 0.000        ; 0.091      ; 0.997      ;
; 0.726 ; Multiplicador:multiplicador|ACC:acc|Saidas[18]       ; Multiplicador:multiplicador|ACC:acc|Saidas[17]       ; pll|altpll_component|auto_generated|pll1|clk[1] ; pll|altpll_component|auto_generated|pll1|clk[1] ; 0.000        ; 0.090      ; 1.002      ;
; 0.726 ; Multiplicador:multiplicador|ACC:acc|Saidas[21]       ; Multiplicador:multiplicador|ACC:acc|Saidas[20]       ; pll|altpll_component|auto_generated|pll1|clk[1] ; pll|altpll_component|auto_generated|pll1|clk[1] ; 0.000        ; 0.090      ; 1.002      ;
; 0.728 ; Multiplicador:multiplicador|ACC:acc|Saidas[28]       ; Multiplicador:multiplicador|ACC:acc|Saidas[27]       ; pll|altpll_component|auto_generated|pll1|clk[1] ; pll|altpll_component|auto_generated|pll1|clk[1] ; 0.000        ; 0.090      ; 1.004      ;
; 0.801 ; Multiplicador:multiplicador|ACC:acc|Saidas[10]       ; Multiplicador:multiplicador|ACC:acc|Saidas[9]        ; pll|altpll_component|auto_generated|pll1|clk[1] ; pll|altpll_component|auto_generated|pll1|clk[1] ; 0.000        ; 0.091      ; 1.078      ;
; 0.803 ; Multiplicador:multiplicador|ACC:acc|Saidas[24]       ; Multiplicador:multiplicador|ACC:acc|Saidas[23]       ; pll|altpll_component|auto_generated|pll1|clk[1] ; pll|altpll_component|auto_generated|pll1|clk[1] ; 0.000        ; 0.091      ; 1.080      ;
; 0.817 ; Multiplicador:multiplicador|CONTROL:control|state.S1 ; Multiplicador:multiplicador|ACC:acc|Saidas[31]       ; pll|altpll_component|auto_generated|pll1|clk[1] ; pll|altpll_component|auto_generated|pll1|clk[1] ; 0.000        ; 0.091      ; 1.094      ;
; 0.881 ; Multiplicador:multiplicador|CONTROL:control|state.S2 ; Multiplicador:multiplicador|CONTROL:control|state.S3 ; pll|altpll_component|auto_generated|pll1|clk[1] ; pll|altpll_component|auto_generated|pll1|clk[1] ; 0.000        ; 0.099      ; 1.166      ;
; 0.897 ; Multiplicador:multiplicador|ACC:acc|Saidas[31]       ; Multiplicador:multiplicador|ACC:acc|Saidas[30]       ; pll|altpll_component|auto_generated|pll1|clk[1] ; pll|altpll_component|auto_generated|pll1|clk[1] ; 0.000        ; 0.090      ; 1.173      ;
; 0.903 ; Multiplicador:multiplicador|ACC:acc|Saidas[25]       ; Multiplicador:multiplicador|ACC:acc|Saidas[24]       ; pll|altpll_component|auto_generated|pll1|clk[1] ; pll|altpll_component|auto_generated|pll1|clk[1] ; 0.000        ; 0.090      ; 1.179      ;
; 0.904 ; Multiplicador:multiplicador|ACC:acc|Saidas[29]       ; Multiplicador:multiplicador|ACC:acc|Saidas[28]       ; pll|altpll_component|auto_generated|pll1|clk[1] ; pll|altpll_component|auto_generated|pll1|clk[1] ; 0.000        ; 0.090      ; 1.180      ;
; 0.961 ; Multiplicador:multiplicador|Counter:counter|count[3] ; Multiplicador:multiplicador|Counter:counter|count[4] ; pll|altpll_component|auto_generated|pll1|clk[1] ; pll|altpll_component|auto_generated|pll1|clk[1] ; 0.000        ; 0.091      ; 1.238      ;
; 0.963 ; Multiplicador:multiplicador|Counter:counter|count[1] ; Multiplicador:multiplicador|Counter:counter|count[2] ; pll|altpll_component|auto_generated|pll1|clk[1] ; pll|altpll_component|auto_generated|pll1|clk[1] ; 0.000        ; 0.091      ; 1.240      ;
; 0.974 ; Multiplicador:multiplicador|Counter:counter|count[0] ; Multiplicador:multiplicador|Counter:counter|count[1] ; pll|altpll_component|auto_generated|pll1|clk[1] ; pll|altpll_component|auto_generated|pll1|clk[1] ; 0.000        ; 0.091      ; 1.251      ;
; 0.976 ; Multiplicador:multiplicador|Counter:counter|count[2] ; Multiplicador:multiplicador|Counter:counter|count[3] ; pll|altpll_component|auto_generated|pll1|clk[1] ; pll|altpll_component|auto_generated|pll1|clk[1] ; 0.000        ; 0.091      ; 1.253      ;
; 0.978 ; Multiplicador:multiplicador|Counter:counter|count[0] ; Multiplicador:multiplicador|Counter:counter|count[2] ; pll|altpll_component|auto_generated|pll1|clk[1] ; pll|altpll_component|auto_generated|pll1|clk[1] ; 0.000        ; 0.091      ; 1.255      ;
; 0.980 ; Multiplicador:multiplicador|Counter:counter|count[2] ; Multiplicador:multiplicador|Counter:counter|count[4] ; pll|altpll_component|auto_generated|pll1|clk[1] ; pll|altpll_component|auto_generated|pll1|clk[1] ; 0.000        ; 0.091      ; 1.257      ;
; 1.023 ; Multiplicador:multiplicador|CONTROL:control|state.S1 ; Multiplicador:multiplicador|ACC:acc|Saidas[30]       ; pll|altpll_component|auto_generated|pll1|clk[1] ; pll|altpll_component|auto_generated|pll1|clk[1] ; 0.000        ; 0.090      ; 1.299      ;
; 1.026 ; Multiplicador:multiplicador|ACC:acc|Saidas[25]       ; Multiplicador:multiplicador|ACC:acc|Saidas[25]       ; pll|altpll_component|auto_generated|pll1|clk[1] ; pll|altpll_component|auto_generated|pll1|clk[1] ; 0.000        ; 0.090      ; 1.302      ;
; 1.030 ; Multiplicador:multiplicador|Counter:counter|count[0] ; Multiplicador:multiplicador|Counter:counter|K        ; pll|altpll_component|auto_generated|pll1|clk[1] ; pll|altpll_component|auto_generated|pll1|clk[1] ; 0.000        ; 0.091      ; 1.307      ;
; 1.053 ; Multiplicador:multiplicador|CONTROL:control|state.S0 ; Multiplicador:multiplicador|CONTROL:control|state.S1 ; pll|altpll_component|auto_generated|pll1|clk[1] ; pll|altpll_component|auto_generated|pll1|clk[1] ; 0.000        ; 0.083      ; 1.322      ;
; 1.057 ; Multiplicador:multiplicador|CONTROL:control|state.S1 ; Multiplicador:multiplicador|ACC:acc|Saidas[32]       ; pll|altpll_component|auto_generated|pll1|clk[1] ; pll|altpll_component|auto_generated|pll1|clk[1] ; 0.000        ; 0.091      ; 1.334      ;
; 1.070 ; Multiplicador:multiplicador|CONTROL:control|state.S1 ; Multiplicador:multiplicador|ACC:acc|Saidas[23]       ; pll|altpll_component|auto_generated|pll1|clk[1] ; pll|altpll_component|auto_generated|pll1|clk[1] ; 0.000        ; 0.091      ; 1.347      ;
; 1.087 ; Multiplicador:multiplicador|Counter:counter|count[1] ; Multiplicador:multiplicador|Counter:counter|count[3] ; pll|altpll_component|auto_generated|pll1|clk[1] ; pll|altpll_component|auto_generated|pll1|clk[1] ; 0.000        ; 0.091      ; 1.364      ;
; 1.091 ; Multiplicador:multiplicador|Counter:counter|count[1] ; Multiplicador:multiplicador|Counter:counter|count[4] ; pll|altpll_component|auto_generated|pll1|clk[1] ; pll|altpll_component|auto_generated|pll1|clk[1] ; 0.000        ; 0.091      ; 1.368      ;
; 1.102 ; Multiplicador:multiplicador|Counter:counter|count[0] ; Multiplicador:multiplicador|Counter:counter|count[3] ; pll|altpll_component|auto_generated|pll1|clk[1] ; pll|altpll_component|auto_generated|pll1|clk[1] ; 0.000        ; 0.091      ; 1.379      ;
; 1.106 ; Multiplicador:multiplicador|Counter:counter|count[0] ; Multiplicador:multiplicador|Counter:counter|count[4] ; pll|altpll_component|auto_generated|pll1|clk[1] ; pll|altpll_component|auto_generated|pll1|clk[1] ; 0.000        ; 0.091      ; 1.383      ;
; 1.117 ; Multiplicador:multiplicador|ACC:acc|Saidas[23]       ; Multiplicador:multiplicador|ACC:acc|Saidas[22]       ; pll|altpll_component|auto_generated|pll1|clk[1] ; pll|altpll_component|auto_generated|pll1|clk[1] ; 0.000        ; 0.085      ; 1.388      ;
; 1.142 ; Multiplicador:multiplicador|ACC:acc|Saidas[19]       ; Multiplicador:multiplicador|ACC:acc|Saidas[19]       ; pll|altpll_component|auto_generated|pll1|clk[1] ; pll|altpll_component|auto_generated|pll1|clk[1] ; 0.000        ; 0.090      ; 1.418      ;
; 1.143 ; Multiplicador:multiplicador|ACC:acc|Saidas[26]       ; Multiplicador:multiplicador|ACC:acc|Saidas[26]       ; pll|altpll_component|auto_generated|pll1|clk[1] ; pll|altpll_component|auto_generated|pll1|clk[1] ; 0.000        ; 0.090      ; 1.419      ;
; 1.145 ; Multiplicador:multiplicador|ACC:acc|Saidas[21]       ; Multiplicador:multiplicador|ACC:acc|Saidas[21]       ; pll|altpll_component|auto_generated|pll1|clk[1] ; pll|altpll_component|auto_generated|pll1|clk[1] ; 0.000        ; 0.090      ; 1.421      ;
; 1.145 ; Multiplicador:multiplicador|ACC:acc|Saidas[28]       ; Multiplicador:multiplicador|ACC:acc|Saidas[28]       ; pll|altpll_component|auto_generated|pll1|clk[1] ; pll|altpll_component|auto_generated|pll1|clk[1] ; 0.000        ; 0.090      ; 1.421      ;
; 1.152 ; Multiplicador:multiplicador|ACC:acc|Saidas[22]       ; Multiplicador:multiplicador|ACC:acc|Saidas[22]       ; pll|altpll_component|auto_generated|pll1|clk[1] ; pll|altpll_component|auto_generated|pll1|clk[1] ; 0.000        ; 0.090      ; 1.428      ;
; 1.160 ; Multiplicador:multiplicador|Counter:counter|count[2] ; Multiplicador:multiplicador|Counter:counter|K        ; pll|altpll_component|auto_generated|pll1|clk[1] ; pll|altpll_component|auto_generated|pll1|clk[1] ; 0.000        ; 0.091      ; 1.437      ;
; 1.164 ; Multiplicador:multiplicador|CONTROL:control|state.S0 ; Multiplicador:multiplicador|Counter:counter|count[4] ; pll|altpll_component|auto_generated|pll1|clk[1] ; pll|altpll_component|auto_generated|pll1|clk[1] ; 0.000        ; 0.091      ; 1.441      ;
; 1.164 ; Multiplicador:multiplicador|CONTROL:control|state.S0 ; Multiplicador:multiplicador|Counter:counter|count[0] ; pll|altpll_component|auto_generated|pll1|clk[1] ; pll|altpll_component|auto_generated|pll1|clk[1] ; 0.000        ; 0.091      ; 1.441      ;
; 1.164 ; Multiplicador:multiplicador|CONTROL:control|state.S0 ; Multiplicador:multiplicador|Counter:counter|count[2] ; pll|altpll_component|auto_generated|pll1|clk[1] ; pll|altpll_component|auto_generated|pll1|clk[1] ; 0.000        ; 0.091      ; 1.441      ;
; 1.164 ; Multiplicador:multiplicador|CONTROL:control|state.S0 ; Multiplicador:multiplicador|Counter:counter|count[1] ; pll|altpll_component|auto_generated|pll1|clk[1] ; pll|altpll_component|auto_generated|pll1|clk[1] ; 0.000        ; 0.091      ; 1.441      ;
; 1.164 ; Multiplicador:multiplicador|CONTROL:control|state.S0 ; Multiplicador:multiplicador|Counter:counter|count[3] ; pll|altpll_component|auto_generated|pll1|clk[1] ; pll|altpll_component|auto_generated|pll1|clk[1] ; 0.000        ; 0.091      ; 1.441      ;
; 1.170 ; Multiplicador:multiplicador|CONTROL:control|state.S2 ; Multiplicador:multiplicador|ACC:acc|Saidas[32]       ; pll|altpll_component|auto_generated|pll1|clk[1] ; pll|altpll_component|auto_generated|pll1|clk[1] ; 0.000        ; 0.091      ; 1.447      ;
; 1.183 ; Multiplicador:multiplicador|Counter:counter|K        ; Multiplicador:multiplicador|CONTROL:control|state.S1 ; pll|altpll_component|auto_generated|pll1|clk[1] ; pll|altpll_component|auto_generated|pll1|clk[1] ; 0.000        ; 0.083      ; 1.452      ;
; 1.200 ; Multiplicador:multiplicador|ACC:acc|Saidas[0]        ; Multiplicador:multiplicador|ACC:acc|Saidas[31]       ; pll|altpll_component|auto_generated|pll1|clk[1] ; pll|altpll_component|auto_generated|pll1|clk[1] ; 0.000        ; 0.083      ; 1.469      ;
; 1.260 ; Multiplicador:multiplicador|ACC:acc|Saidas[17]       ; Multiplicador:multiplicador|ACC:acc|Saidas[17]       ; pll|altpll_component|auto_generated|pll1|clk[1] ; pll|altpll_component|auto_generated|pll1|clk[1] ; 0.000        ; 0.090      ; 1.536      ;
; 1.273 ; Multiplicador:multiplicador|ACC:acc|Saidas[20]       ; Multiplicador:multiplicador|ACC:acc|Saidas[20]       ; pll|altpll_component|auto_generated|pll1|clk[1] ; pll|altpll_component|auto_generated|pll1|clk[1] ; 0.000        ; 0.090      ; 1.549      ;
; 1.277 ; Multiplicador:multiplicador|CONTROL:control|state.S1 ; Multiplicador:multiplicador|ACC:acc|Saidas[25]       ; pll|altpll_component|auto_generated|pll1|clk[1] ; pll|altpll_component|auto_generated|pll1|clk[1] ; 0.000        ; 0.090      ; 1.553      ;
; 1.289 ; Multiplicador:multiplicador|CONTROL:control|state.S1 ; Multiplicador:multiplicador|ACC:acc|Saidas[26]       ; pll|altpll_component|auto_generated|pll1|clk[1] ; pll|altpll_component|auto_generated|pll1|clk[1] ; 0.000        ; 0.090      ; 1.565      ;
; 1.289 ; Multiplicador:multiplicador|ACC:acc|Saidas[29]       ; Multiplicador:multiplicador|ACC:acc|Saidas[29]       ; pll|altpll_component|auto_generated|pll1|clk[1] ; pll|altpll_component|auto_generated|pll1|clk[1] ; 0.000        ; 0.090      ; 1.565      ;
; 1.289 ; Multiplicador:multiplicador|ACC:acc|Saidas[30]       ; Multiplicador:multiplicador|ACC:acc|Saidas[30]       ; pll|altpll_component|auto_generated|pll1|clk[1] ; pll|altpll_component|auto_generated|pll1|clk[1] ; 0.000        ; 0.090      ; 1.565      ;
; 1.295 ; Multiplicador:multiplicador|ACC:acc|Saidas[32]       ; Multiplicador:multiplicador|ACC:acc|Saidas[32]       ; pll|altpll_component|auto_generated|pll1|clk[1] ; pll|altpll_component|auto_generated|pll1|clk[1] ; 0.000        ; 0.091      ; 1.572      ;
; 1.301 ; Multiplicador:multiplicador|ACC:acc|Saidas[18]       ; Multiplicador:multiplicador|ACC:acc|Saidas[18]       ; pll|altpll_component|auto_generated|pll1|clk[1] ; pll|altpll_component|auto_generated|pll1|clk[1] ; 0.000        ; 0.090      ; 1.577      ;
; 1.305 ; Multiplicador:multiplicador|Counter:counter|count[3] ; Multiplicador:multiplicador|Counter:counter|K        ; pll|altpll_component|auto_generated|pll1|clk[1] ; pll|altpll_component|auto_generated|pll1|clk[1] ; 0.000        ; 0.091      ; 1.582      ;
; 1.306 ; Multiplicador:multiplicador|Counter:counter|count[1] ; Multiplicador:multiplicador|Counter:counter|K        ; pll|altpll_component|auto_generated|pll1|clk[1] ; pll|altpll_component|auto_generated|pll1|clk[1] ; 0.000        ; 0.091      ; 1.583      ;
; 1.307 ; Multiplicador:multiplicador|ACC:acc|Saidas[27]       ; Multiplicador:multiplicador|ACC:acc|Saidas[27]       ; pll|altpll_component|auto_generated|pll1|clk[1] ; pll|altpll_component|auto_generated|pll1|clk[1] ; 0.000        ; 0.090      ; 1.583      ;
; 1.318 ; Multiplicador:multiplicador|CONTROL:control|state.S1 ; Multiplicador:multiplicador|ACC:acc|Saidas[27]       ; pll|altpll_component|auto_generated|pll1|clk[1] ; pll|altpll_component|auto_generated|pll1|clk[1] ; 0.000        ; 0.090      ; 1.594      ;
; 1.318 ; Multiplicador:multiplicador|CONTROL:control|state.S1 ; Multiplicador:multiplicador|ACC:acc|Saidas[28]       ; pll|altpll_component|auto_generated|pll1|clk[1] ; pll|altpll_component|auto_generated|pll1|clk[1] ; 0.000        ; 0.090      ; 1.594      ;
; 1.319 ; Multiplicador:multiplicador|CONTROL:control|state.S1 ; Multiplicador:multiplicador|ACC:acc|Saidas[29]       ; pll|altpll_component|auto_generated|pll1|clk[1] ; pll|altpll_component|auto_generated|pll1|clk[1] ; 0.000        ; 0.090      ; 1.595      ;
; 1.319 ; Multiplicador:multiplicador|CONTROL:control|state.S1 ; Multiplicador:multiplicador|ACC:acc|Saidas[24]       ; pll|altpll_component|auto_generated|pll1|clk[1] ; pll|altpll_component|auto_generated|pll1|clk[1] ; 0.000        ; 0.090      ; 1.595      ;
; 1.332 ; Multiplicador:multiplicador|ACC:acc|Saidas[21]       ; Multiplicador:multiplicador|ACC:acc|Saidas[22]       ; pll|altpll_component|auto_generated|pll1|clk[1] ; pll|altpll_component|auto_generated|pll1|clk[1] ; 0.000        ; 0.090      ; 1.608      ;
; 1.348 ; Multiplicador:multiplicador|ACC:acc|Saidas[20]       ; Multiplicador:multiplicador|ACC:acc|Saidas[22]       ; pll|altpll_component|auto_generated|pll1|clk[1] ; pll|altpll_component|auto_generated|pll1|clk[1] ; 0.000        ; 0.090      ; 1.624      ;
; 1.369 ; Multiplicador:multiplicador|ACC:acc|Saidas[2]        ; Multiplicador:multiplicador|ACC:acc|Saidas[1]        ; pll|altpll_component|auto_generated|pll1|clk[1] ; pll|altpll_component|auto_generated|pll1|clk[1] ; 0.000        ; 0.091      ; 1.646      ;
; 1.379 ; Multiplicador:multiplicador|Counter:counter|count[4] ; Multiplicador:multiplicador|Counter:counter|count[0] ; pll|altpll_component|auto_generated|pll1|clk[1] ; pll|altpll_component|auto_generated|pll1|clk[1] ; 0.000        ; 0.091      ; 1.656      ;
; 1.379 ; Multiplicador:multiplicador|Counter:counter|count[4] ; Multiplicador:multiplicador|Counter:counter|count[2] ; pll|altpll_component|auto_generated|pll1|clk[1] ; pll|altpll_component|auto_generated|pll1|clk[1] ; 0.000        ; 0.091      ; 1.656      ;
; 1.379 ; Multiplicador:multiplicador|Counter:counter|count[4] ; Multiplicador:multiplicador|Counter:counter|count[1] ; pll|altpll_component|auto_generated|pll1|clk[1] ; pll|altpll_component|auto_generated|pll1|clk[1] ; 0.000        ; 0.091      ; 1.656      ;
; 1.379 ; Multiplicador:multiplicador|Counter:counter|count[4] ; Multiplicador:multiplicador|Counter:counter|count[3] ; pll|altpll_component|auto_generated|pll1|clk[1] ; pll|altpll_component|auto_generated|pll1|clk[1] ; 0.000        ; 0.091      ; 1.656      ;
; 1.402 ; Multiplicador:multiplicador|CONTROL:control|state.S0 ; Multiplicador:multiplicador|ACC:acc|Saidas[3]        ; pll|altpll_component|auto_generated|pll1|clk[1] ; pll|altpll_component|auto_generated|pll1|clk[1] ; 0.000        ; 0.092      ; 1.680      ;
; 1.403 ; Multiplicador:multiplicador|CONTROL:control|state.S0 ; Multiplicador:multiplicador|ACC:acc|Saidas[2]        ; pll|altpll_component|auto_generated|pll1|clk[1] ; pll|altpll_component|auto_generated|pll1|clk[1] ; 0.000        ; 0.092      ; 1.681      ;
; 1.406 ; Multiplicador:multiplicador|ACC:acc|Saidas[0]        ; Multiplicador:multiplicador|ACC:acc|Saidas[30]       ; pll|altpll_component|auto_generated|pll1|clk[1] ; pll|altpll_component|auto_generated|pll1|clk[1] ; 0.000        ; 0.082      ; 1.674      ;
+-------+------------------------------------------------------+------------------------------------------------------+-------------------------------------------------+-------------------------------------------------+--------------+------------+------------+


+-----------------------------------------------------------------------------------------------------------------------------------------------------------------------------------------------------------------------------------------------------------------------------------------------------------------------------+
; Slow 1200mV 100C Model Hold: 'pll|altpll_component|auto_generated|pll1|clk[0]'                                                                                                                                                                                                                                              ;
+-------+------------------------------------------------+-----------------------------------------------------------------------------------------------------------------------+-------------------------------------------------+-------------------------------------------------+--------------+------------+------------+
; Slack ; From Node                                      ; To Node                                                                                                               ; Launch Clock                                    ; Latch Clock                                     ; Relationship ; Clock Skew ; Data Delay ;
+-------+------------------------------------------------+-----------------------------------------------------------------------------------------------------------------------+-------------------------------------------------+-------------------------------------------------+--------------+------------+------------+
; 0.550 ; register:CTRL1|out[14]                         ; register:CTRL2|out[14]                                                                                                ; pll|altpll_component|auto_generated|pll1|clk[0] ; pll|altpll_component|auto_generated|pll1|clk[0] ; 0.000        ; 0.092      ; 0.828      ;
; 0.603 ; register:CTRL1|out[11]                         ; register:CTRL2|out[11]                                                                                                ; pll|altpll_component|auto_generated|pll1|clk[0] ; pll|altpll_component|auto_generated|pll1|clk[0] ; 0.000        ; 0.092      ; 0.881      ;
; 0.603 ; register:CTRL1|out[10]                         ; register:CTRL2|out[10]                                                                                                ; pll|altpll_component|auto_generated|pll1|clk[0] ; pll|altpll_component|auto_generated|pll1|clk[0] ; 0.000        ; 0.092      ; 0.881      ;
; 0.790 ; registerfile:RegisterFile|B[0]                 ; datamemory:Data_Memory|altsyncram:altsyncram_component|altsyncram_28i1:auto_generated|ram_block1a0~porta_datain_reg0  ; pll|altpll_component|auto_generated|pll1|clk[0] ; pll|altpll_component|auto_generated|pll1|clk[0] ; 0.000        ; 0.455      ; 1.468      ;
; 0.797 ; register:CTRL1|out[12]                         ; register:CTRL2|out[12]                                                                                                ; pll|altpll_component|auto_generated|pll1|clk[0] ; pll|altpll_component|auto_generated|pll1|clk[0] ; 0.000        ; 0.093      ; 1.076      ;
; 0.860 ; registerfile:RegisterFile|B[1]                 ; datamemory:Data_Memory|altsyncram:altsyncram_component|altsyncram_28i1:auto_generated|ram_block1a0~porta_datain_reg0  ; pll|altpll_component|auto_generated|pll1|clk[0] ; pll|altpll_component|auto_generated|pll1|clk[0] ; 0.000        ; 0.455      ; 1.538      ;
; 0.871 ; register:CTRL1|out[13]                         ; register:CTRL2|out[13]                                                                                                ; pll|altpll_component|auto_generated|pll1|clk[0] ; pll|altpll_component|auto_generated|pll1|clk[0] ; 0.000        ; 0.093      ; 1.150      ;
; 0.887 ; registerfile:RegisterFile|B[25]                ; datamemory:Data_Memory|altsyncram:altsyncram_component|altsyncram_28i1:auto_generated|ram_block1a18~porta_datain_reg0 ; pll|altpll_component|auto_generated|pll1|clk[0] ; pll|altpll_component|auto_generated|pll1|clk[0] ; 0.000        ; 0.485      ; 1.595      ;
; 0.890 ; register:D|out[2]                              ; registerfile:RegisterFile|register~482                                                                                ; pll|altpll_component|auto_generated|pll1|clk[0] ; pll|altpll_component|auto_generated|pll1|clk[0] ; 0.000        ; 0.091      ; 1.167      ;
; 0.903 ; Multiplicador:multiplicador|ACC:acc|Saidas[5]  ; register:D|out[5]                                                                                                     ; pll|altpll_component|auto_generated|pll1|clk[1] ; pll|altpll_component|auto_generated|pll1|clk[0] ; 0.001        ; 0.213      ; 1.323      ;
; 0.919 ; Multiplicador:multiplicador|ACC:acc|Saidas[30] ; register:D|out[30]                                                                                                    ; pll|altpll_component|auto_generated|pll1|clk[1] ; pll|altpll_component|auto_generated|pll1|clk[0] ; 0.001        ; 0.211      ; 1.337      ;
; 0.924 ; Multiplicador:multiplicador|ACC:acc|Saidas[4]  ; register:D|out[4]                                                                                                     ; pll|altpll_component|auto_generated|pll1|clk[1] ; pll|altpll_component|auto_generated|pll1|clk[0] ; 0.001        ; 0.213      ; 1.344      ;
; 0.926 ; registerfile:RegisterFile|B[24]                ; datamemory:Data_Memory|altsyncram:altsyncram_component|altsyncram_28i1:auto_generated|ram_block1a18~porta_datain_reg0 ; pll|altpll_component|auto_generated|pll1|clk[0] ; pll|altpll_component|auto_generated|pll1|clk[0] ; 0.000        ; 0.485      ; 1.634      ;
; 0.938 ; registerfile:RegisterFile|B[22]                ; datamemory:Data_Memory|altsyncram:altsyncram_component|altsyncram_28i1:auto_generated|ram_block1a18~porta_datain_reg0 ; pll|altpll_component|auto_generated|pll1|clk[0] ; pll|altpll_component|auto_generated|pll1|clk[0] ; 0.000        ; 0.462      ; 1.623      ;
; 0.959 ; Multiplicador:multiplicador|ACC:acc|Saidas[29] ; register:D|out[29]                                                                                                    ; pll|altpll_component|auto_generated|pll1|clk[1] ; pll|altpll_component|auto_generated|pll1|clk[0] ; 0.001        ; 0.211      ; 1.377      ;
; 0.979 ; registerfile:RegisterFile|B[4]                 ; datamemory:Data_Memory|altsyncram:altsyncram_component|altsyncram_28i1:auto_generated|ram_block1a0~porta_datain_reg0  ; pll|altpll_component|auto_generated|pll1|clk[0] ; pll|altpll_component|auto_generated|pll1|clk[0] ; 0.000        ; 0.460      ; 1.662      ;
; 0.991 ; Multiplicador:multiplicador|ACC:acc|Saidas[3]  ; register:D|out[3]                                                                                                     ; pll|altpll_component|auto_generated|pll1|clk[1] ; pll|altpll_component|auto_generated|pll1|clk[0] ; 0.001        ; 0.213      ; 1.411      ;
; 0.997 ; Multiplicador:multiplicador|ACC:acc|Saidas[12] ; register:D|out[12]                                                                                                    ; pll|altpll_component|auto_generated|pll1|clk[1] ; pll|altpll_component|auto_generated|pll1|clk[0] ; 0.001        ; 0.212      ; 1.416      ;
; 1.040 ; registerfile:RegisterFile|B[9]                 ; datamemory:Data_Memory|altsyncram:altsyncram_component|altsyncram_28i1:auto_generated|ram_block1a9~porta_datain_reg0  ; pll|altpll_component|auto_generated|pll1|clk[0] ; pll|altpll_component|auto_generated|pll1|clk[0] ; 0.000        ; 0.455      ; 1.718      ;
; 1.068 ; registerfile:RegisterFile|register~215         ; registerfile:RegisterFile|A[23]                                                                                       ; pll|altpll_component|auto_generated|pll1|clk[0] ; pll|altpll_component|auto_generated|pll1|clk[0] ; 0.000        ; 0.091      ; 1.345      ;
; 1.069 ; registerfile:RegisterFile|register~957         ; registerfile:RegisterFile|B[29]                                                                                       ; pll|altpll_component|auto_generated|pll1|clk[0] ; pll|altpll_component|auto_generated|pll1|clk[0] ; 0.000        ; 0.091      ; 1.346      ;
; 1.070 ; registerfile:RegisterFile|register~382         ; registerfile:RegisterFile|B[30]                                                                                       ; pll|altpll_component|auto_generated|pll1|clk[0] ; pll|altpll_component|auto_generated|pll1|clk[0] ; 0.000        ; 0.092      ; 1.348      ;
; 1.074 ; registerfile:RegisterFile|register~1009        ; registerfile:RegisterFile|A[17]                                                                                       ; pll|altpll_component|auto_generated|pll1|clk[0] ; pll|altpll_component|auto_generated|pll1|clk[0] ; 0.000        ; 0.091      ; 1.351      ;
; 1.074 ; registerfile:RegisterFile|register~1012        ; registerfile:RegisterFile|A[20]                                                                                       ; pll|altpll_component|auto_generated|pll1|clk[0] ; pll|altpll_component|auto_generated|pll1|clk[0] ; 0.000        ; 0.091      ; 1.351      ;
; 1.075 ; registerfile:RegisterFile|register~941         ; registerfile:RegisterFile|B[13]                                                                                       ; pll|altpll_component|auto_generated|pll1|clk[0] ; pll|altpll_component|auto_generated|pll1|clk[0] ; 0.000        ; 0.091      ; 1.352      ;
; 1.134 ; Multiplicador:multiplicador|ACC:acc|Saidas[25] ; register:D|out[25]                                                                                                    ; pll|altpll_component|auto_generated|pll1|clk[1] ; pll|altpll_component|auto_generated|pll1|clk[0] ; 0.001        ; 0.207      ; 1.548      ;
; 1.151 ; Multiplicador:multiplicador|ACC:acc|Saidas[11] ; register:D|out[11]                                                                                                    ; pll|altpll_component|auto_generated|pll1|clk[1] ; pll|altpll_component|auto_generated|pll1|clk[0] ; 0.001        ; 0.212      ; 1.570      ;
; 1.163 ; registerfile:RegisterFile|B[19]                ; datamemory:Data_Memory|altsyncram:altsyncram_component|altsyncram_28i1:auto_generated|ram_block1a18~porta_datain_reg0 ; pll|altpll_component|auto_generated|pll1|clk[0] ; pll|altpll_component|auto_generated|pll1|clk[0] ; 0.000        ; 0.498      ; 1.884      ;
; 1.201 ; register:D|out[4]                              ; registerfile:RegisterFile|register~484                                                                                ; pll|altpll_component|auto_generated|pll1|clk[0] ; pll|altpll_component|auto_generated|pll1|clk[0] ; 0.000        ; 0.095      ; 1.482      ;
; 1.203 ; registerfile:RegisterFile|B[13]                ; datamemory:Data_Memory|altsyncram:altsyncram_component|altsyncram_28i1:auto_generated|ram_block1a9~porta_datain_reg0  ; pll|altpll_component|auto_generated|pll1|clk[0] ; pll|altpll_component|auto_generated|pll1|clk[0] ; 0.000        ; 0.474      ; 1.900      ;
; 1.216 ; registerfile:RegisterFile|register~428         ; registerfile:RegisterFile|A[12]                                                                                       ; pll|altpll_component|auto_generated|pll1|clk[0] ; pll|altpll_component|auto_generated|pll1|clk[0] ; 0.000        ; 0.087      ; 1.489      ;
; 1.216 ; registerfile:RegisterFile|register~743         ; registerfile:RegisterFile|B[7]                                                                                        ; pll|altpll_component|auto_generated|pll1|clk[0] ; pll|altpll_component|auto_generated|pll1|clk[0] ; 0.000        ; 0.092      ; 1.494      ;
; 1.217 ; registerfile:RegisterFile|register~884         ; registerfile:RegisterFile|B[20]                                                                                       ; pll|altpll_component|auto_generated|pll1|clk[0] ; pll|altpll_component|auto_generated|pll1|clk[0] ; 0.000        ; 0.091      ; 1.494      ;
; 1.218 ; registerfile:RegisterFile|register~481         ; registerfile:RegisterFile|B[1]                                                                                        ; pll|altpll_component|auto_generated|pll1|clk[0] ; pll|altpll_component|auto_generated|pll1|clk[0] ; 0.000        ; 0.091      ; 1.495      ;
; 1.219 ; registerfile:RegisterFile|register~866         ; registerfile:RegisterFile|B[2]                                                                                        ; pll|altpll_component|auto_generated|pll1|clk[0] ; pll|altpll_component|auto_generated|pll1|clk[0] ; 0.000        ; 0.090      ; 1.495      ;
; 1.220 ; Multiplicador:multiplicador|ACC:acc|Saidas[27] ; register:D|out[27]                                                                                                    ; pll|altpll_component|auto_generated|pll1|clk[1] ; pll|altpll_component|auto_generated|pll1|clk[0] ; 0.001        ; 0.207      ; 1.634      ;
; 1.237 ; registerfile:RegisterFile|B[5]                 ; datamemory:Data_Memory|altsyncram:altsyncram_component|altsyncram_28i1:auto_generated|ram_block1a0~porta_datain_reg0  ; pll|altpll_component|auto_generated|pll1|clk[0] ; pll|altpll_component|auto_generated|pll1|clk[0] ; 0.000        ; 0.442      ; 1.902      ;
; 1.303 ; registerfile:RegisterFile|register~1006        ; registerfile:RegisterFile|A[14]                                                                                       ; pll|altpll_component|auto_generated|pll1|clk[0] ; pll|altpll_component|auto_generated|pll1|clk[0] ; 0.000        ; 0.091      ; 1.580      ;
; 1.304 ; registerfile:RegisterFile|register~1019        ; registerfile:RegisterFile|A[27]                                                                                       ; pll|altpll_component|auto_generated|pll1|clk[0] ; pll|altpll_component|auto_generated|pll1|clk[0] ; 0.000        ; 0.091      ; 1.581      ;
; 1.305 ; registerfile:RegisterFile|register~763         ; registerfile:RegisterFile|B[27]                                                                                       ; pll|altpll_component|auto_generated|pll1|clk[0] ; pll|altpll_component|auto_generated|pll1|clk[0] ; 0.000        ; 0.090      ; 1.581      ;
; 1.306 ; registerfile:RegisterFile|register~999         ; registerfile:RegisterFile|A[7]                                                                                        ; pll|altpll_component|auto_generated|pll1|clk[0] ; pll|altpll_component|auto_generated|pll1|clk[0] ; 0.000        ; 0.092      ; 1.584      ;
; 1.306 ; registerfile:RegisterFile|register~747         ; registerfile:RegisterFile|B[11]                                                                                       ; pll|altpll_component|auto_generated|pll1|clk[0] ; pll|altpll_component|auto_generated|pll1|clk[0] ; 0.000        ; 0.092      ; 1.584      ;
; 1.307 ; registerfile:RegisterFile|register~348         ; registerfile:RegisterFile|A[28]                                                                                       ; pll|altpll_component|auto_generated|pll1|clk[0] ; pll|altpll_component|auto_generated|pll1|clk[0] ; 0.000        ; 0.091      ; 1.584      ;
; 1.313 ; registerfile:RegisterFile|register~358         ; registerfile:RegisterFile|B[6]                                                                                        ; pll|altpll_component|auto_generated|pll1|clk[0] ; pll|altpll_component|auto_generated|pll1|clk[0] ; 0.000        ; 0.090      ; 1.589      ;
; 1.315 ; registerfile:RegisterFile|register~360         ; registerfile:RegisterFile|B[8]                                                                                        ; pll|altpll_component|auto_generated|pll1|clk[0] ; pll|altpll_component|auto_generated|pll1|clk[0] ; 0.000        ; 0.090      ; 1.591      ;
; 1.316 ; registerfile:RegisterFile|register~685         ; registerfile:RegisterFile|B[13]                                                                                       ; pll|altpll_component|auto_generated|pll1|clk[0] ; pll|altpll_component|auto_generated|pll1|clk[0] ; 0.000        ; 0.104      ; 1.606      ;
; 1.317 ; PC:pc|addr[3]                                  ; PC:pc|addr[3]                                                                                                         ; pll|altpll_component|auto_generated|pll1|clk[0] ; pll|altpll_component|auto_generated|pll1|clk[0] ; 0.000        ; 0.091      ; 1.594      ;
; 1.321 ; registerfile:RegisterFile|B[30]                ; datamemory:Data_Memory|altsyncram:altsyncram_component|altsyncram_28i1:auto_generated|ram_block1a27~porta_datain_reg0 ; pll|altpll_component|auto_generated|pll1|clk[0] ; pll|altpll_component|auto_generated|pll1|clk[0] ; 0.000        ; 0.430      ; 1.974      ;
; 1.329 ; Multiplicador:multiplicador|ACC:acc|Saidas[26] ; register:D|out[26]                                                                                                    ; pll|altpll_component|auto_generated|pll1|clk[1] ; pll|altpll_component|auto_generated|pll1|clk[0] ; 0.001        ; 0.207      ; 1.743      ;
; 1.341 ; register:CTRL1|out[9]                          ; register:CTRL2|out[9]                                                                                                 ; pll|altpll_component|auto_generated|pll1|clk[0] ; pll|altpll_component|auto_generated|pll1|clk[0] ; 0.000        ; 0.111      ; 1.638      ;
; 1.346 ; registerfile:RegisterFile|register~685         ; registerfile:RegisterFile|A[13]                                                                                       ; pll|altpll_component|auto_generated|pll1|clk[0] ; pll|altpll_component|auto_generated|pll1|clk[0] ; 0.000        ; 0.092      ; 1.624      ;
; 1.369 ; registerfile:RegisterFile|register~995         ; registerfile:RegisterFile|A[3]                                                                                        ; pll|altpll_component|auto_generated|pll1|clk[0] ; pll|altpll_component|auto_generated|pll1|clk[0] ; 0.000        ; 0.091      ; 1.646      ;
; 1.387 ; PC:pc|addr[19]                                 ; PC:pc|addr[19]                                                                                                        ; pll|altpll_component|auto_generated|pll1|clk[0] ; pll|altpll_component|auto_generated|pll1|clk[0] ; 0.000        ; 0.092      ; 1.665      ;
; 1.387 ; Multiplicador:multiplicador|ACC:acc|Saidas[14] ; register:D|out[14]                                                                                                    ; pll|altpll_component|auto_generated|pll1|clk[1] ; pll|altpll_component|auto_generated|pll1|clk[0] ; 0.001        ; 0.195      ; 1.789      ;
; 1.394 ; registerfile:RegisterFile|B[17]                ; datamemory:Data_Memory|altsyncram:altsyncram_component|altsyncram_28i1:auto_generated|ram_block1a9~porta_datain_reg0  ; pll|altpll_component|auto_generated|pll1|clk[0] ; pll|altpll_component|auto_generated|pll1|clk[0] ; 0.000        ; 0.451      ; 2.068      ;
; 1.428 ; registerfile:RegisterFile|register~1008        ; registerfile:RegisterFile|A[16]                                                                                       ; pll|altpll_component|auto_generated|pll1|clk[0] ; pll|altpll_component|auto_generated|pll1|clk[0] ; 0.000        ; 0.092      ; 1.706      ;
; 1.438 ; registerfile:RegisterFile|register~998         ; registerfile:RegisterFile|A[6]                                                                                        ; pll|altpll_component|auto_generated|pll1|clk[0] ; pll|altpll_component|auto_generated|pll1|clk[0] ; 0.000        ; 0.092      ; 1.716      ;
; 1.450 ; Multiplicador:multiplicador|ACC:acc|Saidas[21] ; register:D|out[21]                                                                                                    ; pll|altpll_component|auto_generated|pll1|clk[1] ; pll|altpll_component|auto_generated|pll1|clk[0] ; 0.001        ; 0.211      ; 1.868      ;
; 1.451 ; registerfile:RegisterFile|register~436         ; registerfile:RegisterFile|A[20]                                                                                       ; pll|altpll_component|auto_generated|pll1|clk[0] ; pll|altpll_component|auto_generated|pll1|clk[0] ; 0.000        ; 0.087      ; 1.724      ;
; 1.452 ; registerfile:RegisterFile|register~440         ; registerfile:RegisterFile|B[24]                                                                                       ; pll|altpll_component|auto_generated|pll1|clk[0] ; pll|altpll_component|auto_generated|pll1|clk[0] ; 0.000        ; 0.091      ; 1.729      ;
; 1.454 ; registerfile:RegisterFile|register~440         ; registerfile:RegisterFile|A[24]                                                                                       ; pll|altpll_component|auto_generated|pll1|clk[0] ; pll|altpll_component|auto_generated|pll1|clk[0] ; 0.000        ; 0.091      ; 1.731      ;
; 1.457 ; register:D|out[1]                              ; registerfile:RegisterFile|register~481                                                                                ; pll|altpll_component|auto_generated|pll1|clk[0] ; pll|altpll_component|auto_generated|pll1|clk[0] ; 0.000        ; 0.091      ; 1.734      ;
; 1.458 ; PC:pc|addr[6]                                  ; InstMem:IM|altsyncram:altsyncram_component|altsyncram_jv91:auto_generated|ram_block1a11~porta_address_reg0            ; pll|altpll_component|auto_generated|pll1|clk[0] ; pll|altpll_component|auto_generated|pll1|clk[0] ; 0.000        ; 0.458      ; 2.139      ;
; 1.462 ; registerfile:RegisterFile|B[29]                ; datamemory:Data_Memory|altsyncram:altsyncram_component|altsyncram_28i1:auto_generated|ram_block1a27~porta_datain_reg0 ; pll|altpll_component|auto_generated|pll1|clk[0] ; pll|altpll_component|auto_generated|pll1|clk[0] ; 0.000        ; 0.457      ; 2.142      ;
; 1.471 ; Multiplicador:multiplicador|ACC:acc|Saidas[28] ; register:D|out[28]                                                                                                    ; pll|altpll_component|auto_generated|pll1|clk[1] ; pll|altpll_component|auto_generated|pll1|clk[0] ; 0.001        ; 0.207      ; 1.885      ;
; 1.472 ; registerfile:RegisterFile|B[3]                 ; datamemory:Data_Memory|altsyncram:altsyncram_component|altsyncram_28i1:auto_generated|ram_block1a0~porta_datain_reg0  ; pll|altpll_component|auto_generated|pll1|clk[0] ; pll|altpll_component|auto_generated|pll1|clk[0] ; 0.000        ; 0.442      ; 2.137      ;
; 1.473 ; register:CTRL1|out[2]                          ; register:CTRL2|out[2]                                                                                                 ; pll|altpll_component|auto_generated|pll1|clk[0] ; pll|altpll_component|auto_generated|pll1|clk[0] ; 0.000        ; 0.060      ; 1.719      ;
; 1.479 ; registerfile:RegisterFile|register~416         ; registerfile:RegisterFile|A[0]                                                                                        ; pll|altpll_component|auto_generated|pll1|clk[0] ; pll|altpll_component|auto_generated|pll1|clk[0] ; 0.000        ; 0.091      ; 1.756      ;
; 1.498 ; register:D|out[26]                             ; registerfile:RegisterFile|register~506                                                                                ; pll|altpll_component|auto_generated|pll1|clk[0] ; pll|altpll_component|auto_generated|pll1|clk[0] ; 0.000        ; 0.116      ; 1.800      ;
; 1.500 ; Multiplicador:multiplicador|ACC:acc|Saidas[19] ; register:D|out[19]                                                                                                    ; pll|altpll_component|auto_generated|pll1|clk[1] ; pll|altpll_component|auto_generated|pll1|clk[0] ; 0.001        ; 0.213      ; 1.920      ;
; 1.501 ; registerfile:RegisterFile|register~751         ; registerfile:RegisterFile|B[15]                                                                                       ; pll|altpll_component|auto_generated|pll1|clk[0] ; pll|altpll_component|auto_generated|pll1|clk[0] ; 0.000        ; 0.084      ; 1.771      ;
; 1.506 ; PC:pc|addr[22]                                 ; PC:pc|addr[22]                                                                                                        ; pll|altpll_component|auto_generated|pll1|clk[0] ; pll|altpll_component|auto_generated|pll1|clk[0] ; 0.000        ; 0.092      ; 1.784      ;
; 1.506 ; register:D|out[8]                              ; registerfile:RegisterFile|register~488                                                                                ; pll|altpll_component|auto_generated|pll1|clk[0] ; pll|altpll_component|auto_generated|pll1|clk[0] ; 0.000        ; 0.087      ; 1.779      ;
; 1.514 ; PC:pc|addr[20]                                 ; PC:pc|addr[20]                                                                                                        ; pll|altpll_component|auto_generated|pll1|clk[0] ; pll|altpll_component|auto_generated|pll1|clk[0] ; 0.000        ; 0.092      ; 1.792      ;
; 1.521 ; registerfile:RegisterFile|register~745         ; registerfile:RegisterFile|B[9]                                                                                        ; pll|altpll_component|auto_generated|pll1|clk[0] ; pll|altpll_component|auto_generated|pll1|clk[0] ; 0.000        ; 0.092      ; 1.799      ;
; 1.523 ; registerfile:RegisterFile|register~997         ; registerfile:RegisterFile|A[5]                                                                                        ; pll|altpll_component|auto_generated|pll1|clk[0] ; pll|altpll_component|auto_generated|pll1|clk[0] ; 0.000        ; 0.092      ; 1.801      ;
; 1.523 ; register:D|out[18]                             ; registerfile:RegisterFile|register~498                                                                                ; pll|altpll_component|auto_generated|pll1|clk[0] ; pll|altpll_component|auto_generated|pll1|clk[0] ; 0.000        ; 0.107      ; 1.816      ;
; 1.524 ; Multiplicador:multiplicador|ACC:acc|Saidas[16] ; register:D|out[16]                                                                                                    ; pll|altpll_component|auto_generated|pll1|clk[1] ; pll|altpll_component|auto_generated|pll1|clk[0] ; 0.001        ; 0.213      ; 1.944      ;
; 1.527 ; registerfile:RegisterFile|register~1018        ; registerfile:RegisterFile|A[26]                                                                                       ; pll|altpll_component|auto_generated|pll1|clk[0] ; pll|altpll_component|auto_generated|pll1|clk[0] ; 0.000        ; 0.091      ; 1.804      ;
; 1.527 ; registerfile:RegisterFile|register~376         ; registerfile:RegisterFile|B[24]                                                                                       ; pll|altpll_component|auto_generated|pll1|clk[0] ; pll|altpll_component|auto_generated|pll1|clk[0] ; 0.000        ; 0.104      ; 1.817      ;
; 1.533 ; registerfile:RegisterFile|B[7]                 ; datamemory:Data_Memory|altsyncram:altsyncram_component|altsyncram_28i1:auto_generated|ram_block1a0~porta_datain_reg0  ; pll|altpll_component|auto_generated|pll1|clk[0] ; pll|altpll_component|auto_generated|pll1|clk[0] ; 0.000        ; 0.451      ; 2.207      ;
; 1.540 ; registerfile:RegisterFile|register~884         ; registerfile:RegisterFile|A[20]                                                                                       ; pll|altpll_component|auto_generated|pll1|clk[0] ; pll|altpll_component|auto_generated|pll1|clk[0] ; 0.000        ; 0.099      ; 1.825      ;
; 1.541 ; registerfile:RegisterFile|register~941         ; registerfile:RegisterFile|A[13]                                                                                       ; pll|altpll_component|auto_generated|pll1|clk[0] ; pll|altpll_component|auto_generated|pll1|clk[0] ; 0.000        ; 0.123      ; 1.850      ;
; 1.547 ; registerfile:RegisterFile|B[20]                ; datamemory:Data_Memory|altsyncram:altsyncram_component|altsyncram_28i1:auto_generated|ram_block1a18~porta_datain_reg0 ; pll|altpll_component|auto_generated|pll1|clk[0] ; pll|altpll_component|auto_generated|pll1|clk[0] ; 0.000        ; 0.462      ; 2.232      ;
; 1.554 ; registerfile:RegisterFile|register~453         ; registerfile:RegisterFile|B[5]                                                                                        ; pll|altpll_component|auto_generated|pll1|clk[0] ; pll|altpll_component|auto_generated|pll1|clk[0] ; 0.000        ; 0.091      ; 1.831      ;
; 1.555 ; registerfile:RegisterFile|register~718         ; registerfile:RegisterFile|A[14]                                                                                       ; pll|altpll_component|auto_generated|pll1|clk[0] ; pll|altpll_component|auto_generated|pll1|clk[0] ; 0.000        ; 0.092      ; 1.833      ;
; 1.556 ; PC:pc|addr[5]                                  ; InstMem:IM|altsyncram:altsyncram_component|altsyncram_jv91:auto_generated|ram_block1a11~porta_address_reg0            ; pll|altpll_component|auto_generated|pll1|clk[0] ; pll|altpll_component|auto_generated|pll1|clk[0] ; 0.000        ; 0.458      ; 2.237      ;
; 1.560 ; registerfile:RegisterFile|register~753         ; registerfile:RegisterFile|A[17]                                                                                       ; pll|altpll_component|auto_generated|pll1|clk[0] ; pll|altpll_component|auto_generated|pll1|clk[0] ; 0.000        ; 0.105      ; 1.851      ;
; 1.563 ; registerfile:RegisterFile|register~1007        ; registerfile:RegisterFile|B[15]                                                                                       ; pll|altpll_component|auto_generated|pll1|clk[0] ; pll|altpll_component|auto_generated|pll1|clk[0] ; 0.000        ; 0.084      ; 1.833      ;
; 1.566 ; registerfile:RegisterFile|B[23]                ; datamemory:Data_Memory|altsyncram:altsyncram_component|altsyncram_28i1:auto_generated|ram_block1a18~porta_datain_reg0 ; pll|altpll_component|auto_generated|pll1|clk[0] ; pll|altpll_component|auto_generated|pll1|clk[0] ; 0.000        ; 0.498      ; 2.287      ;
; 1.566 ; registerfile:RegisterFile|B[2]                 ; datamemory:Data_Memory|altsyncram:altsyncram_component|altsyncram_28i1:auto_generated|ram_block1a0~porta_datain_reg0  ; pll|altpll_component|auto_generated|pll1|clk[0] ; pll|altpll_component|auto_generated|pll1|clk[0] ; 0.000        ; 0.503      ; 2.292      ;
; 1.566 ; registerfile:RegisterFile|register~247         ; registerfile:RegisterFile|A[23]                                                                                       ; pll|altpll_component|auto_generated|pll1|clk[0] ; pll|altpll_component|auto_generated|pll1|clk[0] ; 0.000        ; 0.087      ; 1.839      ;
; 1.568 ; Multiplicador:multiplicador|ACC:acc|Saidas[24] ; register:D|out[24]                                                                                                    ; pll|altpll_component|auto_generated|pll1|clk[1] ; pll|altpll_component|auto_generated|pll1|clk[0] ; 0.001        ; 0.207      ; 1.982      ;
; 1.575 ; registerfile:RegisterFile|register~344         ; registerfile:RegisterFile|B[24]                                                                                       ; pll|altpll_component|auto_generated|pll1|clk[0] ; pll|altpll_component|auto_generated|pll1|clk[0] ; 0.000        ; 0.104      ; 1.865      ;
; 1.580 ; register:D|out[20]                             ; registerfile:RegisterFile|register~500                                                                                ; pll|altpll_component|auto_generated|pll1|clk[0] ; pll|altpll_component|auto_generated|pll1|clk[0] ; 0.000        ; 0.096      ; 1.862      ;
; 1.591 ; PC:pc|addr[0]                                  ; InstMem:IM|altsyncram:altsyncram_component|altsyncram_jv91:auto_generated|ram_block1a11~porta_address_reg0            ; pll|altpll_component|auto_generated|pll1|clk[0] ; pll|altpll_component|auto_generated|pll1|clk[0] ; 0.000        ; 0.456      ; 2.270      ;
; 1.591 ; register:D|out[11]                             ; registerfile:RegisterFile|register~491                                                                                ; pll|altpll_component|auto_generated|pll1|clk[0] ; pll|altpll_component|auto_generated|pll1|clk[0] ; 0.000        ; 0.100      ; 1.877      ;
; 1.593 ; registerfile:RegisterFile|B[11]                ; datamemory:Data_Memory|altsyncram:altsyncram_component|altsyncram_28i1:auto_generated|ram_block1a9~porta_datain_reg0  ; pll|altpll_component|auto_generated|pll1|clk[0] ; pll|altpll_component|auto_generated|pll1|clk[0] ; 0.000        ; 0.451      ; 2.267      ;
; 1.594 ; Multiplicador:multiplicador|ACC:acc|Saidas[17] ; register:D|out[17]                                                                                                    ; pll|altpll_component|auto_generated|pll1|clk[1] ; pll|altpll_component|auto_generated|pll1|clk[0] ; 0.001        ; 0.213      ; 2.014      ;
; 1.595 ; register:D|out[12]                             ; registerfile:RegisterFile|register~492                                                                                ; pll|altpll_component|auto_generated|pll1|clk[0] ; pll|altpll_component|auto_generated|pll1|clk[0] ; 0.000        ; 0.096      ; 1.877      ;
+-------+------------------------------------------------+-----------------------------------------------------------------------------------------------------------------------+-------------------------------------------------+-------------------------------------------------+--------------+------------+------------+


+------------------------------------------------------------------------------------------------------------------------------------------------------------------------------------------------------+
; Slow 1200mV 100C Model Recovery: 'pll|altpll_component|auto_generated|pll1|clk[0]'                                                                                                                   ;
+-----------+--------------------+------------------------+-------------------------------------------------+-------------------------------------------------+--------------+------------+------------+
; Slack     ; From Node          ; To Node                ; Launch Clock                                    ; Latch Clock                                     ; Relationship ; Clock Skew ; Data Delay ;
+-----------+--------------------+------------------------+-------------------------------------------------+-------------------------------------------------+--------------+------------+------------+
; 12495.190 ; PC:pc|resetControl ; register:CTRL1|out[1]  ; pll|altpll_component|auto_generated|pll1|clk[0] ; pll|altpll_component|auto_generated|pll1|clk[0] ; 12500.000    ; -0.088     ; 4.720      ;
; 12495.190 ; PC:pc|resetControl ; register:CTRL1|out[8]  ; pll|altpll_component|auto_generated|pll1|clk[0] ; pll|altpll_component|auto_generated|pll1|clk[0] ; 12500.000    ; -0.088     ; 4.720      ;
; 12495.190 ; PC:pc|resetControl ; register:CTRL1|out[3]  ; pll|altpll_component|auto_generated|pll1|clk[0] ; pll|altpll_component|auto_generated|pll1|clk[0] ; 12500.000    ; -0.088     ; 4.720      ;
; 12495.473 ; PC:pc|resetControl ; register:CTRL1|out[12] ; pll|altpll_component|auto_generated|pll1|clk[0] ; pll|altpll_component|auto_generated|pll1|clk[0] ; 12500.000    ; -0.088     ; 4.437      ;
; 12495.473 ; PC:pc|resetControl ; register:CTRL1|out[10] ; pll|altpll_component|auto_generated|pll1|clk[0] ; pll|altpll_component|auto_generated|pll1|clk[0] ; 12500.000    ; -0.088     ; 4.437      ;
; 12495.473 ; PC:pc|resetControl ; register:CTRL1|out[11] ; pll|altpll_component|auto_generated|pll1|clk[0] ; pll|altpll_component|auto_generated|pll1|clk[0] ; 12500.000    ; -0.088     ; 4.437      ;
; 12495.473 ; PC:pc|resetControl ; register:CTRL1|out[13] ; pll|altpll_component|auto_generated|pll1|clk[0] ; pll|altpll_component|auto_generated|pll1|clk[0] ; 12500.000    ; -0.088     ; 4.437      ;
; 12495.473 ; PC:pc|resetControl ; register:CTRL1|out[14] ; pll|altpll_component|auto_generated|pll1|clk[0] ; pll|altpll_component|auto_generated|pll1|clk[0] ; 12500.000    ; -0.088     ; 4.437      ;
; 12497.415 ; PC:pc|resetControl ; register:CTRL1|out[7]  ; pll|altpll_component|auto_generated|pll1|clk[0] ; pll|altpll_component|auto_generated|pll1|clk[0] ; 12500.000    ; -0.093     ; 2.490      ;
; 12497.415 ; PC:pc|resetControl ; register:CTRL1|out[9]  ; pll|altpll_component|auto_generated|pll1|clk[0] ; pll|altpll_component|auto_generated|pll1|clk[0] ; 12500.000    ; -0.093     ; 2.490      ;
; 12497.415 ; PC:pc|resetControl ; register:CTRL1|out[2]  ; pll|altpll_component|auto_generated|pll1|clk[0] ; pll|altpll_component|auto_generated|pll1|clk[0] ; 12500.000    ; -0.093     ; 2.490      ;
; 12497.415 ; PC:pc|resetControl ; register:CTRL1|out[5]  ; pll|altpll_component|auto_generated|pll1|clk[0] ; pll|altpll_component|auto_generated|pll1|clk[0] ; 12500.000    ; -0.093     ; 2.490      ;
; 12497.415 ; PC:pc|resetControl ; register:CTRL1|out[4]  ; pll|altpll_component|auto_generated|pll1|clk[0] ; pll|altpll_component|auto_generated|pll1|clk[0] ; 12500.000    ; -0.093     ; 2.490      ;
; 12497.415 ; PC:pc|resetControl ; register:CTRL1|out[6]  ; pll|altpll_component|auto_generated|pll1|clk[0] ; pll|altpll_component|auto_generated|pll1|clk[0] ; 12500.000    ; -0.093     ; 2.490      ;
+-----------+--------------------+------------------------+-------------------------------------------------+-------------------------------------------------+--------------+------------+------------+


+--------------------------------------------------------------------------------------------------------------------------------------------------------------------------------------------------+
; Slow 1200mV 100C Model Removal: 'pll|altpll_component|auto_generated|pll1|clk[0]'                                                                                                                ;
+-------+--------------------+------------------------+-------------------------------------------------+-------------------------------------------------+--------------+------------+------------+
; Slack ; From Node          ; To Node                ; Launch Clock                                    ; Latch Clock                                     ; Relationship ; Clock Skew ; Data Delay ;
+-------+--------------------+------------------------+-------------------------------------------------+-------------------------------------------------+--------------+------------+------------+
; 2.048 ; PC:pc|resetControl ; register:CTRL1|out[7]  ; pll|altpll_component|auto_generated|pll1|clk[0] ; pll|altpll_component|auto_generated|pll1|clk[0] ; 0.000        ; 0.091      ; 2.325      ;
; 2.048 ; PC:pc|resetControl ; register:CTRL1|out[9]  ; pll|altpll_component|auto_generated|pll1|clk[0] ; pll|altpll_component|auto_generated|pll1|clk[0] ; 0.000        ; 0.091      ; 2.325      ;
; 2.048 ; PC:pc|resetControl ; register:CTRL1|out[2]  ; pll|altpll_component|auto_generated|pll1|clk[0] ; pll|altpll_component|auto_generated|pll1|clk[0] ; 0.000        ; 0.091      ; 2.325      ;
; 2.048 ; PC:pc|resetControl ; register:CTRL1|out[5]  ; pll|altpll_component|auto_generated|pll1|clk[0] ; pll|altpll_component|auto_generated|pll1|clk[0] ; 0.000        ; 0.091      ; 2.325      ;
; 2.048 ; PC:pc|resetControl ; register:CTRL1|out[4]  ; pll|altpll_component|auto_generated|pll1|clk[0] ; pll|altpll_component|auto_generated|pll1|clk[0] ; 0.000        ; 0.091      ; 2.325      ;
; 2.048 ; PC:pc|resetControl ; register:CTRL1|out[6]  ; pll|altpll_component|auto_generated|pll1|clk[0] ; pll|altpll_component|auto_generated|pll1|clk[0] ; 0.000        ; 0.091      ; 2.325      ;
; 3.876 ; PC:pc|resetControl ; register:CTRL1|out[12] ; pll|altpll_component|auto_generated|pll1|clk[0] ; pll|altpll_component|auto_generated|pll1|clk[0] ; 0.000        ; 0.096      ; 4.158      ;
; 3.876 ; PC:pc|resetControl ; register:CTRL1|out[10] ; pll|altpll_component|auto_generated|pll1|clk[0] ; pll|altpll_component|auto_generated|pll1|clk[0] ; 0.000        ; 0.096      ; 4.158      ;
; 3.876 ; PC:pc|resetControl ; register:CTRL1|out[11] ; pll|altpll_component|auto_generated|pll1|clk[0] ; pll|altpll_component|auto_generated|pll1|clk[0] ; 0.000        ; 0.096      ; 4.158      ;
; 3.876 ; PC:pc|resetControl ; register:CTRL1|out[13] ; pll|altpll_component|auto_generated|pll1|clk[0] ; pll|altpll_component|auto_generated|pll1|clk[0] ; 0.000        ; 0.096      ; 4.158      ;
; 3.876 ; PC:pc|resetControl ; register:CTRL1|out[14] ; pll|altpll_component|auto_generated|pll1|clk[0] ; pll|altpll_component|auto_generated|pll1|clk[0] ; 0.000        ; 0.096      ; 4.158      ;
; 4.138 ; PC:pc|resetControl ; register:CTRL1|out[1]  ; pll|altpll_component|auto_generated|pll1|clk[0] ; pll|altpll_component|auto_generated|pll1|clk[0] ; 0.000        ; 0.096      ; 4.420      ;
; 4.138 ; PC:pc|resetControl ; register:CTRL1|out[8]  ; pll|altpll_component|auto_generated|pll1|clk[0] ; pll|altpll_component|auto_generated|pll1|clk[0] ; 0.000        ; 0.096      ; 4.420      ;
; 4.138 ; PC:pc|resetControl ; register:CTRL1|out[3]  ; pll|altpll_component|auto_generated|pll1|clk[0] ; pll|altpll_component|auto_generated|pll1|clk[0] ; 0.000        ; 0.096      ; 4.420      ;
+-------+--------------------+------------------------+-------------------------------------------------+-------------------------------------------------+--------------+------------+------------+


------------------------------------------------
; Slow 1200mV 100C Model Metastability Summary ;
------------------------------------------------
No synchronizer chains to report.


+--------------------------------------------------------------------------------------+
; Slow 1200mV -40C Model Fmax Summary                                                  ;
+-----------+-----------------+-------------------------------------------------+------+
; Fmax      ; Restricted Fmax ; Clock Name                                      ; Note ;
+-----------+-----------------+-------------------------------------------------+------+
; 61.91 MHz ; 61.91 MHz       ; pll|altpll_component|auto_generated|pll1|clk[0] ;      ;
; 296.3 MHz ; 296.3 MHz       ; pll|altpll_component|auto_generated|pll1|clk[1] ;      ;
+-----------+-----------------+-------------------------------------------------+------+
This panel reports FMAX for every clock in the design, regardless of the user-specified clock periods.  FMAX is only computed for paths where the source and destination registers or ports are driven by the same clock.  Paths of different clocks, including generated clocks, are ignored.  For paths between a clock and its inversion, FMAX is computed as if the rising and falling edges are scaled along with FMAX, such that the duty cycle (in terms of a percentage) is maintained. Altera recommends that you always use clock constraints and other slack reports for sign-off analysis.


+----------------------------------------------------------------------------+
; Slow 1200mV -40C Model Setup Summary                                       ;
+-------------------------------------------------+----------+---------------+
; Clock                                           ; Slack    ; End Point TNS ;
+-------------------------------------------------+----------+---------------+
; pll|altpll_component|auto_generated|pll1|clk[0] ; 4159.521 ; 0.000         ;
; pll|altpll_component|auto_generated|pll1|clk[1] ; 4161.298 ; 0.000         ;
+-------------------------------------------------+----------+---------------+


+-------------------------------------------------------------------------+
; Slow 1200mV -40C Model Hold Summary                                     ;
+-------------------------------------------------+-------+---------------+
; Clock                                           ; Slack ; End Point TNS ;
+-------------------------------------------------+-------+---------------+
; pll|altpll_component|auto_generated|pll1|clk[1] ; 0.327 ; 0.000         ;
; pll|altpll_component|auto_generated|pll1|clk[0] ; 0.488 ; 0.000         ;
+-------------------------------------------------+-------+---------------+


+-----------------------------------------------------------------------------+
; Slow 1200mV -40C Model Recovery Summary                                     ;
+-------------------------------------------------+-----------+---------------+
; Clock                                           ; Slack     ; End Point TNS ;
+-------------------------------------------------+-----------+---------------+
; pll|altpll_component|auto_generated|pll1|clk[0] ; 12495.728 ; 0.000         ;
+-------------------------------------------------+-----------+---------------+


+-------------------------------------------------------------------------+
; Slow 1200mV -40C Model Removal Summary                                  ;
+-------------------------------------------------+-------+---------------+
; Clock                                           ; Slack ; End Point TNS ;
+-------------------------------------------------+-------+---------------+
; pll|altpll_component|auto_generated|pll1|clk[0] ; 1.799 ; 0.000         ;
+-------------------------------------------------+-------+---------------+


+----------------------------------------------------------------------------+
; Slow 1200mV -40C Model Minimum Pulse Width Summary                         ;
+-------------------------------------------------+----------+---------------+
; Clock                                           ; Slack    ; End Point TNS ;
+-------------------------------------------------+----------+---------------+
; CLK                                             ; 4.908    ; 0.000         ;
; pll|altpll_component|auto_generated|pll1|clk[1] ; 4166.296 ; 0.000         ;
; pll|altpll_component|auto_generated|pll1|clk[0] ; 6249.629 ; 0.000         ;
+-------------------------------------------------+----------+---------------+


+---------------------------------------------------------------------------------------------------------------------------------------------------------------------------------------------------------------------------------------------------------------------------------------------------------------------------------+
; Slow 1200mV -40C Model Setup: 'pll|altpll_component|auto_generated|pll1|clk[0]'                                                                                                                                                                                                                                                 ;
+----------+------------------------------------------------+------------------------------------------------------------------------------------------------------------------------+-------------------------------------------------+-------------------------------------------------+--------------+------------+------------+
; Slack    ; From Node                                      ; To Node                                                                                                                ; Launch Clock                                    ; Latch Clock                                     ; Relationship ; Clock Skew ; Data Delay ;
+----------+------------------------------------------------+------------------------------------------------------------------------------------------------------------------------+-------------------------------------------------+-------------------------------------------------+--------------+------------+------------+
; 4159.521 ; Multiplicador:multiplicador|ACC:acc|Saidas[2]  ; datamemory:Data_Memory|altsyncram:altsyncram_component|altsyncram_28i1:auto_generated|ram_block1a9~porta_we_reg        ; pll|altpll_component|auto_generated|pll1|clk[1] ; pll|altpll_component|auto_generated|pll1|clk[0] ; 4166.667     ; 0.125      ; 7.299      ;
; 4159.531 ; Multiplicador:multiplicador|ACC:acc|Saidas[2]  ; datamemory:Data_Memory|altsyncram:altsyncram_component|altsyncram_28i1:auto_generated|ram_block1a18~porta_we_reg       ; pll|altpll_component|auto_generated|pll1|clk[1] ; pll|altpll_component|auto_generated|pll1|clk[0] ; 4166.667     ; 0.117      ; 7.281      ;
; 4159.580 ; Multiplicador:multiplicador|ACC:acc|Saidas[2]  ; datamemory:Data_Memory|altsyncram:altsyncram_component|altsyncram_28i1:auto_generated|ram_block1a0~porta_we_reg        ; pll|altpll_component|auto_generated|pll1|clk[1] ; pll|altpll_component|auto_generated|pll1|clk[0] ; 4166.667     ; 0.123      ; 7.238      ;
; 4159.598 ; Multiplicador:multiplicador|ACC:acc|Saidas[2]  ; datamemory:Data_Memory|altsyncram:altsyncram_component|altsyncram_28i1:auto_generated|ram_block1a27~porta_we_reg       ; pll|altpll_component|auto_generated|pll1|clk[1] ; pll|altpll_component|auto_generated|pll1|clk[0] ; 4166.667     ; 0.111      ; 7.208      ;
; 4160.296 ; Multiplicador:multiplicador|ACC:acc|Saidas[2]  ; register:CTRL2|out[25]                                                                                                 ; pll|altpll_component|auto_generated|pll1|clk[1] ; pll|altpll_component|auto_generated|pll1|clk[0] ; 4166.667     ; -0.189     ; 6.182      ;
; 4160.318 ; Multiplicador:multiplicador|ACC:acc|Saidas[8]  ; datamemory:Data_Memory|altsyncram:altsyncram_component|altsyncram_28i1:auto_generated|ram_block1a9~porta_we_reg        ; pll|altpll_component|auto_generated|pll1|clk[1] ; pll|altpll_component|auto_generated|pll1|clk[0] ; 4166.667     ; 0.119      ; 6.496      ;
; 4160.328 ; Multiplicador:multiplicador|ACC:acc|Saidas[8]  ; datamemory:Data_Memory|altsyncram:altsyncram_component|altsyncram_28i1:auto_generated|ram_block1a18~porta_we_reg       ; pll|altpll_component|auto_generated|pll1|clk[1] ; pll|altpll_component|auto_generated|pll1|clk[0] ; 4166.667     ; 0.111      ; 6.478      ;
; 4160.377 ; Multiplicador:multiplicador|ACC:acc|Saidas[8]  ; datamemory:Data_Memory|altsyncram:altsyncram_component|altsyncram_28i1:auto_generated|ram_block1a0~porta_we_reg        ; pll|altpll_component|auto_generated|pll1|clk[1] ; pll|altpll_component|auto_generated|pll1|clk[0] ; 4166.667     ; 0.117      ; 6.435      ;
; 4160.395 ; Multiplicador:multiplicador|ACC:acc|Saidas[8]  ; datamemory:Data_Memory|altsyncram:altsyncram_component|altsyncram_28i1:auto_generated|ram_block1a27~porta_we_reg       ; pll|altpll_component|auto_generated|pll1|clk[1] ; pll|altpll_component|auto_generated|pll1|clk[0] ; 4166.667     ; 0.105      ; 6.405      ;
; 4160.506 ; Multiplicador:multiplicador|ACC:acc|Saidas[17] ; datamemory:Data_Memory|altsyncram:altsyncram_component|altsyncram_28i1:auto_generated|ram_block1a9~porta_we_reg        ; pll|altpll_component|auto_generated|pll1|clk[1] ; pll|altpll_component|auto_generated|pll1|clk[0] ; 4166.667     ; 0.139      ; 6.328      ;
; 4160.517 ; Multiplicador:multiplicador|ACC:acc|Saidas[17] ; datamemory:Data_Memory|altsyncram:altsyncram_component|altsyncram_28i1:auto_generated|ram_block1a18~porta_we_reg       ; pll|altpll_component|auto_generated|pll1|clk[1] ; pll|altpll_component|auto_generated|pll1|clk[0] ; 4166.667     ; 0.131      ; 6.309      ;
; 4160.522 ; Multiplicador:multiplicador|ACC:acc|Saidas[1]  ; datamemory:Data_Memory|altsyncram:altsyncram_component|altsyncram_28i1:auto_generated|ram_block1a9~porta_we_reg        ; pll|altpll_component|auto_generated|pll1|clk[1] ; pll|altpll_component|auto_generated|pll1|clk[0] ; 4166.667     ; 0.127      ; 6.300      ;
; 4160.527 ; Multiplicador:multiplicador|ACC:acc|Saidas[18] ; datamemory:Data_Memory|altsyncram:altsyncram_component|altsyncram_28i1:auto_generated|ram_block1a9~porta_we_reg        ; pll|altpll_component|auto_generated|pll1|clk[1] ; pll|altpll_component|auto_generated|pll1|clk[0] ; 4166.667     ; 0.139      ; 6.307      ;
; 4160.532 ; Multiplicador:multiplicador|ACC:acc|Saidas[1]  ; datamemory:Data_Memory|altsyncram:altsyncram_component|altsyncram_28i1:auto_generated|ram_block1a18~porta_we_reg       ; pll|altpll_component|auto_generated|pll1|clk[1] ; pll|altpll_component|auto_generated|pll1|clk[0] ; 4166.667     ; 0.119      ; 6.282      ;
; 4160.538 ; Multiplicador:multiplicador|ACC:acc|Saidas[18] ; datamemory:Data_Memory|altsyncram:altsyncram_component|altsyncram_28i1:auto_generated|ram_block1a18~porta_we_reg       ; pll|altpll_component|auto_generated|pll1|clk[1] ; pll|altpll_component|auto_generated|pll1|clk[0] ; 4166.667     ; 0.131      ; 6.288      ;
; 4160.553 ; Multiplicador:multiplicador|ACC:acc|Saidas[17] ; datamemory:Data_Memory|altsyncram:altsyncram_component|altsyncram_28i1:auto_generated|ram_block1a0~porta_we_reg        ; pll|altpll_component|auto_generated|pll1|clk[1] ; pll|altpll_component|auto_generated|pll1|clk[0] ; 4166.667     ; 0.137      ; 6.279      ;
; 4160.574 ; Multiplicador:multiplicador|ACC:acc|Saidas[18] ; datamemory:Data_Memory|altsyncram:altsyncram_component|altsyncram_28i1:auto_generated|ram_block1a0~porta_we_reg        ; pll|altpll_component|auto_generated|pll1|clk[1] ; pll|altpll_component|auto_generated|pll1|clk[0] ; 4166.667     ; 0.137      ; 6.258      ;
; 4160.576 ; Multiplicador:multiplicador|ACC:acc|Saidas[17] ; datamemory:Data_Memory|altsyncram:altsyncram_component|altsyncram_28i1:auto_generated|ram_block1a27~porta_we_reg       ; pll|altpll_component|auto_generated|pll1|clk[1] ; pll|altpll_component|auto_generated|pll1|clk[0] ; 4166.667     ; 0.125      ; 6.244      ;
; 4160.581 ; Multiplicador:multiplicador|ACC:acc|Saidas[1]  ; datamemory:Data_Memory|altsyncram:altsyncram_component|altsyncram_28i1:auto_generated|ram_block1a0~porta_we_reg        ; pll|altpll_component|auto_generated|pll1|clk[1] ; pll|altpll_component|auto_generated|pll1|clk[0] ; 4166.667     ; 0.125      ; 6.239      ;
; 4160.597 ; Multiplicador:multiplicador|ACC:acc|Saidas[18] ; datamemory:Data_Memory|altsyncram:altsyncram_component|altsyncram_28i1:auto_generated|ram_block1a27~porta_we_reg       ; pll|altpll_component|auto_generated|pll1|clk[1] ; pll|altpll_component|auto_generated|pll1|clk[0] ; 4166.667     ; 0.125      ; 6.223      ;
; 4160.599 ; Multiplicador:multiplicador|ACC:acc|Saidas[1]  ; datamemory:Data_Memory|altsyncram:altsyncram_component|altsyncram_28i1:auto_generated|ram_block1a27~porta_we_reg       ; pll|altpll_component|auto_generated|pll1|clk[1] ; pll|altpll_component|auto_generated|pll1|clk[0] ; 4166.667     ; 0.113      ; 6.209      ;
; 4160.654 ; Multiplicador:multiplicador|ACC:acc|Saidas[19] ; datamemory:Data_Memory|altsyncram:altsyncram_component|altsyncram_28i1:auto_generated|ram_block1a9~porta_we_reg        ; pll|altpll_component|auto_generated|pll1|clk[1] ; pll|altpll_component|auto_generated|pll1|clk[0] ; 4166.667     ; 0.139      ; 6.180      ;
; 4160.665 ; Multiplicador:multiplicador|ACC:acc|Saidas[19] ; datamemory:Data_Memory|altsyncram:altsyncram_component|altsyncram_28i1:auto_generated|ram_block1a18~porta_we_reg       ; pll|altpll_component|auto_generated|pll1|clk[1] ; pll|altpll_component|auto_generated|pll1|clk[0] ; 4166.667     ; 0.131      ; 6.161      ;
; 4160.701 ; Multiplicador:multiplicador|ACC:acc|Saidas[19] ; datamemory:Data_Memory|altsyncram:altsyncram_component|altsyncram_28i1:auto_generated|ram_block1a0~porta_we_reg        ; pll|altpll_component|auto_generated|pll1|clk[1] ; pll|altpll_component|auto_generated|pll1|clk[0] ; 4166.667     ; 0.137      ; 6.131      ;
; 4160.724 ; Multiplicador:multiplicador|ACC:acc|Saidas[19] ; datamemory:Data_Memory|altsyncram:altsyncram_component|altsyncram_28i1:auto_generated|ram_block1a27~porta_we_reg       ; pll|altpll_component|auto_generated|pll1|clk[1] ; pll|altpll_component|auto_generated|pll1|clk[0] ; 4166.667     ; 0.125      ; 6.096      ;
; 4160.752 ; Multiplicador:multiplicador|ACC:acc|Saidas[2]  ; datamemory:Data_Memory|altsyncram:altsyncram_component|altsyncram_28i1:auto_generated|ram_block1a27~porta_address_reg0 ; pll|altpll_component|auto_generated|pll1|clk[1] ; pll|altpll_component|auto_generated|pll1|clk[0] ; 4166.667     ; 0.111      ; 6.054      ;
; 4160.776 ; Multiplicador:multiplicador|ACC:acc|Saidas[23] ; datamemory:Data_Memory|altsyncram:altsyncram_component|altsyncram_28i1:auto_generated|ram_block1a9~porta_we_reg        ; pll|altpll_component|auto_generated|pll1|clk[1] ; pll|altpll_component|auto_generated|pll1|clk[0] ; 4166.667     ; 0.133      ; 6.052      ;
; 4160.787 ; Multiplicador:multiplicador|ACC:acc|Saidas[23] ; datamemory:Data_Memory|altsyncram:altsyncram_component|altsyncram_28i1:auto_generated|ram_block1a18~porta_we_reg       ; pll|altpll_component|auto_generated|pll1|clk[1] ; pll|altpll_component|auto_generated|pll1|clk[0] ; 4166.667     ; 0.125      ; 6.033      ;
; 4160.823 ; Multiplicador:multiplicador|ACC:acc|Saidas[23] ; datamemory:Data_Memory|altsyncram:altsyncram_component|altsyncram_28i1:auto_generated|ram_block1a0~porta_we_reg        ; pll|altpll_component|auto_generated|pll1|clk[1] ; pll|altpll_component|auto_generated|pll1|clk[0] ; 4166.667     ; 0.131      ; 6.003      ;
; 4160.846 ; Multiplicador:multiplicador|ACC:acc|Saidas[23] ; datamemory:Data_Memory|altsyncram:altsyncram_component|altsyncram_28i1:auto_generated|ram_block1a27~porta_we_reg       ; pll|altpll_component|auto_generated|pll1|clk[1] ; pll|altpll_component|auto_generated|pll1|clk[0] ; 4166.667     ; 0.119      ; 5.968      ;
; 4160.901 ; Multiplicador:multiplicador|ACC:acc|Saidas[16] ; datamemory:Data_Memory|altsyncram:altsyncram_component|altsyncram_28i1:auto_generated|ram_block1a9~porta_we_reg        ; pll|altpll_component|auto_generated|pll1|clk[1] ; pll|altpll_component|auto_generated|pll1|clk[0] ; 4166.667     ; 0.139      ; 5.933      ;
; 4160.912 ; Multiplicador:multiplicador|ACC:acc|Saidas[16] ; datamemory:Data_Memory|altsyncram:altsyncram_component|altsyncram_28i1:auto_generated|ram_block1a18~porta_we_reg       ; pll|altpll_component|auto_generated|pll1|clk[1] ; pll|altpll_component|auto_generated|pll1|clk[0] ; 4166.667     ; 0.131      ; 5.914      ;
; 4160.913 ; Multiplicador:multiplicador|ACC:acc|Saidas[10] ; datamemory:Data_Memory|altsyncram:altsyncram_component|altsyncram_28i1:auto_generated|ram_block1a9~porta_we_reg        ; pll|altpll_component|auto_generated|pll1|clk[1] ; pll|altpll_component|auto_generated|pll1|clk[0] ; 4166.667     ; 0.119      ; 5.901      ;
; 4160.923 ; Multiplicador:multiplicador|ACC:acc|Saidas[10] ; datamemory:Data_Memory|altsyncram:altsyncram_component|altsyncram_28i1:auto_generated|ram_block1a18~porta_we_reg       ; pll|altpll_component|auto_generated|pll1|clk[1] ; pll|altpll_component|auto_generated|pll1|clk[0] ; 4166.667     ; 0.111      ; 5.883      ;
; 4160.948 ; Multiplicador:multiplicador|ACC:acc|Saidas[16] ; datamemory:Data_Memory|altsyncram:altsyncram_component|altsyncram_28i1:auto_generated|ram_block1a0~porta_we_reg        ; pll|altpll_component|auto_generated|pll1|clk[1] ; pll|altpll_component|auto_generated|pll1|clk[0] ; 4166.667     ; 0.137      ; 5.884      ;
; 4160.949 ; Multiplicador:multiplicador|ACC:acc|Saidas[5]  ; datamemory:Data_Memory|altsyncram:altsyncram_component|altsyncram_28i1:auto_generated|ram_block1a9~porta_we_reg        ; pll|altpll_component|auto_generated|pll1|clk[1] ; pll|altpll_component|auto_generated|pll1|clk[0] ; 4166.667     ; 0.125      ; 5.871      ;
; 4160.959 ; Multiplicador:multiplicador|ACC:acc|Saidas[5]  ; datamemory:Data_Memory|altsyncram:altsyncram_component|altsyncram_28i1:auto_generated|ram_block1a18~porta_we_reg       ; pll|altpll_component|auto_generated|pll1|clk[1] ; pll|altpll_component|auto_generated|pll1|clk[0] ; 4166.667     ; 0.117      ; 5.853      ;
; 4160.971 ; Multiplicador:multiplicador|ACC:acc|Saidas[16] ; datamemory:Data_Memory|altsyncram:altsyncram_component|altsyncram_28i1:auto_generated|ram_block1a27~porta_we_reg       ; pll|altpll_component|auto_generated|pll1|clk[1] ; pll|altpll_component|auto_generated|pll1|clk[0] ; 4166.667     ; 0.125      ; 5.849      ;
; 4160.972 ; Multiplicador:multiplicador|ACC:acc|Saidas[10] ; datamemory:Data_Memory|altsyncram:altsyncram_component|altsyncram_28i1:auto_generated|ram_block1a0~porta_we_reg        ; pll|altpll_component|auto_generated|pll1|clk[1] ; pll|altpll_component|auto_generated|pll1|clk[0] ; 4166.667     ; 0.117      ; 5.840      ;
; 4160.975 ; Multiplicador:multiplicador|ACC:acc|Saidas[15] ; datamemory:Data_Memory|altsyncram:altsyncram_component|altsyncram_28i1:auto_generated|ram_block1a9~porta_we_reg        ; pll|altpll_component|auto_generated|pll1|clk[1] ; pll|altpll_component|auto_generated|pll1|clk[0] ; 4166.667     ; 0.119      ; 5.839      ;
; 4160.986 ; Multiplicador:multiplicador|ACC:acc|Saidas[15] ; datamemory:Data_Memory|altsyncram:altsyncram_component|altsyncram_28i1:auto_generated|ram_block1a18~porta_we_reg       ; pll|altpll_component|auto_generated|pll1|clk[1] ; pll|altpll_component|auto_generated|pll1|clk[0] ; 4166.667     ; 0.111      ; 5.820      ;
; 4160.990 ; Multiplicador:multiplicador|ACC:acc|Saidas[10] ; datamemory:Data_Memory|altsyncram:altsyncram_component|altsyncram_28i1:auto_generated|ram_block1a27~porta_we_reg       ; pll|altpll_component|auto_generated|pll1|clk[1] ; pll|altpll_component|auto_generated|pll1|clk[0] ; 4166.667     ; 0.105      ; 5.810      ;
; 4161.008 ; Multiplicador:multiplicador|ACC:acc|Saidas[5]  ; datamemory:Data_Memory|altsyncram:altsyncram_component|altsyncram_28i1:auto_generated|ram_block1a0~porta_we_reg        ; pll|altpll_component|auto_generated|pll1|clk[1] ; pll|altpll_component|auto_generated|pll1|clk[0] ; 4166.667     ; 0.123      ; 5.810      ;
; 4161.022 ; Multiplicador:multiplicador|ACC:acc|Saidas[15] ; datamemory:Data_Memory|altsyncram:altsyncram_component|altsyncram_28i1:auto_generated|ram_block1a0~porta_we_reg        ; pll|altpll_component|auto_generated|pll1|clk[1] ; pll|altpll_component|auto_generated|pll1|clk[0] ; 4166.667     ; 0.117      ; 5.790      ;
; 4161.026 ; Multiplicador:multiplicador|ACC:acc|Saidas[5]  ; datamemory:Data_Memory|altsyncram:altsyncram_component|altsyncram_28i1:auto_generated|ram_block1a27~porta_we_reg       ; pll|altpll_component|auto_generated|pll1|clk[1] ; pll|altpll_component|auto_generated|pll1|clk[0] ; 4166.667     ; 0.111      ; 5.780      ;
; 4161.045 ; Multiplicador:multiplicador|ACC:acc|Saidas[15] ; datamemory:Data_Memory|altsyncram:altsyncram_component|altsyncram_28i1:auto_generated|ram_block1a27~porta_we_reg       ; pll|altpll_component|auto_generated|pll1|clk[1] ; pll|altpll_component|auto_generated|pll1|clk[0] ; 4166.667     ; 0.105      ; 5.755      ;
; 4161.093 ; Multiplicador:multiplicador|ACC:acc|Saidas[8]  ; register:CTRL2|out[25]                                                                                                 ; pll|altpll_component|auto_generated|pll1|clk[1] ; pll|altpll_component|auto_generated|pll1|clk[0] ; 4166.667     ; -0.195     ; 5.379      ;
; 4161.149 ; Multiplicador:multiplicador|ACC:acc|Saidas[17] ; register:CTRL2|out[25]                                                                                                 ; pll|altpll_component|auto_generated|pll1|clk[1] ; pll|altpll_component|auto_generated|pll1|clk[0] ; 4166.667     ; -0.175     ; 5.343      ;
; 4161.170 ; Multiplicador:multiplicador|ACC:acc|Saidas[18] ; register:CTRL2|out[25]                                                                                                 ; pll|altpll_component|auto_generated|pll1|clk[1] ; pll|altpll_component|auto_generated|pll1|clk[0] ; 4166.667     ; -0.175     ; 5.322      ;
; 4161.179 ; Multiplicador:multiplicador|ACC:acc|Saidas[6]  ; datamemory:Data_Memory|altsyncram:altsyncram_component|altsyncram_28i1:auto_generated|ram_block1a9~porta_we_reg        ; pll|altpll_component|auto_generated|pll1|clk[1] ; pll|altpll_component|auto_generated|pll1|clk[0] ; 4166.667     ; 0.125      ; 5.641      ;
; 4161.189 ; Multiplicador:multiplicador|ACC:acc|Saidas[6]  ; datamemory:Data_Memory|altsyncram:altsyncram_component|altsyncram_28i1:auto_generated|ram_block1a18~porta_we_reg       ; pll|altpll_component|auto_generated|pll1|clk[1] ; pll|altpll_component|auto_generated|pll1|clk[0] ; 4166.667     ; 0.117      ; 5.623      ;
; 4161.206 ; Multiplicador:multiplicador|ACC:acc|Saidas[21] ; datamemory:Data_Memory|altsyncram:altsyncram_component|altsyncram_28i1:auto_generated|ram_block1a9~porta_we_reg        ; pll|altpll_component|auto_generated|pll1|clk[1] ; pll|altpll_component|auto_generated|pll1|clk[0] ; 4166.667     ; 0.139      ; 5.628      ;
; 4161.217 ; Multiplicador:multiplicador|ACC:acc|Saidas[21] ; datamemory:Data_Memory|altsyncram:altsyncram_component|altsyncram_28i1:auto_generated|ram_block1a18~porta_we_reg       ; pll|altpll_component|auto_generated|pll1|clk[1] ; pll|altpll_component|auto_generated|pll1|clk[0] ; 4166.667     ; 0.131      ; 5.609      ;
; 4161.238 ; Multiplicador:multiplicador|ACC:acc|Saidas[6]  ; datamemory:Data_Memory|altsyncram:altsyncram_component|altsyncram_28i1:auto_generated|ram_block1a0~porta_we_reg        ; pll|altpll_component|auto_generated|pll1|clk[1] ; pll|altpll_component|auto_generated|pll1|clk[0] ; 4166.667     ; 0.123      ; 5.580      ;
; 4161.253 ; Multiplicador:multiplicador|ACC:acc|Saidas[21] ; datamemory:Data_Memory|altsyncram:altsyncram_component|altsyncram_28i1:auto_generated|ram_block1a0~porta_we_reg        ; pll|altpll_component|auto_generated|pll1|clk[1] ; pll|altpll_component|auto_generated|pll1|clk[0] ; 4166.667     ; 0.137      ; 5.579      ;
; 4161.256 ; Multiplicador:multiplicador|ACC:acc|Saidas[6]  ; datamemory:Data_Memory|altsyncram:altsyncram_component|altsyncram_28i1:auto_generated|ram_block1a27~porta_we_reg       ; pll|altpll_component|auto_generated|pll1|clk[1] ; pll|altpll_component|auto_generated|pll1|clk[0] ; 4166.667     ; 0.111      ; 5.550      ;
; 4161.276 ; Multiplicador:multiplicador|ACC:acc|Saidas[21] ; datamemory:Data_Memory|altsyncram:altsyncram_component|altsyncram_28i1:auto_generated|ram_block1a27~porta_we_reg       ; pll|altpll_component|auto_generated|pll1|clk[1] ; pll|altpll_component|auto_generated|pll1|clk[0] ; 4166.667     ; 0.125      ; 5.544      ;
; 4161.297 ; Multiplicador:multiplicador|ACC:acc|Saidas[1]  ; register:CTRL2|out[25]                                                                                                 ; pll|altpll_component|auto_generated|pll1|clk[1] ; pll|altpll_component|auto_generated|pll1|clk[0] ; 4166.667     ; -0.187     ; 5.183      ;
; 4161.297 ; Multiplicador:multiplicador|ACC:acc|Saidas[19] ; register:CTRL2|out[25]                                                                                                 ; pll|altpll_component|auto_generated|pll1|clk[1] ; pll|altpll_component|auto_generated|pll1|clk[0] ; 4166.667     ; -0.175     ; 5.195      ;
; 4161.330 ; Multiplicador:multiplicador|ACC:acc|Saidas[2]  ; datamemory:Data_Memory|altsyncram:altsyncram_component|altsyncram_28i1:auto_generated|ram_block1a9~porta_address_reg0  ; pll|altpll_component|auto_generated|pll1|clk[1] ; pll|altpll_component|auto_generated|pll1|clk[0] ; 4166.667     ; 0.125      ; 5.490      ;
; 4161.338 ; Multiplicador:multiplicador|ACC:acc|Saidas[2]  ; datamemory:Data_Memory|altsyncram:altsyncram_component|altsyncram_28i1:auto_generated|ram_block1a0~porta_address_reg0  ; pll|altpll_component|auto_generated|pll1|clk[1] ; pll|altpll_component|auto_generated|pll1|clk[0] ; 4166.667     ; 0.123      ; 5.480      ;
; 4161.340 ; Multiplicador:multiplicador|ACC:acc|Saidas[7]  ; datamemory:Data_Memory|altsyncram:altsyncram_component|altsyncram_28i1:auto_generated|ram_block1a9~porta_we_reg        ; pll|altpll_component|auto_generated|pll1|clk[1] ; pll|altpll_component|auto_generated|pll1|clk[0] ; 4166.667     ; 0.119      ; 5.474      ;
; 4161.350 ; Multiplicador:multiplicador|ACC:acc|Saidas[7]  ; datamemory:Data_Memory|altsyncram:altsyncram_component|altsyncram_28i1:auto_generated|ram_block1a18~porta_we_reg       ; pll|altpll_component|auto_generated|pll1|clk[1] ; pll|altpll_component|auto_generated|pll1|clk[0] ; 4166.667     ; 0.111      ; 5.456      ;
; 4161.399 ; Multiplicador:multiplicador|ACC:acc|Saidas[3]  ; datamemory:Data_Memory|altsyncram:altsyncram_component|altsyncram_28i1:auto_generated|ram_block1a9~porta_we_reg        ; pll|altpll_component|auto_generated|pll1|clk[1] ; pll|altpll_component|auto_generated|pll1|clk[0] ; 4166.667     ; 0.125      ; 5.421      ;
; 4161.399 ; Multiplicador:multiplicador|ACC:acc|Saidas[7]  ; datamemory:Data_Memory|altsyncram:altsyncram_component|altsyncram_28i1:auto_generated|ram_block1a0~porta_we_reg        ; pll|altpll_component|auto_generated|pll1|clk[1] ; pll|altpll_component|auto_generated|pll1|clk[0] ; 4166.667     ; 0.117      ; 5.413      ;
; 4161.409 ; Multiplicador:multiplicador|ACC:acc|Saidas[3]  ; datamemory:Data_Memory|altsyncram:altsyncram_component|altsyncram_28i1:auto_generated|ram_block1a18~porta_we_reg       ; pll|altpll_component|auto_generated|pll1|clk[1] ; pll|altpll_component|auto_generated|pll1|clk[0] ; 4166.667     ; 0.117      ; 5.403      ;
; 4161.412 ; Multiplicador:multiplicador|ACC:acc|Saidas[4]  ; datamemory:Data_Memory|altsyncram:altsyncram_component|altsyncram_28i1:auto_generated|ram_block1a9~porta_we_reg        ; pll|altpll_component|auto_generated|pll1|clk[1] ; pll|altpll_component|auto_generated|pll1|clk[0] ; 4166.667     ; 0.125      ; 5.408      ;
; 4161.417 ; Multiplicador:multiplicador|ACC:acc|Saidas[7]  ; datamemory:Data_Memory|altsyncram:altsyncram_component|altsyncram_28i1:auto_generated|ram_block1a27~porta_we_reg       ; pll|altpll_component|auto_generated|pll1|clk[1] ; pll|altpll_component|auto_generated|pll1|clk[0] ; 4166.667     ; 0.105      ; 5.383      ;
; 4161.419 ; Multiplicador:multiplicador|ACC:acc|Saidas[23] ; register:CTRL2|out[25]                                                                                                 ; pll|altpll_component|auto_generated|pll1|clk[1] ; pll|altpll_component|auto_generated|pll1|clk[0] ; 4166.667     ; -0.181     ; 5.067      ;
; 4161.422 ; Multiplicador:multiplicador|ACC:acc|Saidas[4]  ; datamemory:Data_Memory|altsyncram:altsyncram_component|altsyncram_28i1:auto_generated|ram_block1a18~porta_we_reg       ; pll|altpll_component|auto_generated|pll1|clk[1] ; pll|altpll_component|auto_generated|pll1|clk[0] ; 4166.667     ; 0.117      ; 5.390      ;
; 4161.422 ; Multiplicador:multiplicador|ACC:acc|Saidas[22] ; datamemory:Data_Memory|altsyncram:altsyncram_component|altsyncram_28i1:auto_generated|ram_block1a9~porta_we_reg        ; pll|altpll_component|auto_generated|pll1|clk[1] ; pll|altpll_component|auto_generated|pll1|clk[0] ; 4166.667     ; 0.139      ; 5.412      ;
; 4161.428 ; Multiplicador:multiplicador|ACC:acc|Saidas[13] ; datamemory:Data_Memory|altsyncram:altsyncram_component|altsyncram_28i1:auto_generated|ram_block1a9~porta_we_reg        ; pll|altpll_component|auto_generated|pll1|clk[1] ; pll|altpll_component|auto_generated|pll1|clk[0] ; 4166.667     ; 0.119      ; 5.386      ;
; 4161.433 ; Multiplicador:multiplicador|ACC:acc|Saidas[22] ; datamemory:Data_Memory|altsyncram:altsyncram_component|altsyncram_28i1:auto_generated|ram_block1a18~porta_we_reg       ; pll|altpll_component|auto_generated|pll1|clk[1] ; pll|altpll_component|auto_generated|pll1|clk[0] ; 4166.667     ; 0.131      ; 5.393      ;
; 4161.438 ; Multiplicador:multiplicador|ACC:acc|Saidas[13] ; datamemory:Data_Memory|altsyncram:altsyncram_component|altsyncram_28i1:auto_generated|ram_block1a18~porta_we_reg       ; pll|altpll_component|auto_generated|pll1|clk[1] ; pll|altpll_component|auto_generated|pll1|clk[0] ; 4166.667     ; 0.111      ; 5.368      ;
; 4161.458 ; Multiplicador:multiplicador|ACC:acc|Saidas[3]  ; datamemory:Data_Memory|altsyncram:altsyncram_component|altsyncram_28i1:auto_generated|ram_block1a0~porta_we_reg        ; pll|altpll_component|auto_generated|pll1|clk[1] ; pll|altpll_component|auto_generated|pll1|clk[0] ; 4166.667     ; 0.123      ; 5.360      ;
; 4161.464 ; Multiplicador:multiplicador|ACC:acc|Saidas[9]  ; datamemory:Data_Memory|altsyncram:altsyncram_component|altsyncram_28i1:auto_generated|ram_block1a9~porta_we_reg        ; pll|altpll_component|auto_generated|pll1|clk[1] ; pll|altpll_component|auto_generated|pll1|clk[0] ; 4166.667     ; 0.119      ; 5.350      ;
; 4161.469 ; Multiplicador:multiplicador|ACC:acc|Saidas[22] ; datamemory:Data_Memory|altsyncram:altsyncram_component|altsyncram_28i1:auto_generated|ram_block1a0~porta_we_reg        ; pll|altpll_component|auto_generated|pll1|clk[1] ; pll|altpll_component|auto_generated|pll1|clk[0] ; 4166.667     ; 0.137      ; 5.363      ;
; 4161.471 ; Multiplicador:multiplicador|ACC:acc|Saidas[4]  ; datamemory:Data_Memory|altsyncram:altsyncram_component|altsyncram_28i1:auto_generated|ram_block1a0~porta_we_reg        ; pll|altpll_component|auto_generated|pll1|clk[1] ; pll|altpll_component|auto_generated|pll1|clk[0] ; 4166.667     ; 0.123      ; 5.347      ;
; 4161.474 ; Multiplicador:multiplicador|ACC:acc|Saidas[9]  ; datamemory:Data_Memory|altsyncram:altsyncram_component|altsyncram_28i1:auto_generated|ram_block1a18~porta_we_reg       ; pll|altpll_component|auto_generated|pll1|clk[1] ; pll|altpll_component|auto_generated|pll1|clk[0] ; 4166.667     ; 0.111      ; 5.332      ;
; 4161.476 ; Multiplicador:multiplicador|ACC:acc|Saidas[3]  ; datamemory:Data_Memory|altsyncram:altsyncram_component|altsyncram_28i1:auto_generated|ram_block1a27~porta_we_reg       ; pll|altpll_component|auto_generated|pll1|clk[1] ; pll|altpll_component|auto_generated|pll1|clk[0] ; 4166.667     ; 0.111      ; 5.330      ;
; 4161.487 ; Multiplicador:multiplicador|ACC:acc|Saidas[13] ; datamemory:Data_Memory|altsyncram:altsyncram_component|altsyncram_28i1:auto_generated|ram_block1a0~porta_we_reg        ; pll|altpll_component|auto_generated|pll1|clk[1] ; pll|altpll_component|auto_generated|pll1|clk[0] ; 4166.667     ; 0.117      ; 5.325      ;
; 4161.489 ; Multiplicador:multiplicador|ACC:acc|Saidas[4]  ; datamemory:Data_Memory|altsyncram:altsyncram_component|altsyncram_28i1:auto_generated|ram_block1a27~porta_we_reg       ; pll|altpll_component|auto_generated|pll1|clk[1] ; pll|altpll_component|auto_generated|pll1|clk[0] ; 4166.667     ; 0.111      ; 5.317      ;
; 4161.492 ; Multiplicador:multiplicador|ACC:acc|Saidas[22] ; datamemory:Data_Memory|altsyncram:altsyncram_component|altsyncram_28i1:auto_generated|ram_block1a27~porta_we_reg       ; pll|altpll_component|auto_generated|pll1|clk[1] ; pll|altpll_component|auto_generated|pll1|clk[0] ; 4166.667     ; 0.125      ; 5.328      ;
; 4161.495 ; Multiplicador:multiplicador|ACC:acc|Saidas[20] ; datamemory:Data_Memory|altsyncram:altsyncram_component|altsyncram_28i1:auto_generated|ram_block1a9~porta_we_reg        ; pll|altpll_component|auto_generated|pll1|clk[1] ; pll|altpll_component|auto_generated|pll1|clk[0] ; 4166.667     ; 0.139      ; 5.339      ;
; 4161.505 ; Multiplicador:multiplicador|ACC:acc|Saidas[13] ; datamemory:Data_Memory|altsyncram:altsyncram_component|altsyncram_28i1:auto_generated|ram_block1a27~porta_we_reg       ; pll|altpll_component|auto_generated|pll1|clk[1] ; pll|altpll_component|auto_generated|pll1|clk[0] ; 4166.667     ; 0.105      ; 5.295      ;
; 4161.506 ; Multiplicador:multiplicador|ACC:acc|Saidas[20] ; datamemory:Data_Memory|altsyncram:altsyncram_component|altsyncram_28i1:auto_generated|ram_block1a18~porta_we_reg       ; pll|altpll_component|auto_generated|pll1|clk[1] ; pll|altpll_component|auto_generated|pll1|clk[0] ; 4166.667     ; 0.131      ; 5.320      ;
; 4161.523 ; Multiplicador:multiplicador|ACC:acc|Saidas[9]  ; datamemory:Data_Memory|altsyncram:altsyncram_component|altsyncram_28i1:auto_generated|ram_block1a0~porta_we_reg        ; pll|altpll_component|auto_generated|pll1|clk[1] ; pll|altpll_component|auto_generated|pll1|clk[0] ; 4166.667     ; 0.117      ; 5.289      ;
; 4161.524 ; Multiplicador:multiplicador|ACC:acc|Saidas[28] ; datamemory:Data_Memory|altsyncram:altsyncram_component|altsyncram_28i1:auto_generated|ram_block1a9~porta_we_reg        ; pll|altpll_component|auto_generated|pll1|clk[1] ; pll|altpll_component|auto_generated|pll1|clk[0] ; 4166.667     ; 0.134      ; 5.305      ;
; 4161.534 ; Multiplicador:multiplicador|ACC:acc|Saidas[27] ; datamemory:Data_Memory|altsyncram:altsyncram_component|altsyncram_28i1:auto_generated|ram_block1a9~porta_we_reg        ; pll|altpll_component|auto_generated|pll1|clk[1] ; pll|altpll_component|auto_generated|pll1|clk[0] ; 4166.667     ; 0.134      ; 5.295      ;
; 4161.534 ; Multiplicador:multiplicador|ACC:acc|Saidas[28] ; datamemory:Data_Memory|altsyncram:altsyncram_component|altsyncram_28i1:auto_generated|ram_block1a18~porta_we_reg       ; pll|altpll_component|auto_generated|pll1|clk[1] ; pll|altpll_component|auto_generated|pll1|clk[0] ; 4166.667     ; 0.126      ; 5.287      ;
; 4161.541 ; Multiplicador:multiplicador|ACC:acc|Saidas[9]  ; datamemory:Data_Memory|altsyncram:altsyncram_component|altsyncram_28i1:auto_generated|ram_block1a27~porta_we_reg       ; pll|altpll_component|auto_generated|pll1|clk[1] ; pll|altpll_component|auto_generated|pll1|clk[0] ; 4166.667     ; 0.105      ; 5.259      ;
; 4161.542 ; Multiplicador:multiplicador|ACC:acc|Saidas[20] ; datamemory:Data_Memory|altsyncram:altsyncram_component|altsyncram_28i1:auto_generated|ram_block1a0~porta_we_reg        ; pll|altpll_component|auto_generated|pll1|clk[1] ; pll|altpll_component|auto_generated|pll1|clk[0] ; 4166.667     ; 0.137      ; 5.290      ;
; 4161.544 ; Multiplicador:multiplicador|ACC:acc|Saidas[27] ; datamemory:Data_Memory|altsyncram:altsyncram_component|altsyncram_28i1:auto_generated|ram_block1a18~porta_we_reg       ; pll|altpll_component|auto_generated|pll1|clk[1] ; pll|altpll_component|auto_generated|pll1|clk[0] ; 4166.667     ; 0.126      ; 5.277      ;
; 4161.544 ; Multiplicador:multiplicador|ACC:acc|Saidas[16] ; register:CTRL2|out[25]                                                                                                 ; pll|altpll_component|auto_generated|pll1|clk[1] ; pll|altpll_component|auto_generated|pll1|clk[0] ; 4166.667     ; -0.175     ; 4.948      ;
; 4161.565 ; Multiplicador:multiplicador|ACC:acc|Saidas[20] ; datamemory:Data_Memory|altsyncram:altsyncram_component|altsyncram_28i1:auto_generated|ram_block1a27~porta_we_reg       ; pll|altpll_component|auto_generated|pll1|clk[1] ; pll|altpll_component|auto_generated|pll1|clk[0] ; 4166.667     ; 0.125      ; 5.255      ;
; 4161.571 ; Multiplicador:multiplicador|ACC:acc|Saidas[28] ; datamemory:Data_Memory|altsyncram:altsyncram_component|altsyncram_28i1:auto_generated|ram_block1a0~porta_we_reg        ; pll|altpll_component|auto_generated|pll1|clk[1] ; pll|altpll_component|auto_generated|pll1|clk[0] ; 4166.667     ; 0.132      ; 5.256      ;
; 4161.572 ; Multiplicador:multiplicador|ACC:acc|Saidas[26] ; datamemory:Data_Memory|altsyncram:altsyncram_component|altsyncram_28i1:auto_generated|ram_block1a9~porta_we_reg        ; pll|altpll_component|auto_generated|pll1|clk[1] ; pll|altpll_component|auto_generated|pll1|clk[0] ; 4166.667     ; 0.134      ; 5.257      ;
; 4161.582 ; Multiplicador:multiplicador|ACC:acc|Saidas[26] ; datamemory:Data_Memory|altsyncram:altsyncram_component|altsyncram_28i1:auto_generated|ram_block1a18~porta_we_reg       ; pll|altpll_component|auto_generated|pll1|clk[1] ; pll|altpll_component|auto_generated|pll1|clk[0] ; 4166.667     ; 0.126      ; 5.239      ;
; 4161.586 ; Multiplicador:multiplicador|ACC:acc|Saidas[27] ; datamemory:Data_Memory|altsyncram:altsyncram_component|altsyncram_28i1:auto_generated|ram_block1a0~porta_we_reg        ; pll|altpll_component|auto_generated|pll1|clk[1] ; pll|altpll_component|auto_generated|pll1|clk[0] ; 4166.667     ; 0.132      ; 5.241      ;
; 4161.594 ; Multiplicador:multiplicador|ACC:acc|Saidas[28] ; datamemory:Data_Memory|altsyncram:altsyncram_component|altsyncram_28i1:auto_generated|ram_block1a27~porta_we_reg       ; pll|altpll_component|auto_generated|pll1|clk[1] ; pll|altpll_component|auto_generated|pll1|clk[0] ; 4166.667     ; 0.120      ; 5.221      ;
+----------+------------------------------------------------+------------------------------------------------------------------------------------------------------------------------+-------------------------------------------------+-------------------------------------------------+--------------+------------+------------+


+------------------------------------------------------------------------------------------------------------------------------------------------------------------------------------------------------------------------------------------------+
; Slow 1200mV -40C Model Setup: 'pll|altpll_component|auto_generated|pll1|clk[1]'                                                                                                                                                                ;
+----------+---------------------------------+------------------------------------------------------+-------------------------------------------------+-------------------------------------------------+--------------+------------+------------+
; Slack    ; From Node                       ; To Node                                              ; Launch Clock                                    ; Latch Clock                                     ; Relationship ; Clock Skew ; Data Delay ;
+----------+---------------------------------+------------------------------------------------------+-------------------------------------------------+-------------------------------------------------+--------------+------------+------------+
; 4161.298 ; registerfile:RegisterFile|B[8]  ; Multiplicador:multiplicador|ACC:acc|Saidas[31]       ; pll|altpll_component|auto_generated|pll1|clk[0] ; pll|altpll_component|auto_generated|pll1|clk[1] ; 4166.666     ; -0.171     ; 5.197      ;
; 4161.559 ; registerfile:RegisterFile|B[8]  ; Multiplicador:multiplicador|ACC:acc|Saidas[29]       ; pll|altpll_component|auto_generated|pll1|clk[0] ; pll|altpll_component|auto_generated|pll1|clk[1] ; 4166.666     ; -0.172     ; 4.935      ;
; 4161.606 ; registerfile:RegisterFile|B[8]  ; Multiplicador:multiplicador|ACC:acc|Saidas[30]       ; pll|altpll_component|auto_generated|pll1|clk[0] ; pll|altpll_component|auto_generated|pll1|clk[1] ; 4166.666     ; -0.172     ; 4.888      ;
; 4161.612 ; registerfile:RegisterFile|B[8]  ; Multiplicador:multiplicador|ACC:acc|Saidas[32]       ; pll|altpll_component|auto_generated|pll1|clk[0] ; pll|altpll_component|auto_generated|pll1|clk[1] ; 4166.666     ; -0.171     ; 4.883      ;
; 4161.637 ; registerfile:RegisterFile|B[8]  ; Multiplicador:multiplicador|ACC:acc|Saidas[27]       ; pll|altpll_component|auto_generated|pll1|clk[0] ; pll|altpll_component|auto_generated|pll1|clk[1] ; 4166.666     ; -0.172     ; 4.857      ;
; 4161.728 ; register:CTRL1|out[5]           ; Multiplicador:multiplicador|ACC:acc|Saidas[26]       ; pll|altpll_component|auto_generated|pll1|clk[0] ; pll|altpll_component|auto_generated|pll1|clk[1] ; 4166.666     ; -0.202     ; 4.736      ;
; 4161.752 ; registerfile:RegisterFile|B[6]  ; Multiplicador:multiplicador|ACC:acc|Saidas[31]       ; pll|altpll_component|auto_generated|pll1|clk[0] ; pll|altpll_component|auto_generated|pll1|clk[1] ; 4166.666     ; -0.171     ; 4.743      ;
; 4161.753 ; register:CTRL1|out[5]           ; Multiplicador:multiplicador|ACC:acc|Saidas[25]       ; pll|altpll_component|auto_generated|pll1|clk[0] ; pll|altpll_component|auto_generated|pll1|clk[1] ; 4166.666     ; -0.202     ; 4.711      ;
; 4161.837 ; registerfile:RegisterFile|B[8]  ; Multiplicador:multiplicador|ACC:acc|Saidas[28]       ; pll|altpll_component|auto_generated|pll1|clk[0] ; pll|altpll_component|auto_generated|pll1|clk[1] ; 4166.666     ; -0.172     ; 4.657      ;
; 4161.906 ; register:CTRL1|out[5]           ; Multiplicador:multiplicador|ACC:acc|Saidas[3]        ; pll|altpll_component|auto_generated|pll1|clk[0] ; pll|altpll_component|auto_generated|pll1|clk[1] ; 4166.666     ; -0.193     ; 4.567      ;
; 4161.906 ; register:CTRL1|out[5]           ; Multiplicador:multiplicador|ACC:acc|Saidas[5]        ; pll|altpll_component|auto_generated|pll1|clk[0] ; pll|altpll_component|auto_generated|pll1|clk[1] ; 4166.666     ; -0.193     ; 4.567      ;
; 4161.906 ; register:CTRL1|out[5]           ; Multiplicador:multiplicador|ACC:acc|Saidas[6]        ; pll|altpll_component|auto_generated|pll1|clk[0] ; pll|altpll_component|auto_generated|pll1|clk[1] ; 4166.666     ; -0.193     ; 4.567      ;
; 4161.906 ; register:CTRL1|out[5]           ; Multiplicador:multiplicador|ACC:acc|Saidas[4]        ; pll|altpll_component|auto_generated|pll1|clk[0] ; pll|altpll_component|auto_generated|pll1|clk[1] ; 4166.666     ; -0.193     ; 4.567      ;
; 4161.906 ; register:CTRL1|out[5]           ; Multiplicador:multiplicador|ACC:acc|Saidas[2]        ; pll|altpll_component|auto_generated|pll1|clk[0] ; pll|altpll_component|auto_generated|pll1|clk[1] ; 4166.666     ; -0.193     ; 4.567      ;
; 4161.932 ; register:CTRL1|out[5]           ; Multiplicador:multiplicador|ACC:acc|Saidas[1]        ; pll|altpll_component|auto_generated|pll1|clk[0] ; pll|altpll_component|auto_generated|pll1|clk[1] ; 4166.666     ; -0.195     ; 4.539      ;
; 4161.932 ; register:CTRL1|out[5]           ; Multiplicador:multiplicador|ACC:acc|Saidas[0]        ; pll|altpll_component|auto_generated|pll1|clk[0] ; pll|altpll_component|auto_generated|pll1|clk[1] ; 4166.666     ; -0.195     ; 4.539      ;
; 4161.944 ; registerfile:RegisterFile|B[8]  ; Multiplicador:multiplicador|ACC:acc|Saidas[26]       ; pll|altpll_component|auto_generated|pll1|clk[0] ; pll|altpll_component|auto_generated|pll1|clk[1] ; 4166.666     ; -0.172     ; 4.550      ;
; 4162.000 ; registerfile:RegisterFile|B[10] ; Multiplicador:multiplicador|ACC:acc|Saidas[31]       ; pll|altpll_component|auto_generated|pll1|clk[0] ; pll|altpll_component|auto_generated|pll1|clk[1] ; 4166.666     ; -0.179     ; 4.487      ;
; 4162.001 ; registerfile:RegisterFile|B[3]  ; Multiplicador:multiplicador|ACC:acc|Saidas[31]       ; pll|altpll_component|auto_generated|pll1|clk[0] ; pll|altpll_component|auto_generated|pll1|clk[1] ; 4166.666     ; -0.203     ; 4.462      ;
; 4162.013 ; registerfile:RegisterFile|B[6]  ; Multiplicador:multiplicador|ACC:acc|Saidas[29]       ; pll|altpll_component|auto_generated|pll1|clk[0] ; pll|altpll_component|auto_generated|pll1|clk[1] ; 4166.666     ; -0.172     ; 4.481      ;
; 4162.032 ; registerfile:RegisterFile|B[8]  ; Multiplicador:multiplicador|ACC:acc|Saidas[25]       ; pll|altpll_component|auto_generated|pll1|clk[0] ; pll|altpll_component|auto_generated|pll1|clk[1] ; 4166.666     ; -0.172     ; 4.462      ;
; 4162.060 ; registerfile:RegisterFile|B[6]  ; Multiplicador:multiplicador|ACC:acc|Saidas[30]       ; pll|altpll_component|auto_generated|pll1|clk[0] ; pll|altpll_component|auto_generated|pll1|clk[1] ; 4166.666     ; -0.172     ; 4.434      ;
; 4162.066 ; registerfile:RegisterFile|B[6]  ; Multiplicador:multiplicador|ACC:acc|Saidas[32]       ; pll|altpll_component|auto_generated|pll1|clk[0] ; pll|altpll_component|auto_generated|pll1|clk[1] ; 4166.666     ; -0.171     ; 4.429      ;
; 4162.084 ; registerfile:RegisterFile|B[6]  ; Multiplicador:multiplicador|ACC:acc|Saidas[23]       ; pll|altpll_component|auto_generated|pll1|clk[0] ; pll|altpll_component|auto_generated|pll1|clk[1] ; 4166.666     ; -0.171     ; 4.411      ;
; 4162.091 ; registerfile:RegisterFile|B[6]  ; Multiplicador:multiplicador|ACC:acc|Saidas[27]       ; pll|altpll_component|auto_generated|pll1|clk[0] ; pll|altpll_component|auto_generated|pll1|clk[1] ; 4166.666     ; -0.172     ; 4.403      ;
; 4162.116 ; register:CTRL1|out[5]           ; Multiplicador:multiplicador|ACC:acc|Saidas[22]       ; pll|altpll_component|auto_generated|pll1|clk[0] ; pll|altpll_component|auto_generated|pll1|clk[1] ; 4166.666     ; -0.207     ; 4.343      ;
; 4162.121 ; register:CTRL1|out[5]           ; Multiplicador:multiplicador|ACC:acc|Saidas[19]       ; pll|altpll_component|auto_generated|pll1|clk[0] ; pll|altpll_component|auto_generated|pll1|clk[1] ; 4166.666     ; -0.207     ; 4.338      ;
; 4162.122 ; register:CTRL1|out[5]           ; Multiplicador:multiplicador|ACC:acc|Saidas[21]       ; pll|altpll_component|auto_generated|pll1|clk[0] ; pll|altpll_component|auto_generated|pll1|clk[1] ; 4166.666     ; -0.207     ; 4.337      ;
; 4162.122 ; register:CTRL1|out[5]           ; Multiplicador:multiplicador|ACC:acc|Saidas[18]       ; pll|altpll_component|auto_generated|pll1|clk[0] ; pll|altpll_component|auto_generated|pll1|clk[1] ; 4166.666     ; -0.207     ; 4.337      ;
; 4162.131 ; register:CTRL1|out[5]           ; Multiplicador:multiplicador|ACC:acc|Saidas[31]       ; pll|altpll_component|auto_generated|pll1|clk[0] ; pll|altpll_component|auto_generated|pll1|clk[1] ; 4166.666     ; -0.201     ; 4.334      ;
; 4162.133 ; register:CTRL1|out[5]           ; Multiplicador:multiplicador|ACC:acc|Saidas[23]       ; pll|altpll_component|auto_generated|pll1|clk[0] ; pll|altpll_component|auto_generated|pll1|clk[1] ; 4166.666     ; -0.201     ; 4.332      ;
; 4162.157 ; register:CTRL1|out[5]           ; Multiplicador:multiplicador|ACC:acc|Saidas[30]       ; pll|altpll_component|auto_generated|pll1|clk[0] ; pll|altpll_component|auto_generated|pll1|clk[1] ; 4166.666     ; -0.202     ; 4.307      ;
; 4162.226 ; registerfile:RegisterFile|B[8]  ; Multiplicador:multiplicador|ACC:acc|Saidas[24]       ; pll|altpll_component|auto_generated|pll1|clk[0] ; pll|altpll_component|auto_generated|pll1|clk[1] ; 4166.666     ; -0.172     ; 4.268      ;
; 4162.254 ; registerfile:RegisterFile|B[14] ; Multiplicador:multiplicador|ACC:acc|Saidas[31]       ; pll|altpll_component|auto_generated|pll1|clk[0] ; pll|altpll_component|auto_generated|pll1|clk[1] ; 4166.666     ; -0.179     ; 4.233      ;
; 4162.259 ; registerfile:RegisterFile|B[3]  ; Multiplicador:multiplicador|ACC:acc|Saidas[30]       ; pll|altpll_component|auto_generated|pll1|clk[0] ; pll|altpll_component|auto_generated|pll1|clk[1] ; 4166.666     ; -0.204     ; 4.203      ;
; 4162.261 ; registerfile:RegisterFile|B[10] ; Multiplicador:multiplicador|ACC:acc|Saidas[29]       ; pll|altpll_component|auto_generated|pll1|clk[0] ; pll|altpll_component|auto_generated|pll1|clk[1] ; 4166.666     ; -0.180     ; 4.225      ;
; 4162.262 ; registerfile:RegisterFile|B[3]  ; Multiplicador:multiplicador|ACC:acc|Saidas[29]       ; pll|altpll_component|auto_generated|pll1|clk[0] ; pll|altpll_component|auto_generated|pll1|clk[1] ; 4166.666     ; -0.204     ; 4.200      ;
; 4162.282 ; register:CTRL1|out[5]           ; Multiplicador:multiplicador|ACC:acc|Saidas[9]        ; pll|altpll_component|auto_generated|pll1|clk[0] ; pll|altpll_component|auto_generated|pll1|clk[1] ; 4166.666     ; -0.187     ; 4.197      ;
; 4162.282 ; register:CTRL1|out[5]           ; Multiplicador:multiplicador|ACC:acc|Saidas[10]       ; pll|altpll_component|auto_generated|pll1|clk[0] ; pll|altpll_component|auto_generated|pll1|clk[1] ; 4166.666     ; -0.187     ; 4.197      ;
; 4162.282 ; register:CTRL1|out[5]           ; Multiplicador:multiplicador|ACC:acc|Saidas[14]       ; pll|altpll_component|auto_generated|pll1|clk[0] ; pll|altpll_component|auto_generated|pll1|clk[1] ; 4166.666     ; -0.187     ; 4.197      ;
; 4162.282 ; register:CTRL1|out[5]           ; Multiplicador:multiplicador|ACC:acc|Saidas[13]       ; pll|altpll_component|auto_generated|pll1|clk[0] ; pll|altpll_component|auto_generated|pll1|clk[1] ; 4166.666     ; -0.187     ; 4.197      ;
; 4162.282 ; register:CTRL1|out[5]           ; Multiplicador:multiplicador|ACC:acc|Saidas[12]       ; pll|altpll_component|auto_generated|pll1|clk[0] ; pll|altpll_component|auto_generated|pll1|clk[1] ; 4166.666     ; -0.187     ; 4.197      ;
; 4162.282 ; register:CTRL1|out[5]           ; Multiplicador:multiplicador|ACC:acc|Saidas[15]       ; pll|altpll_component|auto_generated|pll1|clk[0] ; pll|altpll_component|auto_generated|pll1|clk[1] ; 4166.666     ; -0.187     ; 4.197      ;
; 4162.282 ; register:CTRL1|out[5]           ; Multiplicador:multiplicador|ACC:acc|Saidas[11]       ; pll|altpll_component|auto_generated|pll1|clk[0] ; pll|altpll_component|auto_generated|pll1|clk[1] ; 4166.666     ; -0.187     ; 4.197      ;
; 4162.282 ; register:CTRL1|out[5]           ; Multiplicador:multiplicador|ACC:acc|Saidas[8]        ; pll|altpll_component|auto_generated|pll1|clk[0] ; pll|altpll_component|auto_generated|pll1|clk[1] ; 4166.666     ; -0.187     ; 4.197      ;
; 4162.282 ; register:CTRL1|out[5]           ; Multiplicador:multiplicador|ACC:acc|Saidas[7]        ; pll|altpll_component|auto_generated|pll1|clk[0] ; pll|altpll_component|auto_generated|pll1|clk[1] ; 4166.666     ; -0.187     ; 4.197      ;
; 4162.291 ; registerfile:RegisterFile|B[6]  ; Multiplicador:multiplicador|ACC:acc|Saidas[28]       ; pll|altpll_component|auto_generated|pll1|clk[0] ; pll|altpll_component|auto_generated|pll1|clk[1] ; 4166.666     ; -0.172     ; 4.203      ;
; 4162.308 ; registerfile:RegisterFile|B[10] ; Multiplicador:multiplicador|ACC:acc|Saidas[30]       ; pll|altpll_component|auto_generated|pll1|clk[0] ; pll|altpll_component|auto_generated|pll1|clk[1] ; 4166.666     ; -0.180     ; 4.178      ;
; 4162.314 ; registerfile:RegisterFile|B[10] ; Multiplicador:multiplicador|ACC:acc|Saidas[32]       ; pll|altpll_component|auto_generated|pll1|clk[0] ; pll|altpll_component|auto_generated|pll1|clk[1] ; 4166.666     ; -0.179     ; 4.173      ;
; 4162.315 ; registerfile:RegisterFile|B[3]  ; Multiplicador:multiplicador|ACC:acc|Saidas[32]       ; pll|altpll_component|auto_generated|pll1|clk[0] ; pll|altpll_component|auto_generated|pll1|clk[1] ; 4166.666     ; -0.203     ; 4.148      ;
; 4162.317 ; register:CTRL1|out[5]           ; Multiplicador:multiplicador|ACC:acc|Saidas[32]       ; pll|altpll_component|auto_generated|pll1|clk[0] ; pll|altpll_component|auto_generated|pll1|clk[1] ; 4166.666     ; -0.201     ; 4.148      ;
; 4162.333 ; registerfile:RegisterFile|B[3]  ; Multiplicador:multiplicador|ACC:acc|Saidas[23]       ; pll|altpll_component|auto_generated|pll1|clk[0] ; pll|altpll_component|auto_generated|pll1|clk[1] ; 4166.666     ; -0.203     ; 4.130      ;
; 4162.339 ; registerfile:RegisterFile|B[10] ; Multiplicador:multiplicador|ACC:acc|Saidas[27]       ; pll|altpll_component|auto_generated|pll1|clk[0] ; pll|altpll_component|auto_generated|pll1|clk[1] ; 4166.666     ; -0.180     ; 4.147      ;
; 4162.340 ; registerfile:RegisterFile|B[3]  ; Multiplicador:multiplicador|ACC:acc|Saidas[27]       ; pll|altpll_component|auto_generated|pll1|clk[0] ; pll|altpll_component|auto_generated|pll1|clk[1] ; 4166.666     ; -0.204     ; 4.122      ;
; 4162.352 ; registerfile:RegisterFile|B[6]  ; Multiplicador:multiplicador|ACC:acc|Saidas[24]       ; pll|altpll_component|auto_generated|pll1|clk[0] ; pll|altpll_component|auto_generated|pll1|clk[1] ; 4166.666     ; -0.172     ; 4.142      ;
; 4162.361 ; registerfile:RegisterFile|B[2]  ; Multiplicador:multiplicador|ACC:acc|Saidas[31]       ; pll|altpll_component|auto_generated|pll1|clk[0] ; pll|altpll_component|auto_generated|pll1|clk[1] ; 4166.666     ; -0.163     ; 4.142      ;
; 4162.374 ; registerfile:RegisterFile|B[5]  ; Multiplicador:multiplicador|ACC:acc|Saidas[31]       ; pll|altpll_component|auto_generated|pll1|clk[0] ; pll|altpll_component|auto_generated|pll1|clk[1] ; 4166.666     ; -0.203     ; 4.089      ;
; 4162.398 ; registerfile:RegisterFile|B[6]  ; Multiplicador:multiplicador|ACC:acc|Saidas[26]       ; pll|altpll_component|auto_generated|pll1|clk[0] ; pll|altpll_component|auto_generated|pll1|clk[1] ; 4166.666     ; -0.172     ; 4.096      ;
; 4162.422 ; registerfile:RegisterFile|B[7]  ; Multiplicador:multiplicador|ACC:acc|Saidas[31]       ; pll|altpll_component|auto_generated|pll1|clk[0] ; pll|altpll_component|auto_generated|pll1|clk[1] ; 4166.666     ; -0.195     ; 4.049      ;
; 4162.428 ; register:CTRL1|out[5]           ; Multiplicador:multiplicador|ACC:acc|Saidas[20]       ; pll|altpll_component|auto_generated|pll1|clk[0] ; pll|altpll_component|auto_generated|pll1|clk[1] ; 4166.666     ; -0.207     ; 4.031      ;
; 4162.429 ; register:CTRL1|out[5]           ; Multiplicador:multiplicador|ACC:acc|Saidas[17]       ; pll|altpll_component|auto_generated|pll1|clk[0] ; pll|altpll_component|auto_generated|pll1|clk[1] ; 4166.666     ; -0.207     ; 4.030      ;
; 4162.430 ; register:CTRL1|out[5]           ; Multiplicador:multiplicador|ACC:acc|Saidas[16]       ; pll|altpll_component|auto_generated|pll1|clk[0] ; pll|altpll_component|auto_generated|pll1|clk[1] ; 4166.666     ; -0.207     ; 4.029      ;
; 4162.458 ; register:CTRL1|out[5]           ; Multiplicador:multiplicador|ACC:acc|Saidas[24]       ; pll|altpll_component|auto_generated|pll1|clk[0] ; pll|altpll_component|auto_generated|pll1|clk[1] ; 4166.666     ; -0.202     ; 4.006      ;
; 4162.460 ; register:CTRL1|out[5]           ; Multiplicador:multiplicador|ACC:acc|Saidas[29]       ; pll|altpll_component|auto_generated|pll1|clk[0] ; pll|altpll_component|auto_generated|pll1|clk[1] ; 4166.666     ; -0.202     ; 4.004      ;
; 4162.460 ; register:CTRL1|out[5]           ; Multiplicador:multiplicador|ACC:acc|Saidas[27]       ; pll|altpll_component|auto_generated|pll1|clk[0] ; pll|altpll_component|auto_generated|pll1|clk[1] ; 4166.666     ; -0.202     ; 4.004      ;
; 4162.460 ; register:CTRL1|out[5]           ; Multiplicador:multiplicador|ACC:acc|Saidas[28]       ; pll|altpll_component|auto_generated|pll1|clk[0] ; pll|altpll_component|auto_generated|pll1|clk[1] ; 4166.666     ; -0.202     ; 4.004      ;
; 4162.486 ; registerfile:RegisterFile|B[6]  ; Multiplicador:multiplicador|ACC:acc|Saidas[25]       ; pll|altpll_component|auto_generated|pll1|clk[0] ; pll|altpll_component|auto_generated|pll1|clk[1] ; 4166.666     ; -0.172     ; 4.008      ;
; 4162.487 ; registerfile:RegisterFile|B[13] ; Multiplicador:multiplicador|ACC:acc|Saidas[31]       ; pll|altpll_component|auto_generated|pll1|clk[0] ; pll|altpll_component|auto_generated|pll1|clk[1] ; 4166.666     ; -0.197     ; 3.982      ;
; 4162.518 ; registerfile:RegisterFile|B[3]  ; Multiplicador:multiplicador|ACC:acc|Saidas[28]       ; pll|altpll_component|auto_generated|pll1|clk[0] ; pll|altpll_component|auto_generated|pll1|clk[1] ; 4166.666     ; -0.204     ; 3.944      ;
; 4162.539 ; registerfile:RegisterFile|B[10] ; Multiplicador:multiplicador|ACC:acc|Saidas[28]       ; pll|altpll_component|auto_generated|pll1|clk[0] ; pll|altpll_component|auto_generated|pll1|clk[1] ; 4166.666     ; -0.180     ; 3.947      ;
; 4162.546 ; registerfile:RegisterFile|B[1]  ; Multiplicador:multiplicador|ACC:acc|Saidas[31]       ; pll|altpll_component|auto_generated|pll1|clk[0] ; pll|altpll_component|auto_generated|pll1|clk[1] ; 4166.666     ; -0.192     ; 3.928      ;
; 4162.551 ; registerfile:RegisterFile|B[3]  ; Multiplicador:multiplicador|ACC:acc|Saidas[24]       ; pll|altpll_component|auto_generated|pll1|clk[0] ; pll|altpll_component|auto_generated|pll1|clk[1] ; 4166.666     ; -0.204     ; 3.911      ;
; 4162.568 ; registerfile:RegisterFile|B[14] ; Multiplicador:multiplicador|ACC:acc|Saidas[32]       ; pll|altpll_component|auto_generated|pll1|clk[0] ; pll|altpll_component|auto_generated|pll1|clk[1] ; 4166.666     ; -0.179     ; 3.919      ;
; 4162.596 ; registerfile:RegisterFile|B[5]  ; Multiplicador:multiplicador|ACC:acc|Saidas[30]       ; pll|altpll_component|auto_generated|pll1|clk[0] ; pll|altpll_component|auto_generated|pll1|clk[1] ; 4166.666     ; -0.204     ; 3.866      ;
; 4162.610 ; register:CTRL1|out[5]           ; Multiplicador:multiplicador|Counter:counter|count[4] ; pll|altpll_component|auto_generated|pll1|clk[0] ; pll|altpll_component|auto_generated|pll1|clk[1] ; 4166.666     ; -0.195     ; 3.861      ;
; 4162.610 ; register:CTRL1|out[5]           ; Multiplicador:multiplicador|Counter:counter|count[0] ; pll|altpll_component|auto_generated|pll1|clk[0] ; pll|altpll_component|auto_generated|pll1|clk[1] ; 4166.666     ; -0.195     ; 3.861      ;
; 4162.610 ; register:CTRL1|out[5]           ; Multiplicador:multiplicador|Counter:counter|count[2] ; pll|altpll_component|auto_generated|pll1|clk[0] ; pll|altpll_component|auto_generated|pll1|clk[1] ; 4166.666     ; -0.195     ; 3.861      ;
; 4162.610 ; register:CTRL1|out[5]           ; Multiplicador:multiplicador|Counter:counter|count[1] ; pll|altpll_component|auto_generated|pll1|clk[0] ; pll|altpll_component|auto_generated|pll1|clk[1] ; 4166.666     ; -0.195     ; 3.861      ;
; 4162.610 ; register:CTRL1|out[5]           ; Multiplicador:multiplicador|Counter:counter|count[3] ; pll|altpll_component|auto_generated|pll1|clk[0] ; pll|altpll_component|auto_generated|pll1|clk[1] ; 4166.666     ; -0.195     ; 3.861      ;
; 4162.622 ; registerfile:RegisterFile|B[2]  ; Multiplicador:multiplicador|ACC:acc|Saidas[29]       ; pll|altpll_component|auto_generated|pll1|clk[0] ; pll|altpll_component|auto_generated|pll1|clk[1] ; 4166.666     ; -0.164     ; 3.880      ;
; 4162.625 ; registerfile:RegisterFile|B[3]  ; Multiplicador:multiplicador|ACC:acc|Saidas[26]       ; pll|altpll_component|auto_generated|pll1|clk[0] ; pll|altpll_component|auto_generated|pll1|clk[1] ; 4166.666     ; -0.204     ; 3.837      ;
; 4162.635 ; registerfile:RegisterFile|B[5]  ; Multiplicador:multiplicador|ACC:acc|Saidas[29]       ; pll|altpll_component|auto_generated|pll1|clk[0] ; pll|altpll_component|auto_generated|pll1|clk[1] ; 4166.666     ; -0.204     ; 3.827      ;
; 4162.638 ; registerfile:RegisterFile|B[0]  ; Multiplicador:multiplicador|ACC:acc|Saidas[31]       ; pll|altpll_component|auto_generated|pll1|clk[0] ; pll|altpll_component|auto_generated|pll1|clk[1] ; 4166.666     ; -0.192     ; 3.836      ;
; 4162.648 ; registerfile:RegisterFile|B[7]  ; Multiplicador:multiplicador|ACC:acc|Saidas[30]       ; pll|altpll_component|auto_generated|pll1|clk[0] ; pll|altpll_component|auto_generated|pll1|clk[1] ; 4166.666     ; -0.196     ; 3.822      ;
; 4162.669 ; registerfile:RegisterFile|B[2]  ; Multiplicador:multiplicador|ACC:acc|Saidas[30]       ; pll|altpll_component|auto_generated|pll1|clk[0] ; pll|altpll_component|auto_generated|pll1|clk[1] ; 4166.666     ; -0.164     ; 3.833      ;
; 4162.675 ; registerfile:RegisterFile|B[2]  ; Multiplicador:multiplicador|ACC:acc|Saidas[32]       ; pll|altpll_component|auto_generated|pll1|clk[0] ; pll|altpll_component|auto_generated|pll1|clk[1] ; 4166.666     ; -0.163     ; 3.828      ;
; 4162.683 ; registerfile:RegisterFile|B[7]  ; Multiplicador:multiplicador|ACC:acc|Saidas[29]       ; pll|altpll_component|auto_generated|pll1|clk[0] ; pll|altpll_component|auto_generated|pll1|clk[1] ; 4166.666     ; -0.196     ; 3.787      ;
; 4162.686 ; registerfile:RegisterFile|B[5]  ; Multiplicador:multiplicador|ACC:acc|Saidas[32]       ; pll|altpll_component|auto_generated|pll1|clk[0] ; pll|altpll_component|auto_generated|pll1|clk[1] ; 4166.666     ; -0.203     ; 3.777      ;
; 4162.690 ; registerfile:RegisterFile|B[1]  ; Multiplicador:multiplicador|ACC:acc|Saidas[30]       ; pll|altpll_component|auto_generated|pll1|clk[0] ; pll|altpll_component|auto_generated|pll1|clk[1] ; 4166.666     ; -0.193     ; 3.783      ;
; 4162.693 ; registerfile:RegisterFile|B[2]  ; Multiplicador:multiplicador|ACC:acc|Saidas[23]       ; pll|altpll_component|auto_generated|pll1|clk[0] ; pll|altpll_component|auto_generated|pll1|clk[1] ; 4166.666     ; -0.163     ; 3.810      ;
; 4162.700 ; registerfile:RegisterFile|B[2]  ; Multiplicador:multiplicador|ACC:acc|Saidas[27]       ; pll|altpll_component|auto_generated|pll1|clk[0] ; pll|altpll_component|auto_generated|pll1|clk[1] ; 4166.666     ; -0.164     ; 3.802      ;
; 4162.706 ; registerfile:RegisterFile|B[5]  ; Multiplicador:multiplicador|ACC:acc|Saidas[23]       ; pll|altpll_component|auto_generated|pll1|clk[0] ; pll|altpll_component|auto_generated|pll1|clk[1] ; 4166.666     ; -0.203     ; 3.757      ;
; 4162.713 ; registerfile:RegisterFile|B[5]  ; Multiplicador:multiplicador|ACC:acc|Saidas[27]       ; pll|altpll_component|auto_generated|pll1|clk[0] ; pll|altpll_component|auto_generated|pll1|clk[1] ; 4166.666     ; -0.204     ; 3.749      ;
; 4162.732 ; registerfile:RegisterFile|B[11] ; Multiplicador:multiplicador|ACC:acc|Saidas[31]       ; pll|altpll_component|auto_generated|pll1|clk[0] ; pll|altpll_component|auto_generated|pll1|clk[1] ; 4166.666     ; -0.199     ; 3.735      ;
; 4162.735 ; registerfile:RegisterFile|B[3]  ; Multiplicador:multiplicador|ACC:acc|Saidas[25]       ; pll|altpll_component|auto_generated|pll1|clk[0] ; pll|altpll_component|auto_generated|pll1|clk[1] ; 4166.666     ; -0.204     ; 3.727      ;
; 4162.736 ; registerfile:RegisterFile|B[7]  ; Multiplicador:multiplicador|ACC:acc|Saidas[32]       ; pll|altpll_component|auto_generated|pll1|clk[0] ; pll|altpll_component|auto_generated|pll1|clk[1] ; 4166.666     ; -0.195     ; 3.735      ;
; 4162.741 ; registerfile:RegisterFile|B[13] ; Multiplicador:multiplicador|ACC:acc|Saidas[30]       ; pll|altpll_component|auto_generated|pll1|clk[0] ; pll|altpll_component|auto_generated|pll1|clk[1] ; 4166.666     ; -0.198     ; 3.727      ;
; 4162.761 ; registerfile:RegisterFile|B[7]  ; Multiplicador:multiplicador|ACC:acc|Saidas[27]       ; pll|altpll_component|auto_generated|pll1|clk[0] ; pll|altpll_component|auto_generated|pll1|clk[1] ; 4166.666     ; -0.196     ; 3.709      ;
; 4162.780 ; registerfile:RegisterFile|B[1]  ; Multiplicador:multiplicador|ACC:acc|Saidas[32]       ; pll|altpll_component|auto_generated|pll1|clk[0] ; pll|altpll_component|auto_generated|pll1|clk[1] ; 4166.666     ; -0.192     ; 3.694      ;
; 4162.801 ; registerfile:RegisterFile|B[13] ; Multiplicador:multiplicador|ACC:acc|Saidas[32]       ; pll|altpll_component|auto_generated|pll1|clk[0] ; pll|altpll_component|auto_generated|pll1|clk[1] ; 4166.666     ; -0.197     ; 3.668      ;
+----------+---------------------------------+------------------------------------------------------+-------------------------------------------------+-------------------------------------------------+--------------+------------+------------+


+------------------------------------------------------------------------------------------------------------------------------------------------------------------------------------------------------------------------------------------------------------------+
; Slow 1200mV -40C Model Hold: 'pll|altpll_component|auto_generated|pll1|clk[1]'                                                                                                                                                                                   ;
+-------+------------------------------------------------------+------------------------------------------------------+-------------------------------------------------+-------------------------------------------------+--------------+------------+------------+
; Slack ; From Node                                            ; To Node                                              ; Launch Clock                                    ; Latch Clock                                     ; Relationship ; Clock Skew ; Data Delay ;
+-------+------------------------------------------------------+------------------------------------------------------+-------------------------------------------------+-------------------------------------------------+--------------+------------+------------+
; 0.327 ; Multiplicador:multiplicador|CONTROL:control|state.S0 ; Multiplicador:multiplicador|CONTROL:control|state.S0 ; pll|altpll_component|auto_generated|pll1|clk[1] ; pll|altpll_component|auto_generated|pll1|clk[1] ; 0.000        ; 0.079      ; 0.574      ;
; 0.371 ; Multiplicador:multiplicador|Counter:counter|count[4] ; Multiplicador:multiplicador|Counter:counter|count[4] ; pll|altpll_component|auto_generated|pll1|clk[1] ; pll|altpll_component|auto_generated|pll1|clk[1] ; 0.000        ; 0.079      ; 0.618      ;
; 0.380 ; Multiplicador:multiplicador|ACC:acc|Saidas[14]       ; Multiplicador:multiplicador|ACC:acc|Saidas[13]       ; pll|altpll_component|auto_generated|pll1|clk[1] ; pll|altpll_component|auto_generated|pll1|clk[1] ; 0.000        ; 0.079      ; 0.627      ;
; 0.380 ; Multiplicador:multiplicador|ACC:acc|Saidas[6]        ; Multiplicador:multiplicador|ACC:acc|Saidas[5]        ; pll|altpll_component|auto_generated|pll1|clk[1] ; pll|altpll_component|auto_generated|pll1|clk[1] ; 0.000        ; 0.079      ; 0.627      ;
; 0.388 ; Multiplicador:multiplicador|CONTROL:control|state.S1 ; Multiplicador:multiplicador|CONTROL:control|state.S2 ; pll|altpll_component|auto_generated|pll1|clk[1] ; pll|altpll_component|auto_generated|pll1|clk[1] ; 0.000        ; 0.079      ; 0.635      ;
; 0.398 ; Multiplicador:multiplicador|ACC:acc|Saidas[27]       ; Multiplicador:multiplicador|ACC:acc|Saidas[26]       ; pll|altpll_component|auto_generated|pll1|clk[1] ; pll|altpll_component|auto_generated|pll1|clk[1] ; 0.000        ; 0.079      ; 0.645      ;
; 0.398 ; Multiplicador:multiplicador|ACC:acc|Saidas[20]       ; Multiplicador:multiplicador|ACC:acc|Saidas[19]       ; pll|altpll_component|auto_generated|pll1|clk[1] ; pll|altpll_component|auto_generated|pll1|clk[1] ; 0.000        ; 0.079      ; 0.645      ;
; 0.400 ; Multiplicador:multiplicador|ACC:acc|Saidas[19]       ; Multiplicador:multiplicador|ACC:acc|Saidas[18]       ; pll|altpll_component|auto_generated|pll1|clk[1] ; pll|altpll_component|auto_generated|pll1|clk[1] ; 0.000        ; 0.079      ; 0.647      ;
; 0.420 ; Multiplicador:multiplicador|CONTROL:control|state.S0 ; Multiplicador:multiplicador|Counter:counter|K        ; pll|altpll_component|auto_generated|pll1|clk[1] ; pll|altpll_component|auto_generated|pll1|clk[1] ; 0.000        ; 0.079      ; 0.667      ;
; 0.494 ; Multiplicador:multiplicador|ACC:acc|Saidas[15]       ; Multiplicador:multiplicador|ACC:acc|Saidas[14]       ; pll|altpll_component|auto_generated|pll1|clk[1] ; pll|altpll_component|auto_generated|pll1|clk[1] ; 0.000        ; 0.079      ; 0.741      ;
; 0.495 ; Multiplicador:multiplicador|ACC:acc|Saidas[13]       ; Multiplicador:multiplicador|ACC:acc|Saidas[12]       ; pll|altpll_component|auto_generated|pll1|clk[1] ; pll|altpll_component|auto_generated|pll1|clk[1] ; 0.000        ; 0.079      ; 0.742      ;
; 0.498 ; Multiplicador:multiplicador|ACC:acc|Saidas[32]       ; Multiplicador:multiplicador|ACC:acc|Saidas[31]       ; pll|altpll_component|auto_generated|pll1|clk[1] ; pll|altpll_component|auto_generated|pll1|clk[1] ; 0.000        ; 0.079      ; 0.745      ;
; 0.506 ; Multiplicador:multiplicador|ACC:acc|Saidas[8]        ; Multiplicador:multiplicador|ACC:acc|Saidas[7]        ; pll|altpll_component|auto_generated|pll1|clk[1] ; pll|altpll_component|auto_generated|pll1|clk[1] ; 0.000        ; 0.079      ; 0.753      ;
; 0.508 ; Multiplicador:multiplicador|ACC:acc|Saidas[9]        ; Multiplicador:multiplicador|ACC:acc|Saidas[8]        ; pll|altpll_component|auto_generated|pll1|clk[1] ; pll|altpll_component|auto_generated|pll1|clk[1] ; 0.000        ; 0.079      ; 0.755      ;
; 0.512 ; Multiplicador:multiplicador|ACC:acc|Saidas[4]        ; Multiplicador:multiplicador|ACC:acc|Saidas[3]        ; pll|altpll_component|auto_generated|pll1|clk[1] ; pll|altpll_component|auto_generated|pll1|clk[1] ; 0.000        ; 0.079      ; 0.759      ;
; 0.513 ; Multiplicador:multiplicador|ACC:acc|Saidas[26]       ; Multiplicador:multiplicador|ACC:acc|Saidas[25]       ; pll|altpll_component|auto_generated|pll1|clk[1] ; pll|altpll_component|auto_generated|pll1|clk[1] ; 0.000        ; 0.079      ; 0.760      ;
; 0.515 ; Multiplicador:multiplicador|ACC:acc|Saidas[30]       ; Multiplicador:multiplicador|ACC:acc|Saidas[29]       ; pll|altpll_component|auto_generated|pll1|clk[1] ; pll|altpll_component|auto_generated|pll1|clk[1] ; 0.000        ; 0.079      ; 0.762      ;
; 0.519 ; Multiplicador:multiplicador|ACC:acc|Saidas[22]       ; Multiplicador:multiplicador|ACC:acc|Saidas[21]       ; pll|altpll_component|auto_generated|pll1|clk[1] ; pll|altpll_component|auto_generated|pll1|clk[1] ; 0.000        ; 0.079      ; 0.766      ;
; 0.567 ; Multiplicador:multiplicador|Counter:counter|count[1] ; Multiplicador:multiplicador|Counter:counter|count[1] ; pll|altpll_component|auto_generated|pll1|clk[1] ; pll|altpll_component|auto_generated|pll1|clk[1] ; 0.000        ; 0.079      ; 0.814      ;
; 0.568 ; Multiplicador:multiplicador|ACC:acc|Saidas[12]       ; Multiplicador:multiplicador|ACC:acc|Saidas[11]       ; pll|altpll_component|auto_generated|pll1|clk[1] ; pll|altpll_component|auto_generated|pll1|clk[1] ; 0.000        ; 0.079      ; 0.815      ;
; 0.571 ; Multiplicador:multiplicador|ACC:acc|Saidas[1]        ; Multiplicador:multiplicador|ACC:acc|Saidas[0]        ; pll|altpll_component|auto_generated|pll1|clk[1] ; pll|altpll_component|auto_generated|pll1|clk[1] ; 0.000        ; 0.079      ; 0.818      ;
; 0.571 ; Multiplicador:multiplicador|Counter:counter|count[3] ; Multiplicador:multiplicador|Counter:counter|count[3] ; pll|altpll_component|auto_generated|pll1|clk[1] ; pll|altpll_component|auto_generated|pll1|clk[1] ; 0.000        ; 0.079      ; 0.818      ;
; 0.572 ; Multiplicador:multiplicador|ACC:acc|Saidas[3]        ; Multiplicador:multiplicador|ACC:acc|Saidas[2]        ; pll|altpll_component|auto_generated|pll1|clk[1] ; pll|altpll_component|auto_generated|pll1|clk[1] ; 0.000        ; 0.079      ; 0.819      ;
; 0.572 ; Multiplicador:multiplicador|ACC:acc|Saidas[5]        ; Multiplicador:multiplicador|ACC:acc|Saidas[4]        ; pll|altpll_component|auto_generated|pll1|clk[1] ; pll|altpll_component|auto_generated|pll1|clk[1] ; 0.000        ; 0.079      ; 0.819      ;
; 0.573 ; Multiplicador:multiplicador|Counter:counter|count[2] ; Multiplicador:multiplicador|Counter:counter|count[2] ; pll|altpll_component|auto_generated|pll1|clk[1] ; pll|altpll_component|auto_generated|pll1|clk[1] ; 0.000        ; 0.079      ; 0.820      ;
; 0.579 ; Multiplicador:multiplicador|ACC:acc|Saidas[11]       ; Multiplicador:multiplicador|ACC:acc|Saidas[10]       ; pll|altpll_component|auto_generated|pll1|clk[1] ; pll|altpll_component|auto_generated|pll1|clk[1] ; 0.000        ; 0.079      ; 0.826      ;
; 0.581 ; Multiplicador:multiplicador|Counter:counter|count[0] ; Multiplicador:multiplicador|Counter:counter|count[0] ; pll|altpll_component|auto_generated|pll1|clk[1] ; pll|altpll_component|auto_generated|pll1|clk[1] ; 0.000        ; 0.079      ; 0.828      ;
; 0.583 ; Multiplicador:multiplicador|Counter:counter|K        ; Multiplicador:multiplicador|CONTROL:control|state.S3 ; pll|altpll_component|auto_generated|pll1|clk[1] ; pll|altpll_component|auto_generated|pll1|clk[1] ; 0.000        ; 0.079      ; 0.830      ;
; 0.584 ; Multiplicador:multiplicador|CONTROL:control|state.S3 ; Multiplicador:multiplicador|CONTROL:control|state.S0 ; pll|altpll_component|auto_generated|pll1|clk[1] ; pll|altpll_component|auto_generated|pll1|clk[1] ; 0.000        ; 0.079      ; 0.831      ;
; 0.597 ; Multiplicador:multiplicador|Counter:counter|count[4] ; Multiplicador:multiplicador|Counter:counter|K        ; pll|altpll_component|auto_generated|pll1|clk[1] ; pll|altpll_component|auto_generated|pll1|clk[1] ; 0.000        ; 0.079      ; 0.844      ;
; 0.617 ; Multiplicador:multiplicador|CONTROL:control|state.S2 ; Multiplicador:multiplicador|CONTROL:control|state.S1 ; pll|altpll_component|auto_generated|pll1|clk[1] ; pll|altpll_component|auto_generated|pll1|clk[1] ; 0.000        ; 0.079      ; 0.864      ;
; 0.628 ; Multiplicador:multiplicador|ACC:acc|Saidas[17]       ; Multiplicador:multiplicador|ACC:acc|Saidas[16]       ; pll|altpll_component|auto_generated|pll1|clk[1] ; pll|altpll_component|auto_generated|pll1|clk[1] ; 0.000        ; 0.079      ; 0.875      ;
; 0.628 ; Multiplicador:multiplicador|CONTROL:control|state.S0 ; Multiplicador:multiplicador|ACC:acc|Saidas[1]        ; pll|altpll_component|auto_generated|pll1|clk[1] ; pll|altpll_component|auto_generated|pll1|clk[1] ; 0.000        ; 0.079      ; 0.875      ;
; 0.635 ; Multiplicador:multiplicador|ACC:acc|Saidas[21]       ; Multiplicador:multiplicador|ACC:acc|Saidas[20]       ; pll|altpll_component|auto_generated|pll1|clk[1] ; pll|altpll_component|auto_generated|pll1|clk[1] ; 0.000        ; 0.079      ; 0.882      ;
; 0.635 ; Multiplicador:multiplicador|CONTROL:control|state.S0 ; Multiplicador:multiplicador|ACC:acc|Saidas[0]        ; pll|altpll_component|auto_generated|pll1|clk[1] ; pll|altpll_component|auto_generated|pll1|clk[1] ; 0.000        ; 0.079      ; 0.882      ;
; 0.636 ; Multiplicador:multiplicador|ACC:acc|Saidas[18]       ; Multiplicador:multiplicador|ACC:acc|Saidas[17]       ; pll|altpll_component|auto_generated|pll1|clk[1] ; pll|altpll_component|auto_generated|pll1|clk[1] ; 0.000        ; 0.079      ; 0.883      ;
; 0.644 ; Multiplicador:multiplicador|ACC:acc|Saidas[28]       ; Multiplicador:multiplicador|ACC:acc|Saidas[27]       ; pll|altpll_component|auto_generated|pll1|clk[1] ; pll|altpll_component|auto_generated|pll1|clk[1] ; 0.000        ; 0.079      ; 0.891      ;
; 0.672 ; Multiplicador:multiplicador|ACC:acc|Saidas[24]       ; Multiplicador:multiplicador|ACC:acc|Saidas[23]       ; pll|altpll_component|auto_generated|pll1|clk[1] ; pll|altpll_component|auto_generated|pll1|clk[1] ; 0.000        ; 0.080      ; 0.920      ;
; 0.719 ; Multiplicador:multiplicador|ACC:acc|Saidas[10]       ; Multiplicador:multiplicador|ACC:acc|Saidas[9]        ; pll|altpll_component|auto_generated|pll1|clk[1] ; pll|altpll_component|auto_generated|pll1|clk[1] ; 0.000        ; 0.079      ; 0.966      ;
; 0.725 ; Multiplicador:multiplicador|CONTROL:control|state.S1 ; Multiplicador:multiplicador|ACC:acc|Saidas[31]       ; pll|altpll_component|auto_generated|pll1|clk[1] ; pll|altpll_component|auto_generated|pll1|clk[1] ; 0.000        ; 0.079      ; 0.972      ;
; 0.760 ; Multiplicador:multiplicador|CONTROL:control|state.S2 ; Multiplicador:multiplicador|CONTROL:control|state.S3 ; pll|altpll_component|auto_generated|pll1|clk[1] ; pll|altpll_component|auto_generated|pll1|clk[1] ; 0.000        ; 0.085      ; 1.013      ;
; 0.777 ; Multiplicador:multiplicador|ACC:acc|Saidas[25]       ; Multiplicador:multiplicador|ACC:acc|Saidas[24]       ; pll|altpll_component|auto_generated|pll1|clk[1] ; pll|altpll_component|auto_generated|pll1|clk[1] ; 0.000        ; 0.079      ; 1.024      ;
; 0.777 ; Multiplicador:multiplicador|ACC:acc|Saidas[29]       ; Multiplicador:multiplicador|ACC:acc|Saidas[28]       ; pll|altpll_component|auto_generated|pll1|clk[1] ; pll|altpll_component|auto_generated|pll1|clk[1] ; 0.000        ; 0.079      ; 1.024      ;
; 0.777 ; Multiplicador:multiplicador|ACC:acc|Saidas[31]       ; Multiplicador:multiplicador|ACC:acc|Saidas[30]       ; pll|altpll_component|auto_generated|pll1|clk[1] ; pll|altpll_component|auto_generated|pll1|clk[1] ; 0.000        ; 0.078      ; 1.023      ;
; 0.841 ; Multiplicador:multiplicador|Counter:counter|count[0] ; Multiplicador:multiplicador|Counter:counter|count[1] ; pll|altpll_component|auto_generated|pll1|clk[1] ; pll|altpll_component|auto_generated|pll1|clk[1] ; 0.000        ; 0.079      ; 1.088      ;
; 0.844 ; Multiplicador:multiplicador|Counter:counter|count[1] ; Multiplicador:multiplicador|Counter:counter|count[2] ; pll|altpll_component|auto_generated|pll1|clk[1] ; pll|altpll_component|auto_generated|pll1|clk[1] ; 0.000        ; 0.079      ; 1.091      ;
; 0.849 ; Multiplicador:multiplicador|Counter:counter|count[3] ; Multiplicador:multiplicador|Counter:counter|count[4] ; pll|altpll_component|auto_generated|pll1|clk[1] ; pll|altpll_component|auto_generated|pll1|clk[1] ; 0.000        ; 0.079      ; 1.096      ;
; 0.849 ; Multiplicador:multiplicador|Counter:counter|count[2] ; Multiplicador:multiplicador|Counter:counter|count[3] ; pll|altpll_component|auto_generated|pll1|clk[1] ; pll|altpll_component|auto_generated|pll1|clk[1] ; 0.000        ; 0.079      ; 1.096      ;
; 0.855 ; Multiplicador:multiplicador|Counter:counter|count[0] ; Multiplicador:multiplicador|Counter:counter|count[2] ; pll|altpll_component|auto_generated|pll1|clk[1] ; pll|altpll_component|auto_generated|pll1|clk[1] ; 0.000        ; 0.079      ; 1.102      ;
; 0.863 ; Multiplicador:multiplicador|Counter:counter|count[2] ; Multiplicador:multiplicador|Counter:counter|count[4] ; pll|altpll_component|auto_generated|pll1|clk[1] ; pll|altpll_component|auto_generated|pll1|clk[1] ; 0.000        ; 0.079      ; 1.110      ;
; 0.884 ; Multiplicador:multiplicador|Counter:counter|count[0] ; Multiplicador:multiplicador|Counter:counter|K        ; pll|altpll_component|auto_generated|pll1|clk[1] ; pll|altpll_component|auto_generated|pll1|clk[1] ; 0.000        ; 0.079      ; 1.131      ;
; 0.907 ; Multiplicador:multiplicador|ACC:acc|Saidas[25]       ; Multiplicador:multiplicador|ACC:acc|Saidas[25]       ; pll|altpll_component|auto_generated|pll1|clk[1] ; pll|altpll_component|auto_generated|pll1|clk[1] ; 0.000        ; 0.079      ; 1.154      ;
; 0.912 ; Multiplicador:multiplicador|CONTROL:control|state.S1 ; Multiplicador:multiplicador|ACC:acc|Saidas[30]       ; pll|altpll_component|auto_generated|pll1|clk[1] ; pll|altpll_component|auto_generated|pll1|clk[1] ; 0.000        ; 0.078      ; 1.158      ;
; 0.927 ; Multiplicador:multiplicador|CONTROL:control|state.S0 ; Multiplicador:multiplicador|CONTROL:control|state.S1 ; pll|altpll_component|auto_generated|pll1|clk[1] ; pll|altpll_component|auto_generated|pll1|clk[1] ; 0.000        ; 0.073      ; 1.168      ;
; 0.933 ; Multiplicador:multiplicador|Counter:counter|count[1] ; Multiplicador:multiplicador|Counter:counter|count[3] ; pll|altpll_component|auto_generated|pll1|clk[1] ; pll|altpll_component|auto_generated|pll1|clk[1] ; 0.000        ; 0.079      ; 1.180      ;
; 0.945 ; Multiplicador:multiplicador|CONTROL:control|state.S1 ; Multiplicador:multiplicador|ACC:acc|Saidas[32]       ; pll|altpll_component|auto_generated|pll1|clk[1] ; pll|altpll_component|auto_generated|pll1|clk[1] ; 0.000        ; 0.079      ; 1.192      ;
; 0.945 ; Multiplicador:multiplicador|Counter:counter|count[0] ; Multiplicador:multiplicador|Counter:counter|count[3] ; pll|altpll_component|auto_generated|pll1|clk[1] ; pll|altpll_component|auto_generated|pll1|clk[1] ; 0.000        ; 0.079      ; 1.192      ;
; 0.948 ; Multiplicador:multiplicador|Counter:counter|count[1] ; Multiplicador:multiplicador|Counter:counter|count[4] ; pll|altpll_component|auto_generated|pll1|clk[1] ; pll|altpll_component|auto_generated|pll1|clk[1] ; 0.000        ; 0.079      ; 1.195      ;
; 0.950 ; Multiplicador:multiplicador|CONTROL:control|state.S1 ; Multiplicador:multiplicador|ACC:acc|Saidas[23]       ; pll|altpll_component|auto_generated|pll1|clk[1] ; pll|altpll_component|auto_generated|pll1|clk[1] ; 0.000        ; 0.079      ; 1.197      ;
; 0.959 ; Multiplicador:multiplicador|Counter:counter|count[0] ; Multiplicador:multiplicador|Counter:counter|count[4] ; pll|altpll_component|auto_generated|pll1|clk[1] ; pll|altpll_component|auto_generated|pll1|clk[1] ; 0.000        ; 0.079      ; 1.206      ;
; 0.967 ; Multiplicador:multiplicador|ACC:acc|Saidas[23]       ; Multiplicador:multiplicador|ACC:acc|Saidas[22]       ; pll|altpll_component|auto_generated|pll1|clk[1] ; pll|altpll_component|auto_generated|pll1|clk[1] ; 0.000        ; 0.073      ; 1.208      ;
; 0.993 ; Multiplicador:multiplicador|CONTROL:control|state.S2 ; Multiplicador:multiplicador|ACC:acc|Saidas[32]       ; pll|altpll_component|auto_generated|pll1|clk[1] ; pll|altpll_component|auto_generated|pll1|clk[1] ; 0.000        ; 0.079      ; 1.240      ;
; 0.999 ; Multiplicador:multiplicador|Counter:counter|count[2] ; Multiplicador:multiplicador|Counter:counter|K        ; pll|altpll_component|auto_generated|pll1|clk[1] ; pll|altpll_component|auto_generated|pll1|clk[1] ; 0.000        ; 0.079      ; 1.246      ;
; 1.009 ; Multiplicador:multiplicador|ACC:acc|Saidas[22]       ; Multiplicador:multiplicador|ACC:acc|Saidas[22]       ; pll|altpll_component|auto_generated|pll1|clk[1] ; pll|altpll_component|auto_generated|pll1|clk[1] ; 0.000        ; 0.079      ; 1.256      ;
; 1.011 ; Multiplicador:multiplicador|ACC:acc|Saidas[19]       ; Multiplicador:multiplicador|ACC:acc|Saidas[19]       ; pll|altpll_component|auto_generated|pll1|clk[1] ; pll|altpll_component|auto_generated|pll1|clk[1] ; 0.000        ; 0.079      ; 1.258      ;
; 1.013 ; Multiplicador:multiplicador|ACC:acc|Saidas[26]       ; Multiplicador:multiplicador|ACC:acc|Saidas[26]       ; pll|altpll_component|auto_generated|pll1|clk[1] ; pll|altpll_component|auto_generated|pll1|clk[1] ; 0.000        ; 0.079      ; 1.260      ;
; 1.013 ; Multiplicador:multiplicador|ACC:acc|Saidas[28]       ; Multiplicador:multiplicador|ACC:acc|Saidas[28]       ; pll|altpll_component|auto_generated|pll1|clk[1] ; pll|altpll_component|auto_generated|pll1|clk[1] ; 0.000        ; 0.079      ; 1.260      ;
; 1.014 ; Multiplicador:multiplicador|ACC:acc|Saidas[21]       ; Multiplicador:multiplicador|ACC:acc|Saidas[21]       ; pll|altpll_component|auto_generated|pll1|clk[1] ; pll|altpll_component|auto_generated|pll1|clk[1] ; 0.000        ; 0.079      ; 1.261      ;
; 1.027 ; Multiplicador:multiplicador|Counter:counter|K        ; Multiplicador:multiplicador|CONTROL:control|state.S1 ; pll|altpll_component|auto_generated|pll1|clk[1] ; pll|altpll_component|auto_generated|pll1|clk[1] ; 0.000        ; 0.073      ; 1.268      ;
; 1.044 ; Multiplicador:multiplicador|CONTROL:control|state.S0 ; Multiplicador:multiplicador|Counter:counter|count[4] ; pll|altpll_component|auto_generated|pll1|clk[1] ; pll|altpll_component|auto_generated|pll1|clk[1] ; 0.000        ; 0.079      ; 1.291      ;
; 1.044 ; Multiplicador:multiplicador|CONTROL:control|state.S0 ; Multiplicador:multiplicador|Counter:counter|count[0] ; pll|altpll_component|auto_generated|pll1|clk[1] ; pll|altpll_component|auto_generated|pll1|clk[1] ; 0.000        ; 0.079      ; 1.291      ;
; 1.044 ; Multiplicador:multiplicador|CONTROL:control|state.S0 ; Multiplicador:multiplicador|Counter:counter|count[2] ; pll|altpll_component|auto_generated|pll1|clk[1] ; pll|altpll_component|auto_generated|pll1|clk[1] ; 0.000        ; 0.079      ; 1.291      ;
; 1.044 ; Multiplicador:multiplicador|CONTROL:control|state.S0 ; Multiplicador:multiplicador|Counter:counter|count[1] ; pll|altpll_component|auto_generated|pll1|clk[1] ; pll|altpll_component|auto_generated|pll1|clk[1] ; 0.000        ; 0.079      ; 1.291      ;
; 1.044 ; Multiplicador:multiplicador|CONTROL:control|state.S0 ; Multiplicador:multiplicador|Counter:counter|count[3] ; pll|altpll_component|auto_generated|pll1|clk[1] ; pll|altpll_component|auto_generated|pll1|clk[1] ; 0.000        ; 0.079      ; 1.291      ;
; 1.058 ; Multiplicador:multiplicador|ACC:acc|Saidas[0]        ; Multiplicador:multiplicador|ACC:acc|Saidas[31]       ; pll|altpll_component|auto_generated|pll1|clk[1] ; pll|altpll_component|auto_generated|pll1|clk[1] ; 0.000        ; 0.073      ; 1.299      ;
; 1.113 ; Multiplicador:multiplicador|CONTROL:control|state.S1 ; Multiplicador:multiplicador|ACC:acc|Saidas[25]       ; pll|altpll_component|auto_generated|pll1|clk[1] ; pll|altpll_component|auto_generated|pll1|clk[1] ; 0.000        ; 0.078      ; 1.359      ;
; 1.116 ; Multiplicador:multiplicador|ACC:acc|Saidas[17]       ; Multiplicador:multiplicador|ACC:acc|Saidas[17]       ; pll|altpll_component|auto_generated|pll1|clk[1] ; pll|altpll_component|auto_generated|pll1|clk[1] ; 0.000        ; 0.079      ; 1.363      ;
; 1.126 ; Multiplicador:multiplicador|Counter:counter|count[1] ; Multiplicador:multiplicador|Counter:counter|K        ; pll|altpll_component|auto_generated|pll1|clk[1] ; pll|altpll_component|auto_generated|pll1|clk[1] ; 0.000        ; 0.079      ; 1.373      ;
; 1.127 ; Multiplicador:multiplicador|ACC:acc|Saidas[20]       ; Multiplicador:multiplicador|ACC:acc|Saidas[20]       ; pll|altpll_component|auto_generated|pll1|clk[1] ; pll|altpll_component|auto_generated|pll1|clk[1] ; 0.000        ; 0.079      ; 1.374      ;
; 1.128 ; Multiplicador:multiplicador|CONTROL:control|state.S1 ; Multiplicador:multiplicador|ACC:acc|Saidas[26]       ; pll|altpll_component|auto_generated|pll1|clk[1] ; pll|altpll_component|auto_generated|pll1|clk[1] ; 0.000        ; 0.078      ; 1.374      ;
; 1.129 ; Multiplicador:multiplicador|Counter:counter|count[3] ; Multiplicador:multiplicador|Counter:counter|K        ; pll|altpll_component|auto_generated|pll1|clk[1] ; pll|altpll_component|auto_generated|pll1|clk[1] ; 0.000        ; 0.079      ; 1.376      ;
; 1.136 ; Multiplicador:multiplicador|ACC:acc|Saidas[29]       ; Multiplicador:multiplicador|ACC:acc|Saidas[29]       ; pll|altpll_component|auto_generated|pll1|clk[1] ; pll|altpll_component|auto_generated|pll1|clk[1] ; 0.000        ; 0.079      ; 1.383      ;
; 1.138 ; Multiplicador:multiplicador|ACC:acc|Saidas[30]       ; Multiplicador:multiplicador|ACC:acc|Saidas[30]       ; pll|altpll_component|auto_generated|pll1|clk[1] ; pll|altpll_component|auto_generated|pll1|clk[1] ; 0.000        ; 0.079      ; 1.385      ;
; 1.138 ; Multiplicador:multiplicador|ACC:acc|Saidas[32]       ; Multiplicador:multiplicador|ACC:acc|Saidas[32]       ; pll|altpll_component|auto_generated|pll1|clk[1] ; pll|altpll_component|auto_generated|pll1|clk[1] ; 0.000        ; 0.079      ; 1.385      ;
; 1.141 ; Multiplicador:multiplicador|ACC:acc|Saidas[18]       ; Multiplicador:multiplicador|ACC:acc|Saidas[18]       ; pll|altpll_component|auto_generated|pll1|clk[1] ; pll|altpll_component|auto_generated|pll1|clk[1] ; 0.000        ; 0.079      ; 1.388      ;
; 1.145 ; Multiplicador:multiplicador|CONTROL:control|state.S1 ; Multiplicador:multiplicador|ACC:acc|Saidas[28]       ; pll|altpll_component|auto_generated|pll1|clk[1] ; pll|altpll_component|auto_generated|pll1|clk[1] ; 0.000        ; 0.078      ; 1.391      ;
; 1.146 ; Multiplicador:multiplicador|CONTROL:control|state.S1 ; Multiplicador:multiplicador|ACC:acc|Saidas[27]       ; pll|altpll_component|auto_generated|pll1|clk[1] ; pll|altpll_component|auto_generated|pll1|clk[1] ; 0.000        ; 0.078      ; 1.392      ;
; 1.146 ; Multiplicador:multiplicador|CONTROL:control|state.S1 ; Multiplicador:multiplicador|ACC:acc|Saidas[24]       ; pll|altpll_component|auto_generated|pll1|clk[1] ; pll|altpll_component|auto_generated|pll1|clk[1] ; 0.000        ; 0.078      ; 1.392      ;
; 1.148 ; Multiplicador:multiplicador|ACC:acc|Saidas[27]       ; Multiplicador:multiplicador|ACC:acc|Saidas[27]       ; pll|altpll_component|auto_generated|pll1|clk[1] ; pll|altpll_component|auto_generated|pll1|clk[1] ; 0.000        ; 0.079      ; 1.395      ;
; 1.164 ; Multiplicador:multiplicador|CONTROL:control|state.S1 ; Multiplicador:multiplicador|ACC:acc|Saidas[29]       ; pll|altpll_component|auto_generated|pll1|clk[1] ; pll|altpll_component|auto_generated|pll1|clk[1] ; 0.000        ; 0.078      ; 1.410      ;
; 1.167 ; Multiplicador:multiplicador|ACC:acc|Saidas[21]       ; Multiplicador:multiplicador|ACC:acc|Saidas[22]       ; pll|altpll_component|auto_generated|pll1|clk[1] ; pll|altpll_component|auto_generated|pll1|clk[1] ; 0.000        ; 0.079      ; 1.414      ;
; 1.184 ; Multiplicador:multiplicador|ACC:acc|Saidas[20]       ; Multiplicador:multiplicador|ACC:acc|Saidas[22]       ; pll|altpll_component|auto_generated|pll1|clk[1] ; pll|altpll_component|auto_generated|pll1|clk[1] ; 0.000        ; 0.079      ; 1.431      ;
; 1.196 ; Multiplicador:multiplicador|ACC:acc|Saidas[2]        ; Multiplicador:multiplicador|ACC:acc|Saidas[1]        ; pll|altpll_component|auto_generated|pll1|clk[1] ; pll|altpll_component|auto_generated|pll1|clk[1] ; 0.000        ; 0.077      ; 1.441      ;
; 1.221 ; Multiplicador:multiplicador|ACC:acc|Saidas[0]        ; Multiplicador:multiplicador|ACC:acc|Saidas[30]       ; pll|altpll_component|auto_generated|pll1|clk[1] ; pll|altpll_component|auto_generated|pll1|clk[1] ; 0.000        ; 0.072      ; 1.461      ;
; 1.222 ; Multiplicador:multiplicador|ACC:acc|Saidas[7]        ; Multiplicador:multiplicador|ACC:acc|Saidas[6]        ; pll|altpll_component|auto_generated|pll1|clk[1] ; pll|altpll_component|auto_generated|pll1|clk[1] ; 0.000        ; 0.073      ; 1.463      ;
; 1.225 ; Multiplicador:multiplicador|CONTROL:control|state.S0 ; Multiplicador:multiplicador|ACC:acc|Saidas[2]        ; pll|altpll_component|auto_generated|pll1|clk[1] ; pll|altpll_component|auto_generated|pll1|clk[1] ; 0.000        ; 0.081      ; 1.474      ;
; 1.228 ; Multiplicador:multiplicador|CONTROL:control|state.S0 ; Multiplicador:multiplicador|ACC:acc|Saidas[3]        ; pll|altpll_component|auto_generated|pll1|clk[1] ; pll|altpll_component|auto_generated|pll1|clk[1] ; 0.000        ; 0.081      ; 1.477      ;
; 1.237 ; Multiplicador:multiplicador|Counter:counter|count[4] ; Multiplicador:multiplicador|Counter:counter|count[0] ; pll|altpll_component|auto_generated|pll1|clk[1] ; pll|altpll_component|auto_generated|pll1|clk[1] ; 0.000        ; 0.079      ; 1.484      ;
; 1.237 ; Multiplicador:multiplicador|Counter:counter|count[4] ; Multiplicador:multiplicador|Counter:counter|count[2] ; pll|altpll_component|auto_generated|pll1|clk[1] ; pll|altpll_component|auto_generated|pll1|clk[1] ; 0.000        ; 0.079      ; 1.484      ;
; 1.237 ; Multiplicador:multiplicador|Counter:counter|count[4] ; Multiplicador:multiplicador|Counter:counter|count[1] ; pll|altpll_component|auto_generated|pll1|clk[1] ; pll|altpll_component|auto_generated|pll1|clk[1] ; 0.000        ; 0.079      ; 1.484      ;
+-------+------------------------------------------------------+------------------------------------------------------+-------------------------------------------------+-------------------------------------------------+--------------+------------+------------+


+-----------------------------------------------------------------------------------------------------------------------------------------------------------------------------------------------------------------------------------------------------------------------------------------------------------------------------+
; Slow 1200mV -40C Model Hold: 'pll|altpll_component|auto_generated|pll1|clk[0]'                                                                                                                                                                                                                                              ;
+-------+------------------------------------------------+-----------------------------------------------------------------------------------------------------------------------+-------------------------------------------------+-------------------------------------------------+--------------+------------+------------+
; Slack ; From Node                                      ; To Node                                                                                                               ; Launch Clock                                    ; Latch Clock                                     ; Relationship ; Clock Skew ; Data Delay ;
+-------+------------------------------------------------+-----------------------------------------------------------------------------------------------------------------------+-------------------------------------------------+-------------------------------------------------+--------------+------------+------------+
; 0.488 ; register:CTRL1|out[14]                         ; register:CTRL2|out[14]                                                                                                ; pll|altpll_component|auto_generated|pll1|clk[0] ; pll|altpll_component|auto_generated|pll1|clk[0] ; 0.000        ; 0.080      ; 0.736      ;
; 0.525 ; register:CTRL1|out[11]                         ; register:CTRL2|out[11]                                                                                                ; pll|altpll_component|auto_generated|pll1|clk[0] ; pll|altpll_component|auto_generated|pll1|clk[0] ; 0.000        ; 0.081      ; 0.774      ;
; 0.528 ; register:CTRL1|out[10]                         ; register:CTRL2|out[10]                                                                                                ; pll|altpll_component|auto_generated|pll1|clk[0] ; pll|altpll_component|auto_generated|pll1|clk[0] ; 0.000        ; 0.081      ; 0.777      ;
; 0.673 ; register:CTRL1|out[12]                         ; register:CTRL2|out[12]                                                                                                ; pll|altpll_component|auto_generated|pll1|clk[0] ; pll|altpll_component|auto_generated|pll1|clk[0] ; 0.000        ; 0.081      ; 0.922      ;
; 0.749 ; register:CTRL1|out[13]                         ; register:CTRL2|out[13]                                                                                                ; pll|altpll_component|auto_generated|pll1|clk[0] ; pll|altpll_component|auto_generated|pll1|clk[0] ; 0.000        ; 0.085      ; 1.002      ;
; 0.750 ; registerfile:RegisterFile|B[0]                 ; datamemory:Data_Memory|altsyncram:altsyncram_component|altsyncram_28i1:auto_generated|ram_block1a0~porta_datain_reg0  ; pll|altpll_component|auto_generated|pll1|clk[0] ; pll|altpll_component|auto_generated|pll1|clk[0] ; 0.000        ; 0.389      ; 1.334      ;
; 0.778 ; Multiplicador:multiplicador|ACC:acc|Saidas[4]  ; register:D|out[4]                                                                                                     ; pll|altpll_component|auto_generated|pll1|clk[1] ; pll|altpll_component|auto_generated|pll1|clk[0] ; 0.001        ; 0.180      ; 1.147      ;
; 0.791 ; registerfile:RegisterFile|B[25]                ; datamemory:Data_Memory|altsyncram:altsyncram_component|altsyncram_28i1:auto_generated|ram_block1a18~porta_datain_reg0 ; pll|altpll_component|auto_generated|pll1|clk[0] ; pll|altpll_component|auto_generated|pll1|clk[0] ; 0.000        ; 0.415      ; 1.401      ;
; 0.797 ; register:D|out[2]                              ; registerfile:RegisterFile|register~482                                                                                ; pll|altpll_component|auto_generated|pll1|clk[0] ; pll|altpll_component|auto_generated|pll1|clk[0] ; 0.000        ; 0.079      ; 1.044      ;
; 0.806 ; Multiplicador:multiplicador|ACC:acc|Saidas[5]  ; register:D|out[5]                                                                                                     ; pll|altpll_component|auto_generated|pll1|clk[1] ; pll|altpll_component|auto_generated|pll1|clk[0] ; 0.001        ; 0.180      ; 1.175      ;
; 0.810 ; registerfile:RegisterFile|B[24]                ; datamemory:Data_Memory|altsyncram:altsyncram_component|altsyncram_28i1:auto_generated|ram_block1a18~porta_datain_reg0 ; pll|altpll_component|auto_generated|pll1|clk[0] ; pll|altpll_component|auto_generated|pll1|clk[0] ; 0.000        ; 0.415      ; 1.420      ;
; 0.811 ; Multiplicador:multiplicador|ACC:acc|Saidas[30] ; register:D|out[30]                                                                                                    ; pll|altpll_component|auto_generated|pll1|clk[1] ; pll|altpll_component|auto_generated|pll1|clk[0] ; 0.001        ; 0.180      ; 1.180      ;
; 0.818 ; registerfile:RegisterFile|B[1]                 ; datamemory:Data_Memory|altsyncram:altsyncram_component|altsyncram_28i1:auto_generated|ram_block1a0~porta_datain_reg0  ; pll|altpll_component|auto_generated|pll1|clk[0] ; pll|altpll_component|auto_generated|pll1|clk[0] ; 0.000        ; 0.388      ; 1.401      ;
; 0.839 ; registerfile:RegisterFile|B[22]                ; datamemory:Data_Memory|altsyncram:altsyncram_component|altsyncram_28i1:auto_generated|ram_block1a18~porta_datain_reg0 ; pll|altpll_component|auto_generated|pll1|clk[0] ; pll|altpll_component|auto_generated|pll1|clk[0] ; 0.000        ; 0.394      ; 1.428      ;
; 0.844 ; Multiplicador:multiplicador|ACC:acc|Saidas[29] ; register:D|out[29]                                                                                                    ; pll|altpll_component|auto_generated|pll1|clk[1] ; pll|altpll_component|auto_generated|pll1|clk[0] ; 0.001        ; 0.180      ; 1.213      ;
; 0.869 ; Multiplicador:multiplicador|ACC:acc|Saidas[3]  ; register:D|out[3]                                                                                                     ; pll|altpll_component|auto_generated|pll1|clk[1] ; pll|altpll_component|auto_generated|pll1|clk[0] ; 0.001        ; 0.180      ; 1.238      ;
; 0.874 ; registerfile:RegisterFile|B[4]                 ; datamemory:Data_Memory|altsyncram:altsyncram_component|altsyncram_28i1:auto_generated|ram_block1a0~porta_datain_reg0  ; pll|altpll_component|auto_generated|pll1|clk[0] ; pll|altpll_component|auto_generated|pll1|clk[0] ; 0.000        ; 0.395      ; 1.464      ;
; 0.874 ; Multiplicador:multiplicador|ACC:acc|Saidas[12] ; register:D|out[12]                                                                                                    ; pll|altpll_component|auto_generated|pll1|clk[1] ; pll|altpll_component|auto_generated|pll1|clk[0] ; 0.001        ; 0.180      ; 1.243      ;
; 0.895 ; registerfile:RegisterFile|register~215         ; registerfile:RegisterFile|A[23]                                                                                       ; pll|altpll_component|auto_generated|pll1|clk[0] ; pll|altpll_component|auto_generated|pll1|clk[0] ; 0.000        ; 0.079      ; 1.142      ;
; 0.897 ; registerfile:RegisterFile|register~957         ; registerfile:RegisterFile|B[29]                                                                                       ; pll|altpll_component|auto_generated|pll1|clk[0] ; pll|altpll_component|auto_generated|pll1|clk[0] ; 0.000        ; 0.079      ; 1.144      ;
; 0.898 ; registerfile:RegisterFile|register~382         ; registerfile:RegisterFile|B[30]                                                                                       ; pll|altpll_component|auto_generated|pll1|clk[0] ; pll|altpll_component|auto_generated|pll1|clk[0] ; 0.000        ; 0.080      ; 1.146      ;
; 0.901 ; registerfile:RegisterFile|register~1009        ; registerfile:RegisterFile|A[17]                                                                                       ; pll|altpll_component|auto_generated|pll1|clk[0] ; pll|altpll_component|auto_generated|pll1|clk[0] ; 0.000        ; 0.079      ; 1.148      ;
; 0.902 ; registerfile:RegisterFile|register~941         ; registerfile:RegisterFile|B[13]                                                                                       ; pll|altpll_component|auto_generated|pll1|clk[0] ; pll|altpll_component|auto_generated|pll1|clk[0] ; 0.000        ; 0.079      ; 1.149      ;
; 0.902 ; registerfile:RegisterFile|register~1012        ; registerfile:RegisterFile|A[20]                                                                                       ; pll|altpll_component|auto_generated|pll1|clk[0] ; pll|altpll_component|auto_generated|pll1|clk[0] ; 0.000        ; 0.079      ; 1.149      ;
; 0.933 ; registerfile:RegisterFile|B[9]                 ; datamemory:Data_Memory|altsyncram:altsyncram_component|altsyncram_28i1:auto_generated|ram_block1a9~porta_datain_reg0  ; pll|altpll_component|auto_generated|pll1|clk[0] ; pll|altpll_component|auto_generated|pll1|clk[0] ; 0.000        ; 0.389      ; 1.517      ;
; 0.964 ; Multiplicador:multiplicador|ACC:acc|Saidas[25] ; register:D|out[25]                                                                                                    ; pll|altpll_component|auto_generated|pll1|clk[1] ; pll|altpll_component|auto_generated|pll1|clk[0] ; 0.001        ; 0.176      ; 1.329      ;
; 1.004 ; registerfile:RegisterFile|B[19]                ; datamemory:Data_Memory|altsyncram:altsyncram_component|altsyncram_28i1:auto_generated|ram_block1a18~porta_datain_reg0 ; pll|altpll_component|auto_generated|pll1|clk[0] ; pll|altpll_component|auto_generated|pll1|clk[0] ; 0.000        ; 0.427      ; 1.626      ;
; 1.018 ; registerfile:RegisterFile|register~428         ; registerfile:RegisterFile|A[12]                                                                                       ; pll|altpll_component|auto_generated|pll1|clk[0] ; pll|altpll_component|auto_generated|pll1|clk[0] ; 0.000        ; 0.078      ; 1.264      ;
; 1.026 ; register:D|out[4]                              ; registerfile:RegisterFile|register~484                                                                                ; pll|altpll_component|auto_generated|pll1|clk[0] ; pll|altpll_component|auto_generated|pll1|clk[0] ; 0.000        ; 0.083      ; 1.277      ;
; 1.033 ; Multiplicador:multiplicador|ACC:acc|Saidas[11] ; register:D|out[11]                                                                                                    ; pll|altpll_component|auto_generated|pll1|clk[1] ; pll|altpll_component|auto_generated|pll1|clk[0] ; 0.001        ; 0.180      ; 1.402      ;
; 1.035 ; registerfile:RegisterFile|register~743         ; registerfile:RegisterFile|B[7]                                                                                        ; pll|altpll_component|auto_generated|pll1|clk[0] ; pll|altpll_component|auto_generated|pll1|clk[0] ; 0.000        ; 0.080      ; 1.283      ;
; 1.036 ; registerfile:RegisterFile|register~884         ; registerfile:RegisterFile|B[20]                                                                                       ; pll|altpll_component|auto_generated|pll1|clk[0] ; pll|altpll_component|auto_generated|pll1|clk[0] ; 0.000        ; 0.079      ; 1.283      ;
; 1.038 ; registerfile:RegisterFile|register~481         ; registerfile:RegisterFile|B[1]                                                                                        ; pll|altpll_component|auto_generated|pll1|clk[0] ; pll|altpll_component|auto_generated|pll1|clk[0] ; 0.000        ; 0.079      ; 1.285      ;
; 1.039 ; registerfile:RegisterFile|register~866         ; registerfile:RegisterFile|B[2]                                                                                        ; pll|altpll_component|auto_generated|pll1|clk[0] ; pll|altpll_component|auto_generated|pll1|clk[0] ; 0.000        ; 0.078      ; 1.285      ;
; 1.045 ; registerfile:RegisterFile|B[13]                ; datamemory:Data_Memory|altsyncram:altsyncram_component|altsyncram_28i1:auto_generated|ram_block1a9~porta_datain_reg0  ; pll|altpll_component|auto_generated|pll1|clk[0] ; pll|altpll_component|auto_generated|pll1|clk[0] ; 0.000        ; 0.404      ; 1.644      ;
; 1.056 ; Multiplicador:multiplicador|ACC:acc|Saidas[27] ; register:D|out[27]                                                                                                    ; pll|altpll_component|auto_generated|pll1|clk[1] ; pll|altpll_component|auto_generated|pll1|clk[0] ; 0.001        ; 0.176      ; 1.421      ;
; 1.067 ; registerfile:RegisterFile|B[5]                 ; datamemory:Data_Memory|altsyncram:altsyncram_component|altsyncram_28i1:auto_generated|ram_block1a0~porta_datain_reg0  ; pll|altpll_component|auto_generated|pll1|clk[0] ; pll|altpll_component|auto_generated|pll1|clk[0] ; 0.000        ; 0.378      ; 1.640      ;
; 1.096 ; registerfile:RegisterFile|register~1019        ; registerfile:RegisterFile|A[27]                                                                                       ; pll|altpll_component|auto_generated|pll1|clk[0] ; pll|altpll_component|auto_generated|pll1|clk[0] ; 0.000        ; 0.078      ; 1.342      ;
; 1.100 ; registerfile:RegisterFile|register~358         ; registerfile:RegisterFile|B[6]                                                                                        ; pll|altpll_component|auto_generated|pll1|clk[0] ; pll|altpll_component|auto_generated|pll1|clk[0] ; 0.000        ; 0.079      ; 1.347      ;
; 1.100 ; registerfile:RegisterFile|register~999         ; registerfile:RegisterFile|A[7]                                                                                        ; pll|altpll_component|auto_generated|pll1|clk[0] ; pll|altpll_component|auto_generated|pll1|clk[0] ; 0.000        ; 0.079      ; 1.347      ;
; 1.101 ; registerfile:RegisterFile|register~360         ; registerfile:RegisterFile|B[8]                                                                                        ; pll|altpll_component|auto_generated|pll1|clk[0] ; pll|altpll_component|auto_generated|pll1|clk[0] ; 0.000        ; 0.079      ; 1.348      ;
; 1.105 ; registerfile:RegisterFile|register~348         ; registerfile:RegisterFile|A[28]                                                                                       ; pll|altpll_component|auto_generated|pll1|clk[0] ; pll|altpll_component|auto_generated|pll1|clk[0] ; 0.000        ; 0.078      ; 1.351      ;
; 1.114 ; registerfile:RegisterFile|register~1006        ; registerfile:RegisterFile|A[14]                                                                                       ; pll|altpll_component|auto_generated|pll1|clk[0] ; pll|altpll_component|auto_generated|pll1|clk[0] ; 0.000        ; 0.080      ; 1.362      ;
; 1.115 ; registerfile:RegisterFile|register~747         ; registerfile:RegisterFile|B[11]                                                                                       ; pll|altpll_component|auto_generated|pll1|clk[0] ; pll|altpll_component|auto_generated|pll1|clk[0] ; 0.000        ; 0.080      ; 1.363      ;
; 1.121 ; registerfile:RegisterFile|register~763         ; registerfile:RegisterFile|B[27]                                                                                       ; pll|altpll_component|auto_generated|pll1|clk[0] ; pll|altpll_component|auto_generated|pll1|clk[0] ; 0.000        ; 0.079      ; 1.368      ;
; 1.128 ; register:CTRL1|out[9]                          ; register:CTRL2|out[9]                                                                                                 ; pll|altpll_component|auto_generated|pll1|clk[0] ; pll|altpll_component|auto_generated|pll1|clk[0] ; 0.000        ; 0.099      ; 1.395      ;
; 1.132 ; registerfile:RegisterFile|register~685         ; registerfile:RegisterFile|A[13]                                                                                       ; pll|altpll_component|auto_generated|pll1|clk[0] ; pll|altpll_component|auto_generated|pll1|clk[0] ; 0.000        ; 0.080      ; 1.380      ;
; 1.132 ; Multiplicador:multiplicador|ACC:acc|Saidas[26] ; register:D|out[26]                                                                                                    ; pll|altpll_component|auto_generated|pll1|clk[1] ; pll|altpll_component|auto_generated|pll1|clk[0] ; 0.001        ; 0.176      ; 1.497      ;
; 1.137 ; registerfile:RegisterFile|register~685         ; registerfile:RegisterFile|B[13]                                                                                       ; pll|altpll_component|auto_generated|pll1|clk[0] ; pll|altpll_component|auto_generated|pll1|clk[0] ; 0.000        ; 0.088      ; 1.393      ;
; 1.153 ; registerfile:RegisterFile|B[30]                ; datamemory:Data_Memory|altsyncram:altsyncram_component|altsyncram_28i1:auto_generated|ram_block1a27~porta_datain_reg0 ; pll|altpll_component|auto_generated|pll1|clk[0] ; pll|altpll_component|auto_generated|pll1|clk[0] ; 0.000        ; 0.367      ; 1.715      ;
; 1.156 ; registerfile:RegisterFile|register~995         ; registerfile:RegisterFile|A[3]                                                                                        ; pll|altpll_component|auto_generated|pll1|clk[0] ; pll|altpll_component|auto_generated|pll1|clk[0] ; 0.000        ; 0.079      ; 1.403      ;
; 1.171 ; PC:pc|addr[3]                                  ; PC:pc|addr[3]                                                                                                         ; pll|altpll_component|auto_generated|pll1|clk[0] ; pll|altpll_component|auto_generated|pll1|clk[0] ; 0.000        ; 0.080      ; 1.419      ;
; 1.183 ; Multiplicador:multiplicador|ACC:acc|Saidas[14] ; register:D|out[14]                                                                                                    ; pll|altpll_component|auto_generated|pll1|clk[1] ; pll|altpll_component|auto_generated|pll1|clk[0] ; 0.001        ; 0.165      ; 1.537      ;
; 1.197 ; registerfile:RegisterFile|register~1008        ; registerfile:RegisterFile|A[16]                                                                                       ; pll|altpll_component|auto_generated|pll1|clk[0] ; pll|altpll_component|auto_generated|pll1|clk[0] ; 0.000        ; 0.079      ; 1.444      ;
; 1.200 ; registerfile:RegisterFile|B[17]                ; datamemory:Data_Memory|altsyncram:altsyncram_component|altsyncram_28i1:auto_generated|ram_block1a9~porta_datain_reg0  ; pll|altpll_component|auto_generated|pll1|clk[0] ; pll|altpll_component|auto_generated|pll1|clk[0] ; 0.000        ; 0.385      ; 1.780      ;
; 1.221 ; registerfile:RegisterFile|register~440         ; registerfile:RegisterFile|A[24]                                                                                       ; pll|altpll_component|auto_generated|pll1|clk[0] ; pll|altpll_component|auto_generated|pll1|clk[0] ; 0.000        ; 0.079      ; 1.468      ;
; 1.221 ; registerfile:RegisterFile|register~436         ; registerfile:RegisterFile|A[20]                                                                                       ; pll|altpll_component|auto_generated|pll1|clk[0] ; pll|altpll_component|auto_generated|pll1|clk[0] ; 0.000        ; 0.073      ; 1.462      ;
; 1.223 ; Multiplicador:multiplicador|ACC:acc|Saidas[21] ; register:D|out[21]                                                                                                    ; pll|altpll_component|auto_generated|pll1|clk[1] ; pll|altpll_component|auto_generated|pll1|clk[0] ; 0.001        ; 0.181      ; 1.593      ;
; 1.235 ; registerfile:RegisterFile|register~998         ; registerfile:RegisterFile|A[6]                                                                                        ; pll|altpll_component|auto_generated|pll1|clk[0] ; pll|altpll_component|auto_generated|pll1|clk[0] ; 0.000        ; 0.080      ; 1.483      ;
; 1.237 ; registerfile:RegisterFile|register~416         ; registerfile:RegisterFile|A[0]                                                                                        ; pll|altpll_component|auto_generated|pll1|clk[0] ; pll|altpll_component|auto_generated|pll1|clk[0] ; 0.000        ; 0.079      ; 1.484      ;
; 1.237 ; PC:pc|addr[19]                                 ; PC:pc|addr[19]                                                                                                        ; pll|altpll_component|auto_generated|pll1|clk[0] ; pll|altpll_component|auto_generated|pll1|clk[0] ; 0.000        ; 0.080      ; 1.485      ;
; 1.264 ; registerfile:RegisterFile|register~751         ; registerfile:RegisterFile|B[15]                                                                                       ; pll|altpll_component|auto_generated|pll1|clk[0] ; pll|altpll_component|auto_generated|pll1|clk[0] ; 0.000        ; 0.074      ; 1.506      ;
; 1.264 ; register:CTRL1|out[2]                          ; register:CTRL2|out[2]                                                                                                 ; pll|altpll_component|auto_generated|pll1|clk[0] ; pll|altpll_component|auto_generated|pll1|clk[0] ; 0.000        ; 0.048      ; 1.480      ;
; 1.266 ; Multiplicador:multiplicador|ACC:acc|Saidas[28] ; register:D|out[28]                                                                                                    ; pll|altpll_component|auto_generated|pll1|clk[1] ; pll|altpll_component|auto_generated|pll1|clk[0] ; 0.001        ; 0.176      ; 1.631      ;
; 1.268 ; registerfile:RegisterFile|B[3]                 ; datamemory:Data_Memory|altsyncram:altsyncram_component|altsyncram_28i1:auto_generated|ram_block1a0~porta_datain_reg0  ; pll|altpll_component|auto_generated|pll1|clk[0] ; pll|altpll_component|auto_generated|pll1|clk[0] ; 0.000        ; 0.378      ; 1.841      ;
; 1.269 ; registerfile:RegisterFile|B[29]                ; datamemory:Data_Memory|altsyncram:altsyncram_component|altsyncram_28i1:auto_generated|ram_block1a27~porta_datain_reg0 ; pll|altpll_component|auto_generated|pll1|clk[0] ; pll|altpll_component|auto_generated|pll1|clk[0] ; 0.000        ; 0.389      ; 1.853      ;
; 1.272 ; PC:pc|addr[20]                                 ; PC:pc|addr[20]                                                                                                        ; pll|altpll_component|auto_generated|pll1|clk[0] ; pll|altpll_component|auto_generated|pll1|clk[0] ; 0.000        ; 0.080      ; 1.520      ;
; 1.272 ; register:D|out[8]                              ; registerfile:RegisterFile|register~488                                                                                ; pll|altpll_component|auto_generated|pll1|clk[0] ; pll|altpll_component|auto_generated|pll1|clk[0] ; 0.000        ; 0.073      ; 1.513      ;
; 1.281 ; PC:pc|addr[6]                                  ; InstMem:IM|altsyncram:altsyncram_component|altsyncram_jv91:auto_generated|ram_block1a11~porta_address_reg0            ; pll|altpll_component|auto_generated|pll1|clk[0] ; pll|altpll_component|auto_generated|pll1|clk[0] ; 0.000        ; 0.394      ; 1.870      ;
; 1.281 ; register:D|out[26]                             ; registerfile:RegisterFile|register~506                                                                                ; pll|altpll_component|auto_generated|pll1|clk[0] ; pll|altpll_component|auto_generated|pll1|clk[0] ; 0.000        ; 0.102      ; 1.551      ;
; 1.283 ; registerfile:RegisterFile|register~376         ; registerfile:RegisterFile|B[24]                                                                                       ; pll|altpll_component|auto_generated|pll1|clk[0] ; pll|altpll_component|auto_generated|pll1|clk[0] ; 0.000        ; 0.091      ; 1.542      ;
; 1.294 ; Multiplicador:multiplicador|ACC:acc|Saidas[19] ; register:D|out[19]                                                                                                    ; pll|altpll_component|auto_generated|pll1|clk[1] ; pll|altpll_component|auto_generated|pll1|clk[0] ; 0.001        ; 0.182      ; 1.665      ;
; 1.298 ; registerfile:RegisterFile|register~440         ; registerfile:RegisterFile|B[24]                                                                                       ; pll|altpll_component|auto_generated|pll1|clk[0] ; pll|altpll_component|auto_generated|pll1|clk[0] ; 0.000        ; 0.079      ; 1.545      ;
; 1.298 ; register:D|out[1]                              ; registerfile:RegisterFile|register~481                                                                                ; pll|altpll_component|auto_generated|pll1|clk[0] ; pll|altpll_component|auto_generated|pll1|clk[0] ; 0.000        ; 0.079      ; 1.545      ;
; 1.301 ; PC:pc|addr[22]                                 ; PC:pc|addr[22]                                                                                                        ; pll|altpll_component|auto_generated|pll1|clk[0] ; pll|altpll_component|auto_generated|pll1|clk[0] ; 0.000        ; 0.080      ; 1.549      ;
; 1.301 ; register:D|out[18]                             ; registerfile:RegisterFile|register~498                                                                                ; pll|altpll_component|auto_generated|pll1|clk[0] ; pll|altpll_component|auto_generated|pll1|clk[0] ; 0.000        ; 0.095      ; 1.564      ;
; 1.310 ; registerfile:RegisterFile|register~884         ; registerfile:RegisterFile|A[20]                                                                                       ; pll|altpll_component|auto_generated|pll1|clk[0] ; pll|altpll_component|auto_generated|pll1|clk[0] ; 0.000        ; 0.085      ; 1.563      ;
; 1.313 ; Multiplicador:multiplicador|ACC:acc|Saidas[16] ; register:D|out[16]                                                                                                    ; pll|altpll_component|auto_generated|pll1|clk[1] ; pll|altpll_component|auto_generated|pll1|clk[0] ; 0.001        ; 0.182      ; 1.684      ;
; 1.314 ; registerfile:RegisterFile|register~1018        ; registerfile:RegisterFile|A[26]                                                                                       ; pll|altpll_component|auto_generated|pll1|clk[0] ; pll|altpll_component|auto_generated|pll1|clk[0] ; 0.000        ; 0.078      ; 1.560      ;
; 1.314 ; registerfile:RegisterFile|register~718         ; registerfile:RegisterFile|A[14]                                                                                       ; pll|altpll_component|auto_generated|pll1|clk[0] ; pll|altpll_component|auto_generated|pll1|clk[0] ; 0.000        ; 0.080      ; 1.562      ;
; 1.314 ; registerfile:RegisterFile|register~745         ; registerfile:RegisterFile|B[9]                                                                                        ; pll|altpll_component|auto_generated|pll1|clk[0] ; pll|altpll_component|auto_generated|pll1|clk[0] ; 0.000        ; 0.080      ; 1.562      ;
; 1.316 ; registerfile:RegisterFile|register~997         ; registerfile:RegisterFile|A[5]                                                                                        ; pll|altpll_component|auto_generated|pll1|clk[0] ; pll|altpll_component|auto_generated|pll1|clk[0] ; 0.000        ; 0.080      ; 1.564      ;
; 1.318 ; Multiplicador:multiplicador|ACC:acc|Saidas[24] ; register:D|out[24]                                                                                                    ; pll|altpll_component|auto_generated|pll1|clk[1] ; pll|altpll_component|auto_generated|pll1|clk[0] ; 0.001        ; 0.176      ; 1.683      ;
; 1.327 ; registerfile:RegisterFile|register~247         ; registerfile:RegisterFile|A[23]                                                                                       ; pll|altpll_component|auto_generated|pll1|clk[0] ; pll|altpll_component|auto_generated|pll1|clk[0] ; 0.000        ; 0.073      ; 1.568      ;
; 1.328 ; registerfile:RegisterFile|register~1007        ; registerfile:RegisterFile|B[15]                                                                                       ; pll|altpll_component|auto_generated|pll1|clk[0] ; pll|altpll_component|auto_generated|pll1|clk[0] ; 0.000        ; 0.074      ; 1.570      ;
; 1.329 ; registerfile:RegisterFile|register~941         ; registerfile:RegisterFile|A[13]                                                                                       ; pll|altpll_component|auto_generated|pll1|clk[0] ; pll|altpll_component|auto_generated|pll1|clk[0] ; 0.000        ; 0.107      ; 1.604      ;
; 1.329 ; registerfile:RegisterFile|B[7]                 ; datamemory:Data_Memory|altsyncram:altsyncram_component|altsyncram_28i1:auto_generated|ram_block1a0~porta_datain_reg0  ; pll|altpll_component|auto_generated|pll1|clk[0] ; pll|altpll_component|auto_generated|pll1|clk[0] ; 0.000        ; 0.386      ; 1.910      ;
; 1.345 ; registerfile:RegisterFile|register~344         ; registerfile:RegisterFile|B[24]                                                                                       ; pll|altpll_component|auto_generated|pll1|clk[0] ; pll|altpll_component|auto_generated|pll1|clk[0] ; 0.000        ; 0.091      ; 1.604      ;
; 1.351 ; registerfile:RegisterFile|B[20]                ; datamemory:Data_Memory|altsyncram:altsyncram_component|altsyncram_28i1:auto_generated|ram_block1a18~porta_datain_reg0 ; pll|altpll_component|auto_generated|pll1|clk[0] ; pll|altpll_component|auto_generated|pll1|clk[0] ; 0.000        ; 0.394      ; 1.940      ;
; 1.353 ; Multiplicador:multiplicador|ACC:acc|Saidas[17] ; register:D|out[17]                                                                                                    ; pll|altpll_component|auto_generated|pll1|clk[1] ; pll|altpll_component|auto_generated|pll1|clk[0] ; 0.001        ; 0.182      ; 1.724      ;
; 1.355 ; register:D|out[12]                             ; registerfile:RegisterFile|register~492                                                                                ; pll|altpll_component|auto_generated|pll1|clk[0] ; pll|altpll_component|auto_generated|pll1|clk[0] ; 0.000        ; 0.084      ; 1.607      ;
; 1.358 ; registerfile:RegisterFile|register~453         ; registerfile:RegisterFile|B[5]                                                                                        ; pll|altpll_component|auto_generated|pll1|clk[0] ; pll|altpll_component|auto_generated|pll1|clk[0] ; 0.000        ; 0.080      ; 1.606      ;
; 1.360 ; register:D|out[11]                             ; registerfile:RegisterFile|register~491                                                                                ; pll|altpll_component|auto_generated|pll1|clk[0] ; pll|altpll_component|auto_generated|pll1|clk[0] ; 0.000        ; 0.088      ; 1.616      ;
; 1.364 ; registerfile:RegisterFile|B[2]                 ; datamemory:Data_Memory|altsyncram:altsyncram_component|altsyncram_28i1:auto_generated|ram_block1a0~porta_datain_reg0  ; pll|altpll_component|auto_generated|pll1|clk[0] ; pll|altpll_component|auto_generated|pll1|clk[0] ; 0.000        ; 0.434      ; 1.993      ;
; 1.365 ; registerfile:RegisterFile|register~364         ; registerfile:RegisterFile|B[12]                                                                                       ; pll|altpll_component|auto_generated|pll1|clk[0] ; pll|altpll_component|auto_generated|pll1|clk[0] ; 0.000        ; 0.078      ; 1.611      ;
; 1.365 ; registerfile:RegisterFile|register~677         ; registerfile:RegisterFile|A[5]                                                                                        ; pll|altpll_component|auto_generated|pll1|clk[0] ; pll|altpll_component|auto_generated|pll1|clk[0] ; 0.000        ; 0.084      ; 1.617      ;
; 1.372 ; register:D|out[20]                             ; registerfile:RegisterFile|register~500                                                                                ; pll|altpll_component|auto_generated|pll1|clk[0] ; pll|altpll_component|auto_generated|pll1|clk[0] ; 0.000        ; 0.084      ; 1.624      ;
; 1.373 ; PC:pc|addr[5]                                  ; InstMem:IM|altsyncram:altsyncram_component|altsyncram_jv91:auto_generated|ram_block1a11~porta_address_reg0            ; pll|altpll_component|auto_generated|pll1|clk[0] ; pll|altpll_component|auto_generated|pll1|clk[0] ; 0.000        ; 0.394      ; 1.962      ;
; 1.375 ; PC:pc|addr[23]                                 ; PC:pc|addr[23]                                                                                                        ; pll|altpll_component|auto_generated|pll1|clk[0] ; pll|altpll_component|auto_generated|pll1|clk[0] ; 0.000        ; 0.080      ; 1.623      ;
; 1.377 ; registerfile:RegisterFile|B[11]                ; datamemory:Data_Memory|altsyncram:altsyncram_component|altsyncram_28i1:auto_generated|ram_block1a9~porta_datain_reg0  ; pll|altpll_component|auto_generated|pll1|clk[0] ; pll|altpll_component|auto_generated|pll1|clk[0] ; 0.000        ; 0.385      ; 1.957      ;
+-------+------------------------------------------------+-----------------------------------------------------------------------------------------------------------------------+-------------------------------------------------+-------------------------------------------------+--------------+------------+------------+


+------------------------------------------------------------------------------------------------------------------------------------------------------------------------------------------------------+
; Slow 1200mV -40C Model Recovery: 'pll|altpll_component|auto_generated|pll1|clk[0]'                                                                                                                   ;
+-----------+--------------------+------------------------+-------------------------------------------------+-------------------------------------------------+--------------+------------+------------+
; Slack     ; From Node          ; To Node                ; Launch Clock                                    ; Latch Clock                                     ; Relationship ; Clock Skew ; Data Delay ;
+-----------+--------------------+------------------------+-------------------------------------------------+-------------------------------------------------+--------------+------------+------------+
; 12495.728 ; PC:pc|resetControl ; register:CTRL1|out[1]  ; pll|altpll_component|auto_generated|pll1|clk[0] ; pll|altpll_component|auto_generated|pll1|clk[0] ; 12500.000    ; -0.080     ; 4.192      ;
; 12495.728 ; PC:pc|resetControl ; register:CTRL1|out[8]  ; pll|altpll_component|auto_generated|pll1|clk[0] ; pll|altpll_component|auto_generated|pll1|clk[0] ; 12500.000    ; -0.080     ; 4.192      ;
; 12495.728 ; PC:pc|resetControl ; register:CTRL1|out[3]  ; pll|altpll_component|auto_generated|pll1|clk[0] ; pll|altpll_component|auto_generated|pll1|clk[0] ; 12500.000    ; -0.080     ; 4.192      ;
; 12495.985 ; PC:pc|resetControl ; register:CTRL1|out[12] ; pll|altpll_component|auto_generated|pll1|clk[0] ; pll|altpll_component|auto_generated|pll1|clk[0] ; 12500.000    ; -0.080     ; 3.935      ;
; 12495.985 ; PC:pc|resetControl ; register:CTRL1|out[10] ; pll|altpll_component|auto_generated|pll1|clk[0] ; pll|altpll_component|auto_generated|pll1|clk[0] ; 12500.000    ; -0.080     ; 3.935      ;
; 12495.985 ; PC:pc|resetControl ; register:CTRL1|out[11] ; pll|altpll_component|auto_generated|pll1|clk[0] ; pll|altpll_component|auto_generated|pll1|clk[0] ; 12500.000    ; -0.080     ; 3.935      ;
; 12495.985 ; PC:pc|resetControl ; register:CTRL1|out[13] ; pll|altpll_component|auto_generated|pll1|clk[0] ; pll|altpll_component|auto_generated|pll1|clk[0] ; 12500.000    ; -0.080     ; 3.935      ;
; 12495.985 ; PC:pc|resetControl ; register:CTRL1|out[14] ; pll|altpll_component|auto_generated|pll1|clk[0] ; pll|altpll_component|auto_generated|pll1|clk[0] ; 12500.000    ; -0.080     ; 3.935      ;
; 12497.732 ; PC:pc|resetControl ; register:CTRL1|out[7]  ; pll|altpll_component|auto_generated|pll1|clk[0] ; pll|altpll_component|auto_generated|pll1|clk[0] ; 12500.000    ; -0.085     ; 2.183      ;
; 12497.732 ; PC:pc|resetControl ; register:CTRL1|out[9]  ; pll|altpll_component|auto_generated|pll1|clk[0] ; pll|altpll_component|auto_generated|pll1|clk[0] ; 12500.000    ; -0.085     ; 2.183      ;
; 12497.732 ; PC:pc|resetControl ; register:CTRL1|out[2]  ; pll|altpll_component|auto_generated|pll1|clk[0] ; pll|altpll_component|auto_generated|pll1|clk[0] ; 12500.000    ; -0.085     ; 2.183      ;
; 12497.732 ; PC:pc|resetControl ; register:CTRL1|out[5]  ; pll|altpll_component|auto_generated|pll1|clk[0] ; pll|altpll_component|auto_generated|pll1|clk[0] ; 12500.000    ; -0.085     ; 2.183      ;
; 12497.732 ; PC:pc|resetControl ; register:CTRL1|out[4]  ; pll|altpll_component|auto_generated|pll1|clk[0] ; pll|altpll_component|auto_generated|pll1|clk[0] ; 12500.000    ; -0.085     ; 2.183      ;
; 12497.732 ; PC:pc|resetControl ; register:CTRL1|out[6]  ; pll|altpll_component|auto_generated|pll1|clk[0] ; pll|altpll_component|auto_generated|pll1|clk[0] ; 12500.000    ; -0.085     ; 2.183      ;
+-----------+--------------------+------------------------+-------------------------------------------------+-------------------------------------------------+--------------+------------+------------+


+--------------------------------------------------------------------------------------------------------------------------------------------------------------------------------------------------+
; Slow 1200mV -40C Model Removal: 'pll|altpll_component|auto_generated|pll1|clk[0]'                                                                                                                ;
+-------+--------------------+------------------------+-------------------------------------------------+-------------------------------------------------+--------------+------------+------------+
; Slack ; From Node          ; To Node                ; Launch Clock                                    ; Latch Clock                                     ; Relationship ; Clock Skew ; Data Delay ;
+-------+--------------------+------------------------+-------------------------------------------------+-------------------------------------------------+--------------+------------+------------+
; 1.799 ; PC:pc|resetControl ; register:CTRL1|out[7]  ; pll|altpll_component|auto_generated|pll1|clk[0] ; pll|altpll_component|auto_generated|pll1|clk[0] ; 0.000        ; 0.075      ; 2.042      ;
; 1.799 ; PC:pc|resetControl ; register:CTRL1|out[9]  ; pll|altpll_component|auto_generated|pll1|clk[0] ; pll|altpll_component|auto_generated|pll1|clk[0] ; 0.000        ; 0.075      ; 2.042      ;
; 1.799 ; PC:pc|resetControl ; register:CTRL1|out[2]  ; pll|altpll_component|auto_generated|pll1|clk[0] ; pll|altpll_component|auto_generated|pll1|clk[0] ; 0.000        ; 0.075      ; 2.042      ;
; 1.799 ; PC:pc|resetControl ; register:CTRL1|out[5]  ; pll|altpll_component|auto_generated|pll1|clk[0] ; pll|altpll_component|auto_generated|pll1|clk[0] ; 0.000        ; 0.075      ; 2.042      ;
; 1.799 ; PC:pc|resetControl ; register:CTRL1|out[4]  ; pll|altpll_component|auto_generated|pll1|clk[0] ; pll|altpll_component|auto_generated|pll1|clk[0] ; 0.000        ; 0.075      ; 2.042      ;
; 1.799 ; PC:pc|resetControl ; register:CTRL1|out[6]  ; pll|altpll_component|auto_generated|pll1|clk[0] ; pll|altpll_component|auto_generated|pll1|clk[0] ; 0.000        ; 0.075      ; 2.042      ;
; 3.416 ; PC:pc|resetControl ; register:CTRL1|out[12] ; pll|altpll_component|auto_generated|pll1|clk[0] ; pll|altpll_component|auto_generated|pll1|clk[0] ; 0.000        ; 0.080      ; 3.664      ;
; 3.416 ; PC:pc|resetControl ; register:CTRL1|out[10] ; pll|altpll_component|auto_generated|pll1|clk[0] ; pll|altpll_component|auto_generated|pll1|clk[0] ; 0.000        ; 0.080      ; 3.664      ;
; 3.416 ; PC:pc|resetControl ; register:CTRL1|out[11] ; pll|altpll_component|auto_generated|pll1|clk[0] ; pll|altpll_component|auto_generated|pll1|clk[0] ; 0.000        ; 0.080      ; 3.664      ;
; 3.416 ; PC:pc|resetControl ; register:CTRL1|out[13] ; pll|altpll_component|auto_generated|pll1|clk[0] ; pll|altpll_component|auto_generated|pll1|clk[0] ; 0.000        ; 0.080      ; 3.664      ;
; 3.416 ; PC:pc|resetControl ; register:CTRL1|out[14] ; pll|altpll_component|auto_generated|pll1|clk[0] ; pll|altpll_component|auto_generated|pll1|clk[0] ; 0.000        ; 0.080      ; 3.664      ;
; 3.643 ; PC:pc|resetControl ; register:CTRL1|out[1]  ; pll|altpll_component|auto_generated|pll1|clk[0] ; pll|altpll_component|auto_generated|pll1|clk[0] ; 0.000        ; 0.080      ; 3.891      ;
; 3.643 ; PC:pc|resetControl ; register:CTRL1|out[8]  ; pll|altpll_component|auto_generated|pll1|clk[0] ; pll|altpll_component|auto_generated|pll1|clk[0] ; 0.000        ; 0.080      ; 3.891      ;
; 3.643 ; PC:pc|resetControl ; register:CTRL1|out[3]  ; pll|altpll_component|auto_generated|pll1|clk[0] ; pll|altpll_component|auto_generated|pll1|clk[0] ; 0.000        ; 0.080      ; 3.891      ;
+-------+--------------------+------------------------+-------------------------------------------------+-------------------------------------------------+--------------+------------+------------+


------------------------------------------------
; Slow 1200mV -40C Model Metastability Summary ;
------------------------------------------------
No synchronizer chains to report.


+----------------------------------------------------------------------------+
; Fast 1200mV -40C Model Setup Summary                                       ;
+-------------------------------------------------+----------+---------------+
; Clock                                           ; Slack    ; End Point TNS ;
+-------------------------------------------------+----------+---------------+
; pll|altpll_component|auto_generated|pll1|clk[0] ; 4162.841 ; 0.000         ;
; pll|altpll_component|auto_generated|pll1|clk[1] ; 4163.759 ; 0.000         ;
+-------------------------------------------------+----------+---------------+


+-------------------------------------------------------------------------+
; Fast 1200mV -40C Model Hold Summary                                     ;
+-------------------------------------------------+-------+---------------+
; Clock                                           ; Slack ; End Point TNS ;
+-------------------------------------------------+-------+---------------+
; pll|altpll_component|auto_generated|pll1|clk[1] ; 0.168 ; 0.000         ;
; pll|altpll_component|auto_generated|pll1|clk[0] ; 0.231 ; 0.000         ;
+-------------------------------------------------+-------+---------------+


+-----------------------------------------------------------------------------+
; Fast 1200mV -40C Model Recovery Summary                                     ;
+-------------------------------------------------+-----------+---------------+
; Clock                                           ; Slack     ; End Point TNS ;
+-------------------------------------------------+-----------+---------------+
; pll|altpll_component|auto_generated|pll1|clk[0] ; 12497.493 ; 0.000         ;
+-------------------------------------------------+-----------+---------------+


+-------------------------------------------------------------------------+
; Fast 1200mV -40C Model Removal Summary                                  ;
+-------------------------------------------------+-------+---------------+
; Clock                                           ; Slack ; End Point TNS ;
+-------------------------------------------------+-------+---------------+
; pll|altpll_component|auto_generated|pll1|clk[0] ; 0.929 ; 0.000         ;
+-------------------------------------------------+-------+---------------+


+----------------------------------------------------------------------------+
; Fast 1200mV -40C Model Minimum Pulse Width Summary                         ;
+-------------------------------------------------+----------+---------------+
; Clock                                           ; Slack    ; End Point TNS ;
+-------------------------------------------------+----------+---------------+
; CLK                                             ; 4.626    ; 0.000         ;
; pll|altpll_component|auto_generated|pll1|clk[1] ; 4166.402 ; 0.000         ;
; pll|altpll_component|auto_generated|pll1|clk[0] ; 6249.735 ; 0.000         ;
+-------------------------------------------------+----------+---------------+


+---------------------------------------------------------------------------------------------------------------------------------------------------------------------------------------------------------------------------------------------------------------------------------------------------------------------------------+
; Fast 1200mV -40C Model Setup: 'pll|altpll_component|auto_generated|pll1|clk[0]'                                                                                                                                                                                                                                                 ;
+----------+------------------------------------------------+------------------------------------------------------------------------------------------------------------------------+-------------------------------------------------+-------------------------------------------------+--------------+------------+------------+
; Slack    ; From Node                                      ; To Node                                                                                                                ; Launch Clock                                    ; Latch Clock                                     ; Relationship ; Clock Skew ; Data Delay ;
+----------+------------------------------------------------+------------------------------------------------------------------------------------------------------------------------+-------------------------------------------------+-------------------------------------------------+--------------+------------+------------+
; 4162.841 ; Multiplicador:multiplicador|ACC:acc|Saidas[2]  ; datamemory:Data_Memory|altsyncram:altsyncram_component|altsyncram_28i1:auto_generated|ram_block1a9~porta_we_reg        ; pll|altpll_component|auto_generated|pll1|clk[1] ; pll|altpll_component|auto_generated|pll1|clk[0] ; 4166.667     ; 0.064      ; 3.898      ;
; 4162.850 ; Multiplicador:multiplicador|ACC:acc|Saidas[2]  ; datamemory:Data_Memory|altsyncram:altsyncram_component|altsyncram_28i1:auto_generated|ram_block1a18~porta_we_reg       ; pll|altpll_component|auto_generated|pll1|clk[1] ; pll|altpll_component|auto_generated|pll1|clk[0] ; 4166.667     ; 0.055      ; 3.880      ;
; 4162.864 ; Multiplicador:multiplicador|ACC:acc|Saidas[2]  ; datamemory:Data_Memory|altsyncram:altsyncram_component|altsyncram_28i1:auto_generated|ram_block1a0~porta_we_reg        ; pll|altpll_component|auto_generated|pll1|clk[1] ; pll|altpll_component|auto_generated|pll1|clk[0] ; 4166.667     ; 0.061      ; 3.872      ;
; 4162.870 ; Multiplicador:multiplicador|ACC:acc|Saidas[2]  ; datamemory:Data_Memory|altsyncram:altsyncram_component|altsyncram_28i1:auto_generated|ram_block1a27~porta_we_reg       ; pll|altpll_component|auto_generated|pll1|clk[1] ; pll|altpll_component|auto_generated|pll1|clk[0] ; 4166.667     ; 0.050      ; 3.855      ;
; 4163.225 ; Multiplicador:multiplicador|ACC:acc|Saidas[2]  ; register:CTRL2|out[25]                                                                                                 ; pll|altpll_component|auto_generated|pll1|clk[1] ; pll|altpll_component|auto_generated|pll1|clk[0] ; 4166.667     ; -0.115     ; 3.315      ;
; 4163.287 ; Multiplicador:multiplicador|ACC:acc|Saidas[8]  ; datamemory:Data_Memory|altsyncram:altsyncram_component|altsyncram_28i1:auto_generated|ram_block1a9~porta_we_reg        ; pll|altpll_component|auto_generated|pll1|clk[1] ; pll|altpll_component|auto_generated|pll1|clk[0] ; 4166.667     ; 0.057      ; 3.445      ;
; 4163.296 ; Multiplicador:multiplicador|ACC:acc|Saidas[8]  ; datamemory:Data_Memory|altsyncram:altsyncram_component|altsyncram_28i1:auto_generated|ram_block1a18~porta_we_reg       ; pll|altpll_component|auto_generated|pll1|clk[1] ; pll|altpll_component|auto_generated|pll1|clk[0] ; 4166.667     ; 0.048      ; 3.427      ;
; 4163.310 ; Multiplicador:multiplicador|ACC:acc|Saidas[8]  ; datamemory:Data_Memory|altsyncram:altsyncram_component|altsyncram_28i1:auto_generated|ram_block1a0~porta_we_reg        ; pll|altpll_component|auto_generated|pll1|clk[1] ; pll|altpll_component|auto_generated|pll1|clk[0] ; 4166.667     ; 0.054      ; 3.419      ;
; 4163.316 ; Multiplicador:multiplicador|ACC:acc|Saidas[8]  ; datamemory:Data_Memory|altsyncram:altsyncram_component|altsyncram_28i1:auto_generated|ram_block1a27~porta_we_reg       ; pll|altpll_component|auto_generated|pll1|clk[1] ; pll|altpll_component|auto_generated|pll1|clk[0] ; 4166.667     ; 0.043      ; 3.402      ;
; 4163.318 ; Multiplicador:multiplicador|ACC:acc|Saidas[2]  ; datamemory:Data_Memory|altsyncram:altsyncram_component|altsyncram_28i1:auto_generated|ram_block1a27~porta_address_reg0 ; pll|altpll_component|auto_generated|pll1|clk[1] ; pll|altpll_component|auto_generated|pll1|clk[0] ; 4166.667     ; 0.050      ; 3.407      ;
; 4163.329 ; Multiplicador:multiplicador|ACC:acc|Saidas[18] ; datamemory:Data_Memory|altsyncram:altsyncram_component|altsyncram_28i1:auto_generated|ram_block1a9~porta_we_reg        ; pll|altpll_component|auto_generated|pll1|clk[1] ; pll|altpll_component|auto_generated|pll1|clk[0] ; 4166.667     ; 0.076      ; 3.422      ;
; 4163.335 ; Multiplicador:multiplicador|ACC:acc|Saidas[17] ; datamemory:Data_Memory|altsyncram:altsyncram_component|altsyncram_28i1:auto_generated|ram_block1a9~porta_we_reg        ; pll|altpll_component|auto_generated|pll1|clk[1] ; pll|altpll_component|auto_generated|pll1|clk[0] ; 4166.667     ; 0.076      ; 3.416      ;
; 4163.338 ; Multiplicador:multiplicador|ACC:acc|Saidas[18] ; datamemory:Data_Memory|altsyncram:altsyncram_component|altsyncram_28i1:auto_generated|ram_block1a18~porta_we_reg       ; pll|altpll_component|auto_generated|pll1|clk[1] ; pll|altpll_component|auto_generated|pll1|clk[0] ; 4166.667     ; 0.067      ; 3.404      ;
; 4163.344 ; Multiplicador:multiplicador|ACC:acc|Saidas[17] ; datamemory:Data_Memory|altsyncram:altsyncram_component|altsyncram_28i1:auto_generated|ram_block1a18~porta_we_reg       ; pll|altpll_component|auto_generated|pll1|clk[1] ; pll|altpll_component|auto_generated|pll1|clk[0] ; 4166.667     ; 0.067      ; 3.398      ;
; 4163.352 ; Multiplicador:multiplicador|ACC:acc|Saidas[18] ; datamemory:Data_Memory|altsyncram:altsyncram_component|altsyncram_28i1:auto_generated|ram_block1a0~porta_we_reg        ; pll|altpll_component|auto_generated|pll1|clk[1] ; pll|altpll_component|auto_generated|pll1|clk[0] ; 4166.667     ; 0.073      ; 3.396      ;
; 4163.358 ; Multiplicador:multiplicador|ACC:acc|Saidas[18] ; datamemory:Data_Memory|altsyncram:altsyncram_component|altsyncram_28i1:auto_generated|ram_block1a27~porta_we_reg       ; pll|altpll_component|auto_generated|pll1|clk[1] ; pll|altpll_component|auto_generated|pll1|clk[0] ; 4166.667     ; 0.062      ; 3.379      ;
; 4163.358 ; Multiplicador:multiplicador|ACC:acc|Saidas[17] ; datamemory:Data_Memory|altsyncram:altsyncram_component|altsyncram_28i1:auto_generated|ram_block1a0~porta_we_reg        ; pll|altpll_component|auto_generated|pll1|clk[1] ; pll|altpll_component|auto_generated|pll1|clk[0] ; 4166.667     ; 0.073      ; 3.390      ;
; 4163.364 ; Multiplicador:multiplicador|ACC:acc|Saidas[17] ; datamemory:Data_Memory|altsyncram:altsyncram_component|altsyncram_28i1:auto_generated|ram_block1a27~porta_we_reg       ; pll|altpll_component|auto_generated|pll1|clk[1] ; pll|altpll_component|auto_generated|pll1|clk[0] ; 4166.667     ; 0.062      ; 3.373      ;
; 4163.405 ; Multiplicador:multiplicador|ACC:acc|Saidas[19] ; datamemory:Data_Memory|altsyncram:altsyncram_component|altsyncram_28i1:auto_generated|ram_block1a9~porta_we_reg        ; pll|altpll_component|auto_generated|pll1|clk[1] ; pll|altpll_component|auto_generated|pll1|clk[0] ; 4166.667     ; 0.076      ; 3.346      ;
; 4163.414 ; Multiplicador:multiplicador|ACC:acc|Saidas[19] ; datamemory:Data_Memory|altsyncram:altsyncram_component|altsyncram_28i1:auto_generated|ram_block1a18~porta_we_reg       ; pll|altpll_component|auto_generated|pll1|clk[1] ; pll|altpll_component|auto_generated|pll1|clk[0] ; 4166.667     ; 0.067      ; 3.328      ;
; 4163.419 ; Multiplicador:multiplicador|ACC:acc|Saidas[1]  ; datamemory:Data_Memory|altsyncram:altsyncram_component|altsyncram_28i1:auto_generated|ram_block1a9~porta_we_reg        ; pll|altpll_component|auto_generated|pll1|clk[1] ; pll|altpll_component|auto_generated|pll1|clk[0] ; 4166.667     ; 0.066      ; 3.322      ;
; 4163.428 ; Multiplicador:multiplicador|ACC:acc|Saidas[1]  ; datamemory:Data_Memory|altsyncram:altsyncram_component|altsyncram_28i1:auto_generated|ram_block1a18~porta_we_reg       ; pll|altpll_component|auto_generated|pll1|clk[1] ; pll|altpll_component|auto_generated|pll1|clk[0] ; 4166.667     ; 0.057      ; 3.304      ;
; 4163.428 ; Multiplicador:multiplicador|ACC:acc|Saidas[19] ; datamemory:Data_Memory|altsyncram:altsyncram_component|altsyncram_28i1:auto_generated|ram_block1a0~porta_we_reg        ; pll|altpll_component|auto_generated|pll1|clk[1] ; pll|altpll_component|auto_generated|pll1|clk[0] ; 4166.667     ; 0.073      ; 3.320      ;
; 4163.434 ; Multiplicador:multiplicador|ACC:acc|Saidas[19] ; datamemory:Data_Memory|altsyncram:altsyncram_component|altsyncram_28i1:auto_generated|ram_block1a27~porta_we_reg       ; pll|altpll_component|auto_generated|pll1|clk[1] ; pll|altpll_component|auto_generated|pll1|clk[0] ; 4166.667     ; 0.062      ; 3.303      ;
; 4163.442 ; Multiplicador:multiplicador|ACC:acc|Saidas[1]  ; datamemory:Data_Memory|altsyncram:altsyncram_component|altsyncram_28i1:auto_generated|ram_block1a0~porta_we_reg        ; pll|altpll_component|auto_generated|pll1|clk[1] ; pll|altpll_component|auto_generated|pll1|clk[0] ; 4166.667     ; 0.063      ; 3.296      ;
; 4163.448 ; Multiplicador:multiplicador|ACC:acc|Saidas[1]  ; datamemory:Data_Memory|altsyncram:altsyncram_component|altsyncram_28i1:auto_generated|ram_block1a27~porta_we_reg       ; pll|altpll_component|auto_generated|pll1|clk[1] ; pll|altpll_component|auto_generated|pll1|clk[0] ; 4166.667     ; 0.052      ; 3.279      ;
; 4163.457 ; Multiplicador:multiplicador|ACC:acc|Saidas[23] ; datamemory:Data_Memory|altsyncram:altsyncram_component|altsyncram_28i1:auto_generated|ram_block1a9~porta_we_reg        ; pll|altpll_component|auto_generated|pll1|clk[1] ; pll|altpll_component|auto_generated|pll1|clk[0] ; 4166.667     ; 0.071      ; 3.289      ;
; 4163.466 ; Multiplicador:multiplicador|ACC:acc|Saidas[23] ; datamemory:Data_Memory|altsyncram:altsyncram_component|altsyncram_28i1:auto_generated|ram_block1a18~porta_we_reg       ; pll|altpll_component|auto_generated|pll1|clk[1] ; pll|altpll_component|auto_generated|pll1|clk[0] ; 4166.667     ; 0.062      ; 3.271      ;
; 4163.480 ; Multiplicador:multiplicador|ACC:acc|Saidas[23] ; datamemory:Data_Memory|altsyncram:altsyncram_component|altsyncram_28i1:auto_generated|ram_block1a0~porta_we_reg        ; pll|altpll_component|auto_generated|pll1|clk[1] ; pll|altpll_component|auto_generated|pll1|clk[0] ; 4166.667     ; 0.068      ; 3.263      ;
; 4163.486 ; Multiplicador:multiplicador|ACC:acc|Saidas[23] ; datamemory:Data_Memory|altsyncram:altsyncram_component|altsyncram_28i1:auto_generated|ram_block1a27~porta_we_reg       ; pll|altpll_component|auto_generated|pll1|clk[1] ; pll|altpll_component|auto_generated|pll1|clk[0] ; 4166.667     ; 0.057      ; 3.246      ;
; 4163.533 ; Multiplicador:multiplicador|ACC:acc|Saidas[15] ; datamemory:Data_Memory|altsyncram:altsyncram_component|altsyncram_28i1:auto_generated|ram_block1a9~porta_we_reg        ; pll|altpll_component|auto_generated|pll1|clk[1] ; pll|altpll_component|auto_generated|pll1|clk[0] ; 4166.667     ; 0.057      ; 3.199      ;
; 4163.535 ; Multiplicador:multiplicador|ACC:acc|Saidas[16] ; datamemory:Data_Memory|altsyncram:altsyncram_component|altsyncram_28i1:auto_generated|ram_block1a9~porta_we_reg        ; pll|altpll_component|auto_generated|pll1|clk[1] ; pll|altpll_component|auto_generated|pll1|clk[0] ; 4166.667     ; 0.076      ; 3.216      ;
; 4163.542 ; Multiplicador:multiplicador|ACC:acc|Saidas[15] ; datamemory:Data_Memory|altsyncram:altsyncram_component|altsyncram_28i1:auto_generated|ram_block1a18~porta_we_reg       ; pll|altpll_component|auto_generated|pll1|clk[1] ; pll|altpll_component|auto_generated|pll1|clk[0] ; 4166.667     ; 0.048      ; 3.181      ;
; 4163.544 ; Multiplicador:multiplicador|ACC:acc|Saidas[16] ; datamemory:Data_Memory|altsyncram:altsyncram_component|altsyncram_28i1:auto_generated|ram_block1a18~porta_we_reg       ; pll|altpll_component|auto_generated|pll1|clk[1] ; pll|altpll_component|auto_generated|pll1|clk[0] ; 4166.667     ; 0.067      ; 3.198      ;
; 4163.550 ; Multiplicador:multiplicador|ACC:acc|Saidas[10] ; datamemory:Data_Memory|altsyncram:altsyncram_component|altsyncram_28i1:auto_generated|ram_block1a9~porta_we_reg        ; pll|altpll_component|auto_generated|pll1|clk[1] ; pll|altpll_component|auto_generated|pll1|clk[0] ; 4166.667     ; 0.057      ; 3.182      ;
; 4163.556 ; Multiplicador:multiplicador|ACC:acc|Saidas[15] ; datamemory:Data_Memory|altsyncram:altsyncram_component|altsyncram_28i1:auto_generated|ram_block1a0~porta_we_reg        ; pll|altpll_component|auto_generated|pll1|clk[1] ; pll|altpll_component|auto_generated|pll1|clk[0] ; 4166.667     ; 0.054      ; 3.173      ;
; 4163.558 ; Multiplicador:multiplicador|ACC:acc|Saidas[16] ; datamemory:Data_Memory|altsyncram:altsyncram_component|altsyncram_28i1:auto_generated|ram_block1a0~porta_we_reg        ; pll|altpll_component|auto_generated|pll1|clk[1] ; pll|altpll_component|auto_generated|pll1|clk[0] ; 4166.667     ; 0.073      ; 3.190      ;
; 4163.559 ; Multiplicador:multiplicador|ACC:acc|Saidas[10] ; datamemory:Data_Memory|altsyncram:altsyncram_component|altsyncram_28i1:auto_generated|ram_block1a18~porta_we_reg       ; pll|altpll_component|auto_generated|pll1|clk[1] ; pll|altpll_component|auto_generated|pll1|clk[0] ; 4166.667     ; 0.048      ; 3.164      ;
; 4163.562 ; Multiplicador:multiplicador|ACC:acc|Saidas[15] ; datamemory:Data_Memory|altsyncram:altsyncram_component|altsyncram_28i1:auto_generated|ram_block1a27~porta_we_reg       ; pll|altpll_component|auto_generated|pll1|clk[1] ; pll|altpll_component|auto_generated|pll1|clk[0] ; 4166.667     ; 0.043      ; 3.156      ;
; 4163.564 ; Multiplicador:multiplicador|ACC:acc|Saidas[16] ; datamemory:Data_Memory|altsyncram:altsyncram_component|altsyncram_28i1:auto_generated|ram_block1a27~porta_we_reg       ; pll|altpll_component|auto_generated|pll1|clk[1] ; pll|altpll_component|auto_generated|pll1|clk[0] ; 4166.667     ; 0.062      ; 3.173      ;
; 4163.573 ; Multiplicador:multiplicador|ACC:acc|Saidas[10] ; datamemory:Data_Memory|altsyncram:altsyncram_component|altsyncram_28i1:auto_generated|ram_block1a0~porta_we_reg        ; pll|altpll_component|auto_generated|pll1|clk[1] ; pll|altpll_component|auto_generated|pll1|clk[0] ; 4166.667     ; 0.054      ; 3.156      ;
; 4163.579 ; Multiplicador:multiplicador|ACC:acc|Saidas[10] ; datamemory:Data_Memory|altsyncram:altsyncram_component|altsyncram_28i1:auto_generated|ram_block1a27~porta_we_reg       ; pll|altpll_component|auto_generated|pll1|clk[1] ; pll|altpll_component|auto_generated|pll1|clk[0] ; 4166.667     ; 0.043      ; 3.139      ;
; 4163.621 ; Multiplicador:multiplicador|ACC:acc|Saidas[2]  ; datamemory:Data_Memory|altsyncram:altsyncram_component|altsyncram_28i1:auto_generated|ram_block1a9~porta_address_reg0  ; pll|altpll_component|auto_generated|pll1|clk[1] ; pll|altpll_component|auto_generated|pll1|clk[0] ; 4166.667     ; 0.064      ; 3.118      ;
; 4163.628 ; Multiplicador:multiplicador|ACC:acc|Saidas[2]  ; datamemory:Data_Memory|altsyncram:altsyncram_component|altsyncram_28i1:auto_generated|ram_block1a0~porta_address_reg0  ; pll|altpll_component|auto_generated|pll1|clk[1] ; pll|altpll_component|auto_generated|pll1|clk[0] ; 4166.667     ; 0.061      ; 3.108      ;
; 4163.667 ; Multiplicador:multiplicador|ACC:acc|Saidas[5]  ; datamemory:Data_Memory|altsyncram:altsyncram_component|altsyncram_28i1:auto_generated|ram_block1a9~porta_we_reg        ; pll|altpll_component|auto_generated|pll1|clk[1] ; pll|altpll_component|auto_generated|pll1|clk[0] ; 4166.667     ; 0.064      ; 3.072      ;
; 4163.671 ; Multiplicador:multiplicador|ACC:acc|Saidas[8]  ; register:CTRL2|out[25]                                                                                                 ; pll|altpll_component|auto_generated|pll1|clk[1] ; pll|altpll_component|auto_generated|pll1|clk[0] ; 4166.667     ; -0.122     ; 2.862      ;
; 4163.676 ; Multiplicador:multiplicador|ACC:acc|Saidas[5]  ; datamemory:Data_Memory|altsyncram:altsyncram_component|altsyncram_28i1:auto_generated|ram_block1a18~porta_we_reg       ; pll|altpll_component|auto_generated|pll1|clk[1] ; pll|altpll_component|auto_generated|pll1|clk[0] ; 4166.667     ; 0.055      ; 3.054      ;
; 4163.690 ; Multiplicador:multiplicador|ACC:acc|Saidas[5]  ; datamemory:Data_Memory|altsyncram:altsyncram_component|altsyncram_28i1:auto_generated|ram_block1a0~porta_we_reg        ; pll|altpll_component|auto_generated|pll1|clk[1] ; pll|altpll_component|auto_generated|pll1|clk[0] ; 4166.667     ; 0.061      ; 3.046      ;
; 4163.696 ; Multiplicador:multiplicador|ACC:acc|Saidas[5]  ; datamemory:Data_Memory|altsyncram:altsyncram_component|altsyncram_28i1:auto_generated|ram_block1a27~porta_we_reg       ; pll|altpll_component|auto_generated|pll1|clk[1] ; pll|altpll_component|auto_generated|pll1|clk[0] ; 4166.667     ; 0.050      ; 3.029      ;
; 4163.701 ; Multiplicador:multiplicador|ACC:acc|Saidas[21] ; datamemory:Data_Memory|altsyncram:altsyncram_component|altsyncram_28i1:auto_generated|ram_block1a9~porta_we_reg        ; pll|altpll_component|auto_generated|pll1|clk[1] ; pll|altpll_component|auto_generated|pll1|clk[0] ; 4166.667     ; 0.076      ; 3.050      ;
; 4163.710 ; Multiplicador:multiplicador|ACC:acc|Saidas[21] ; datamemory:Data_Memory|altsyncram:altsyncram_component|altsyncram_28i1:auto_generated|ram_block1a18~porta_we_reg       ; pll|altpll_component|auto_generated|pll1|clk[1] ; pll|altpll_component|auto_generated|pll1|clk[0] ; 4166.667     ; 0.067      ; 3.032      ;
; 4163.717 ; Multiplicador:multiplicador|ACC:acc|Saidas[18] ; register:CTRL2|out[25]                                                                                                 ; pll|altpll_component|auto_generated|pll1|clk[1] ; pll|altpll_component|auto_generated|pll1|clk[0] ; 4166.667     ; -0.103     ; 2.835      ;
; 4163.723 ; Multiplicador:multiplicador|ACC:acc|Saidas[17] ; register:CTRL2|out[25]                                                                                                 ; pll|altpll_component|auto_generated|pll1|clk[1] ; pll|altpll_component|auto_generated|pll1|clk[0] ; 4166.667     ; -0.103     ; 2.829      ;
; 4163.724 ; Multiplicador:multiplicador|ACC:acc|Saidas[21] ; datamemory:Data_Memory|altsyncram:altsyncram_component|altsyncram_28i1:auto_generated|ram_block1a0~porta_we_reg        ; pll|altpll_component|auto_generated|pll1|clk[1] ; pll|altpll_component|auto_generated|pll1|clk[0] ; 4166.667     ; 0.073      ; 3.024      ;
; 4163.730 ; Multiplicador:multiplicador|ACC:acc|Saidas[21] ; datamemory:Data_Memory|altsyncram:altsyncram_component|altsyncram_28i1:auto_generated|ram_block1a27~porta_we_reg       ; pll|altpll_component|auto_generated|pll1|clk[1] ; pll|altpll_component|auto_generated|pll1|clk[0] ; 4166.667     ; 0.062      ; 3.007      ;
; 4163.770 ; Multiplicador:multiplicador|ACC:acc|Saidas[6]  ; datamemory:Data_Memory|altsyncram:altsyncram_component|altsyncram_28i1:auto_generated|ram_block1a9~porta_we_reg        ; pll|altpll_component|auto_generated|pll1|clk[1] ; pll|altpll_component|auto_generated|pll1|clk[0] ; 4166.667     ; 0.064      ; 2.969      ;
; 4163.779 ; Multiplicador:multiplicador|ACC:acc|Saidas[6]  ; datamemory:Data_Memory|altsyncram:altsyncram_component|altsyncram_28i1:auto_generated|ram_block1a18~porta_we_reg       ; pll|altpll_component|auto_generated|pll1|clk[1] ; pll|altpll_component|auto_generated|pll1|clk[0] ; 4166.667     ; 0.055      ; 2.951      ;
; 4163.792 ; Multiplicador:multiplicador|ACC:acc|Saidas[13] ; datamemory:Data_Memory|altsyncram:altsyncram_component|altsyncram_28i1:auto_generated|ram_block1a9~porta_we_reg        ; pll|altpll_component|auto_generated|pll1|clk[1] ; pll|altpll_component|auto_generated|pll1|clk[0] ; 4166.667     ; 0.057      ; 2.940      ;
; 4163.793 ; Multiplicador:multiplicador|ACC:acc|Saidas[6]  ; datamemory:Data_Memory|altsyncram:altsyncram_component|altsyncram_28i1:auto_generated|ram_block1a0~porta_we_reg        ; pll|altpll_component|auto_generated|pll1|clk[1] ; pll|altpll_component|auto_generated|pll1|clk[0] ; 4166.667     ; 0.061      ; 2.943      ;
; 4163.793 ; Multiplicador:multiplicador|ACC:acc|Saidas[19] ; register:CTRL2|out[25]                                                                                                 ; pll|altpll_component|auto_generated|pll1|clk[1] ; pll|altpll_component|auto_generated|pll1|clk[0] ; 4166.667     ; -0.103     ; 2.759      ;
; 4163.797 ; Multiplicador:multiplicador|ACC:acc|Saidas[22] ; datamemory:Data_Memory|altsyncram:altsyncram_component|altsyncram_28i1:auto_generated|ram_block1a9~porta_we_reg        ; pll|altpll_component|auto_generated|pll1|clk[1] ; pll|altpll_component|auto_generated|pll1|clk[0] ; 4166.667     ; 0.076      ; 2.954      ;
; 4163.799 ; Multiplicador:multiplicador|ACC:acc|Saidas[6]  ; datamemory:Data_Memory|altsyncram:altsyncram_component|altsyncram_28i1:auto_generated|ram_block1a27~porta_we_reg       ; pll|altpll_component|auto_generated|pll1|clk[1] ; pll|altpll_component|auto_generated|pll1|clk[0] ; 4166.667     ; 0.050      ; 2.926      ;
; 4163.801 ; Multiplicador:multiplicador|ACC:acc|Saidas[13] ; datamemory:Data_Memory|altsyncram:altsyncram_component|altsyncram_28i1:auto_generated|ram_block1a18~porta_we_reg       ; pll|altpll_component|auto_generated|pll1|clk[1] ; pll|altpll_component|auto_generated|pll1|clk[0] ; 4166.667     ; 0.048      ; 2.922      ;
; 4163.803 ; Multiplicador:multiplicador|ACC:acc|Saidas[1]  ; register:CTRL2|out[25]                                                                                                 ; pll|altpll_component|auto_generated|pll1|clk[1] ; pll|altpll_component|auto_generated|pll1|clk[0] ; 4166.667     ; -0.113     ; 2.739      ;
; 4163.806 ; Multiplicador:multiplicador|ACC:acc|Saidas[22] ; datamemory:Data_Memory|altsyncram:altsyncram_component|altsyncram_28i1:auto_generated|ram_block1a18~porta_we_reg       ; pll|altpll_component|auto_generated|pll1|clk[1] ; pll|altpll_component|auto_generated|pll1|clk[0] ; 4166.667     ; 0.067      ; 2.936      ;
; 4163.815 ; Multiplicador:multiplicador|ACC:acc|Saidas[13] ; datamemory:Data_Memory|altsyncram:altsyncram_component|altsyncram_28i1:auto_generated|ram_block1a0~porta_we_reg        ; pll|altpll_component|auto_generated|pll1|clk[1] ; pll|altpll_component|auto_generated|pll1|clk[0] ; 4166.667     ; 0.054      ; 2.914      ;
; 4163.817 ; Multiplicador:multiplicador|ACC:acc|Saidas[7]  ; datamemory:Data_Memory|altsyncram:altsyncram_component|altsyncram_28i1:auto_generated|ram_block1a9~porta_we_reg        ; pll|altpll_component|auto_generated|pll1|clk[1] ; pll|altpll_component|auto_generated|pll1|clk[0] ; 4166.667     ; 0.057      ; 2.915      ;
; 4163.820 ; Multiplicador:multiplicador|ACC:acc|Saidas[22] ; datamemory:Data_Memory|altsyncram:altsyncram_component|altsyncram_28i1:auto_generated|ram_block1a0~porta_we_reg        ; pll|altpll_component|auto_generated|pll1|clk[1] ; pll|altpll_component|auto_generated|pll1|clk[0] ; 4166.667     ; 0.073      ; 2.928      ;
; 4163.821 ; Multiplicador:multiplicador|ACC:acc|Saidas[13] ; datamemory:Data_Memory|altsyncram:altsyncram_component|altsyncram_28i1:auto_generated|ram_block1a27~porta_we_reg       ; pll|altpll_component|auto_generated|pll1|clk[1] ; pll|altpll_component|auto_generated|pll1|clk[0] ; 4166.667     ; 0.043      ; 2.897      ;
; 4163.826 ; Multiplicador:multiplicador|ACC:acc|Saidas[7]  ; datamemory:Data_Memory|altsyncram:altsyncram_component|altsyncram_28i1:auto_generated|ram_block1a18~porta_we_reg       ; pll|altpll_component|auto_generated|pll1|clk[1] ; pll|altpll_component|auto_generated|pll1|clk[0] ; 4166.667     ; 0.048      ; 2.897      ;
; 4163.826 ; Multiplicador:multiplicador|ACC:acc|Saidas[22] ; datamemory:Data_Memory|altsyncram:altsyncram_component|altsyncram_28i1:auto_generated|ram_block1a27~porta_we_reg       ; pll|altpll_component|auto_generated|pll1|clk[1] ; pll|altpll_component|auto_generated|pll1|clk[0] ; 4166.667     ; 0.062      ; 2.911      ;
; 4163.840 ; Multiplicador:multiplicador|ACC:acc|Saidas[7]  ; datamemory:Data_Memory|altsyncram:altsyncram_component|altsyncram_28i1:auto_generated|ram_block1a0~porta_we_reg        ; pll|altpll_component|auto_generated|pll1|clk[1] ; pll|altpll_component|auto_generated|pll1|clk[0] ; 4166.667     ; 0.054      ; 2.889      ;
; 4163.841 ; Multiplicador:multiplicador|ACC:acc|Saidas[20] ; datamemory:Data_Memory|altsyncram:altsyncram_component|altsyncram_28i1:auto_generated|ram_block1a9~porta_we_reg        ; pll|altpll_component|auto_generated|pll1|clk[1] ; pll|altpll_component|auto_generated|pll1|clk[0] ; 4166.667     ; 0.076      ; 2.910      ;
; 4163.845 ; Multiplicador:multiplicador|ACC:acc|Saidas[23] ; register:CTRL2|out[25]                                                                                                 ; pll|altpll_component|auto_generated|pll1|clk[1] ; pll|altpll_component|auto_generated|pll1|clk[0] ; 4166.667     ; -0.108     ; 2.702      ;
; 4163.846 ; Multiplicador:multiplicador|ACC:acc|Saidas[7]  ; datamemory:Data_Memory|altsyncram:altsyncram_component|altsyncram_28i1:auto_generated|ram_block1a27~porta_we_reg       ; pll|altpll_component|auto_generated|pll1|clk[1] ; pll|altpll_component|auto_generated|pll1|clk[0] ; 4166.667     ; 0.043      ; 2.872      ;
; 4163.850 ; Multiplicador:multiplicador|ACC:acc|Saidas[20] ; datamemory:Data_Memory|altsyncram:altsyncram_component|altsyncram_28i1:auto_generated|ram_block1a18~porta_we_reg       ; pll|altpll_component|auto_generated|pll1|clk[1] ; pll|altpll_component|auto_generated|pll1|clk[0] ; 4166.667     ; 0.067      ; 2.892      ;
; 4163.860 ; Multiplicador:multiplicador|ACC:acc|Saidas[28] ; datamemory:Data_Memory|altsyncram:altsyncram_component|altsyncram_28i1:auto_generated|ram_block1a9~porta_we_reg        ; pll|altpll_component|auto_generated|pll1|clk[1] ; pll|altpll_component|auto_generated|pll1|clk[0] ; 4166.667     ; 0.071      ; 2.886      ;
; 4163.864 ; Multiplicador:multiplicador|ACC:acc|Saidas[20] ; datamemory:Data_Memory|altsyncram:altsyncram_component|altsyncram_28i1:auto_generated|ram_block1a0~porta_we_reg        ; pll|altpll_component|auto_generated|pll1|clk[1] ; pll|altpll_component|auto_generated|pll1|clk[0] ; 4166.667     ; 0.073      ; 2.884      ;
; 4163.869 ; Multiplicador:multiplicador|ACC:acc|Saidas[28] ; datamemory:Data_Memory|altsyncram:altsyncram_component|altsyncram_28i1:auto_generated|ram_block1a18~porta_we_reg       ; pll|altpll_component|auto_generated|pll1|clk[1] ; pll|altpll_component|auto_generated|pll1|clk[0] ; 4166.667     ; 0.062      ; 2.868      ;
; 4163.870 ; Multiplicador:multiplicador|ACC:acc|Saidas[20] ; datamemory:Data_Memory|altsyncram:altsyncram_component|altsyncram_28i1:auto_generated|ram_block1a27~porta_we_reg       ; pll|altpll_component|auto_generated|pll1|clk[1] ; pll|altpll_component|auto_generated|pll1|clk[0] ; 4166.667     ; 0.062      ; 2.867      ;
; 4163.871 ; Multiplicador:multiplicador|ACC:acc|Saidas[27] ; datamemory:Data_Memory|altsyncram:altsyncram_component|altsyncram_28i1:auto_generated|ram_block1a9~porta_we_reg        ; pll|altpll_component|auto_generated|pll1|clk[1] ; pll|altpll_component|auto_generated|pll1|clk[0] ; 4166.667     ; 0.071      ; 2.875      ;
; 4163.880 ; Multiplicador:multiplicador|ACC:acc|Saidas[27] ; datamemory:Data_Memory|altsyncram:altsyncram_component|altsyncram_28i1:auto_generated|ram_block1a18~porta_we_reg       ; pll|altpll_component|auto_generated|pll1|clk[1] ; pll|altpll_component|auto_generated|pll1|clk[0] ; 4166.667     ; 0.062      ; 2.857      ;
; 4163.881 ; Multiplicador:multiplicador|ACC:acc|Saidas[9]  ; datamemory:Data_Memory|altsyncram:altsyncram_component|altsyncram_28i1:auto_generated|ram_block1a9~porta_we_reg        ; pll|altpll_component|auto_generated|pll1|clk[1] ; pll|altpll_component|auto_generated|pll1|clk[0] ; 4166.667     ; 0.057      ; 2.851      ;
; 4163.883 ; Multiplicador:multiplicador|ACC:acc|Saidas[28] ; datamemory:Data_Memory|altsyncram:altsyncram_component|altsyncram_28i1:auto_generated|ram_block1a0~porta_we_reg        ; pll|altpll_component|auto_generated|pll1|clk[1] ; pll|altpll_component|auto_generated|pll1|clk[0] ; 4166.667     ; 0.068      ; 2.860      ;
; 4163.889 ; Multiplicador:multiplicador|ACC:acc|Saidas[28] ; datamemory:Data_Memory|altsyncram:altsyncram_component|altsyncram_28i1:auto_generated|ram_block1a27~porta_we_reg       ; pll|altpll_component|auto_generated|pll1|clk[1] ; pll|altpll_component|auto_generated|pll1|clk[0] ; 4166.667     ; 0.057      ; 2.843      ;
; 4163.890 ; Multiplicador:multiplicador|ACC:acc|Saidas[9]  ; datamemory:Data_Memory|altsyncram:altsyncram_component|altsyncram_28i1:auto_generated|ram_block1a18~porta_we_reg       ; pll|altpll_component|auto_generated|pll1|clk[1] ; pll|altpll_component|auto_generated|pll1|clk[0] ; 4166.667     ; 0.048      ; 2.833      ;
; 4163.892 ; Multiplicador:multiplicador|ACC:acc|Saidas[26] ; datamemory:Data_Memory|altsyncram:altsyncram_component|altsyncram_28i1:auto_generated|ram_block1a9~porta_we_reg        ; pll|altpll_component|auto_generated|pll1|clk[1] ; pll|altpll_component|auto_generated|pll1|clk[0] ; 4166.667     ; 0.071      ; 2.854      ;
; 4163.894 ; Multiplicador:multiplicador|ACC:acc|Saidas[27] ; datamemory:Data_Memory|altsyncram:altsyncram_component|altsyncram_28i1:auto_generated|ram_block1a0~porta_we_reg        ; pll|altpll_component|auto_generated|pll1|clk[1] ; pll|altpll_component|auto_generated|pll1|clk[0] ; 4166.667     ; 0.068      ; 2.849      ;
; 4163.900 ; Multiplicador:multiplicador|ACC:acc|Saidas[27] ; datamemory:Data_Memory|altsyncram:altsyncram_component|altsyncram_28i1:auto_generated|ram_block1a27~porta_we_reg       ; pll|altpll_component|auto_generated|pll1|clk[1] ; pll|altpll_component|auto_generated|pll1|clk[0] ; 4166.667     ; 0.057      ; 2.832      ;
; 4163.901 ; Multiplicador:multiplicador|ACC:acc|Saidas[26] ; datamemory:Data_Memory|altsyncram:altsyncram_component|altsyncram_28i1:auto_generated|ram_block1a18~porta_we_reg       ; pll|altpll_component|auto_generated|pll1|clk[1] ; pll|altpll_component|auto_generated|pll1|clk[0] ; 4166.667     ; 0.062      ; 2.836      ;
; 4163.904 ; Multiplicador:multiplicador|ACC:acc|Saidas[9]  ; datamemory:Data_Memory|altsyncram:altsyncram_component|altsyncram_28i1:auto_generated|ram_block1a0~porta_we_reg        ; pll|altpll_component|auto_generated|pll1|clk[1] ; pll|altpll_component|auto_generated|pll1|clk[0] ; 4166.667     ; 0.054      ; 2.825      ;
; 4163.907 ; Multiplicador:multiplicador|ACC:acc|Saidas[3]  ; datamemory:Data_Memory|altsyncram:altsyncram_component|altsyncram_28i1:auto_generated|ram_block1a9~porta_we_reg        ; pll|altpll_component|auto_generated|pll1|clk[1] ; pll|altpll_component|auto_generated|pll1|clk[0] ; 4166.667     ; 0.064      ; 2.832      ;
; 4163.910 ; Multiplicador:multiplicador|ACC:acc|Saidas[9]  ; datamemory:Data_Memory|altsyncram:altsyncram_component|altsyncram_28i1:auto_generated|ram_block1a27~porta_we_reg       ; pll|altpll_component|auto_generated|pll1|clk[1] ; pll|altpll_component|auto_generated|pll1|clk[0] ; 4166.667     ; 0.043      ; 2.808      ;
; 4163.915 ; Multiplicador:multiplicador|ACC:acc|Saidas[26] ; datamemory:Data_Memory|altsyncram:altsyncram_component|altsyncram_28i1:auto_generated|ram_block1a0~porta_we_reg        ; pll|altpll_component|auto_generated|pll1|clk[1] ; pll|altpll_component|auto_generated|pll1|clk[0] ; 4166.667     ; 0.068      ; 2.828      ;
; 4163.916 ; Multiplicador:multiplicador|ACC:acc|Saidas[4]  ; datamemory:Data_Memory|altsyncram:altsyncram_component|altsyncram_28i1:auto_generated|ram_block1a9~porta_we_reg        ; pll|altpll_component|auto_generated|pll1|clk[1] ; pll|altpll_component|auto_generated|pll1|clk[0] ; 4166.667     ; 0.064      ; 2.823      ;
; 4163.916 ; Multiplicador:multiplicador|ACC:acc|Saidas[3]  ; datamemory:Data_Memory|altsyncram:altsyncram_component|altsyncram_28i1:auto_generated|ram_block1a18~porta_we_reg       ; pll|altpll_component|auto_generated|pll1|clk[1] ; pll|altpll_component|auto_generated|pll1|clk[0] ; 4166.667     ; 0.055      ; 2.814      ;
; 4163.921 ; Multiplicador:multiplicador|ACC:acc|Saidas[15] ; register:CTRL2|out[25]                                                                                                 ; pll|altpll_component|auto_generated|pll1|clk[1] ; pll|altpll_component|auto_generated|pll1|clk[0] ; 4166.667     ; -0.122     ; 2.612      ;
; 4163.921 ; Multiplicador:multiplicador|ACC:acc|Saidas[24] ; datamemory:Data_Memory|altsyncram:altsyncram_component|altsyncram_28i1:auto_generated|ram_block1a9~porta_we_reg        ; pll|altpll_component|auto_generated|pll1|clk[1] ; pll|altpll_component|auto_generated|pll1|clk[0] ; 4166.667     ; 0.071      ; 2.825      ;
; 4163.921 ; Multiplicador:multiplicador|ACC:acc|Saidas[26] ; datamemory:Data_Memory|altsyncram:altsyncram_component|altsyncram_28i1:auto_generated|ram_block1a27~porta_we_reg       ; pll|altpll_component|auto_generated|pll1|clk[1] ; pll|altpll_component|auto_generated|pll1|clk[0] ; 4166.667     ; 0.057      ; 2.811      ;
; 4163.922 ; Multiplicador:multiplicador|ACC:acc|Saidas[2]  ; datamemory:Data_Memory|altsyncram:altsyncram_component|altsyncram_28i1:auto_generated|ram_block1a18~porta_address_reg0 ; pll|altpll_component|auto_generated|pll1|clk[1] ; pll|altpll_component|auto_generated|pll1|clk[0] ; 4166.667     ; 0.055      ; 2.808      ;
+----------+------------------------------------------------+------------------------------------------------------------------------------------------------------------------------+-------------------------------------------------+-------------------------------------------------+--------------+------------+------------+


+------------------------------------------------------------------------------------------------------------------------------------------------------------------------------------------------------------------------------------------------+
; Fast 1200mV -40C Model Setup: 'pll|altpll_component|auto_generated|pll1|clk[1]'                                                                                                                                                                ;
+----------+---------------------------------+------------------------------------------------------+-------------------------------------------------+-------------------------------------------------+--------------+------------+------------+
; Slack    ; From Node                       ; To Node                                              ; Launch Clock                                    ; Latch Clock                                     ; Relationship ; Clock Skew ; Data Delay ;
+----------+---------------------------------+------------------------------------------------------+-------------------------------------------------+-------------------------------------------------+--------------+------------+------------+
; 4163.759 ; registerfile:RegisterFile|B[8]  ; Multiplicador:multiplicador|ACC:acc|Saidas[31]       ; pll|altpll_component|auto_generated|pll1|clk[0] ; pll|altpll_component|auto_generated|pll1|clk[1] ; 4166.666     ; -0.101     ; 2.794      ;
; 4163.828 ; registerfile:RegisterFile|B[8]  ; Multiplicador:multiplicador|ACC:acc|Saidas[30]       ; pll|altpll_component|auto_generated|pll1|clk[0] ; pll|altpll_component|auto_generated|pll1|clk[1] ; 4166.666     ; -0.101     ; 2.725      ;
; 4163.829 ; registerfile:RegisterFile|B[8]  ; Multiplicador:multiplicador|ACC:acc|Saidas[32]       ; pll|altpll_component|auto_generated|pll1|clk[0] ; pll|altpll_component|auto_generated|pll1|clk[1] ; 4166.666     ; -0.101     ; 2.724      ;
; 4163.863 ; registerfile:RegisterFile|B[8]  ; Multiplicador:multiplicador|ACC:acc|Saidas[29]       ; pll|altpll_component|auto_generated|pll1|clk[0] ; pll|altpll_component|auto_generated|pll1|clk[1] ; 4166.666     ; -0.101     ; 2.690      ;
; 4163.928 ; register:CTRL1|out[5]           ; Multiplicador:multiplicador|ACC:acc|Saidas[26]       ; pll|altpll_component|auto_generated|pll1|clk[0] ; pll|altpll_component|auto_generated|pll1|clk[1] ; 4166.666     ; -0.127     ; 2.599      ;
; 4163.940 ; register:CTRL1|out[5]           ; Multiplicador:multiplicador|ACC:acc|Saidas[25]       ; pll|altpll_component|auto_generated|pll1|clk[0] ; pll|altpll_component|auto_generated|pll1|clk[1] ; 4166.666     ; -0.127     ; 2.587      ;
; 4163.944 ; registerfile:RegisterFile|B[8]  ; Multiplicador:multiplicador|ACC:acc|Saidas[27]       ; pll|altpll_component|auto_generated|pll1|clk[0] ; pll|altpll_component|auto_generated|pll1|clk[1] ; 4166.666     ; -0.101     ; 2.609      ;
; 4163.956 ; registerfile:RegisterFile|B[8]  ; Multiplicador:multiplicador|ACC:acc|Saidas[28]       ; pll|altpll_component|auto_generated|pll1|clk[0] ; pll|altpll_component|auto_generated|pll1|clk[1] ; 4166.666     ; -0.101     ; 2.597      ;
; 4164.006 ; register:CTRL1|out[5]           ; Multiplicador:multiplicador|ACC:acc|Saidas[3]        ; pll|altpll_component|auto_generated|pll1|clk[0] ; pll|altpll_component|auto_generated|pll1|clk[1] ; 4166.666     ; -0.120     ; 2.528      ;
; 4164.006 ; register:CTRL1|out[5]           ; Multiplicador:multiplicador|ACC:acc|Saidas[5]        ; pll|altpll_component|auto_generated|pll1|clk[0] ; pll|altpll_component|auto_generated|pll1|clk[1] ; 4166.666     ; -0.120     ; 2.528      ;
; 4164.006 ; register:CTRL1|out[5]           ; Multiplicador:multiplicador|ACC:acc|Saidas[6]        ; pll|altpll_component|auto_generated|pll1|clk[0] ; pll|altpll_component|auto_generated|pll1|clk[1] ; 4166.666     ; -0.120     ; 2.528      ;
; 4164.006 ; register:CTRL1|out[5]           ; Multiplicador:multiplicador|ACC:acc|Saidas[4]        ; pll|altpll_component|auto_generated|pll1|clk[0] ; pll|altpll_component|auto_generated|pll1|clk[1] ; 4166.666     ; -0.120     ; 2.528      ;
; 4164.006 ; register:CTRL1|out[5]           ; Multiplicador:multiplicador|ACC:acc|Saidas[2]        ; pll|altpll_component|auto_generated|pll1|clk[0] ; pll|altpll_component|auto_generated|pll1|clk[1] ; 4166.666     ; -0.120     ; 2.528      ;
; 4164.019 ; registerfile:RegisterFile|B[8]  ; Multiplicador:multiplicador|ACC:acc|Saidas[26]       ; pll|altpll_component|auto_generated|pll1|clk[0] ; pll|altpll_component|auto_generated|pll1|clk[1] ; 4166.666     ; -0.101     ; 2.534      ;
; 4164.025 ; register:CTRL1|out[5]           ; Multiplicador:multiplicador|ACC:acc|Saidas[1]        ; pll|altpll_component|auto_generated|pll1|clk[0] ; pll|altpll_component|auto_generated|pll1|clk[1] ; 4166.666     ; -0.122     ; 2.507      ;
; 4164.025 ; register:CTRL1|out[5]           ; Multiplicador:multiplicador|ACC:acc|Saidas[0]        ; pll|altpll_component|auto_generated|pll1|clk[0] ; pll|altpll_component|auto_generated|pll1|clk[1] ; 4166.666     ; -0.122     ; 2.507      ;
; 4164.053 ; registerfile:RegisterFile|B[6]  ; Multiplicador:multiplicador|ACC:acc|Saidas[31]       ; pll|altpll_component|auto_generated|pll1|clk[0] ; pll|altpll_component|auto_generated|pll1|clk[1] ; 4166.666     ; -0.101     ; 2.500      ;
; 4164.080 ; registerfile:RegisterFile|B[3]  ; Multiplicador:multiplicador|ACC:acc|Saidas[31]       ; pll|altpll_component|auto_generated|pll1|clk[0] ; pll|altpll_component|auto_generated|pll1|clk[1] ; 4166.666     ; -0.130     ; 2.444      ;
; 4164.095 ; register:CTRL1|out[5]           ; Multiplicador:multiplicador|ACC:acc|Saidas[22]       ; pll|altpll_component|auto_generated|pll1|clk[0] ; pll|altpll_component|auto_generated|pll1|clk[1] ; 4166.666     ; -0.131     ; 2.428      ;
; 4164.104 ; register:CTRL1|out[5]           ; Multiplicador:multiplicador|ACC:acc|Saidas[19]       ; pll|altpll_component|auto_generated|pll1|clk[0] ; pll|altpll_component|auto_generated|pll1|clk[1] ; 4166.666     ; -0.131     ; 2.419      ;
; 4164.105 ; register:CTRL1|out[5]           ; Multiplicador:multiplicador|ACC:acc|Saidas[21]       ; pll|altpll_component|auto_generated|pll1|clk[0] ; pll|altpll_component|auto_generated|pll1|clk[1] ; 4166.666     ; -0.131     ; 2.418      ;
; 4164.106 ; register:CTRL1|out[5]           ; Multiplicador:multiplicador|ACC:acc|Saidas[18]       ; pll|altpll_component|auto_generated|pll1|clk[0] ; pll|altpll_component|auto_generated|pll1|clk[1] ; 4166.666     ; -0.131     ; 2.417      ;
; 4164.122 ; registerfile:RegisterFile|B[6]  ; Multiplicador:multiplicador|ACC:acc|Saidas[30]       ; pll|altpll_component|auto_generated|pll1|clk[0] ; pll|altpll_component|auto_generated|pll1|clk[1] ; 4166.666     ; -0.101     ; 2.431      ;
; 4164.123 ; registerfile:RegisterFile|B[6]  ; Multiplicador:multiplicador|ACC:acc|Saidas[32]       ; pll|altpll_component|auto_generated|pll1|clk[0] ; pll|altpll_component|auto_generated|pll1|clk[1] ; 4166.666     ; -0.101     ; 2.430      ;
; 4164.128 ; register:CTRL1|out[5]           ; Multiplicador:multiplicador|ACC:acc|Saidas[31]       ; pll|altpll_component|auto_generated|pll1|clk[0] ; pll|altpll_component|auto_generated|pll1|clk[1] ; 4166.666     ; -0.127     ; 2.399      ;
; 4164.130 ; register:CTRL1|out[5]           ; Multiplicador:multiplicador|ACC:acc|Saidas[23]       ; pll|altpll_component|auto_generated|pll1|clk[0] ; pll|altpll_component|auto_generated|pll1|clk[1] ; 4166.666     ; -0.127     ; 2.397      ;
; 4164.131 ; register:CTRL1|out[5]           ; Multiplicador:multiplicador|ACC:acc|Saidas[30]       ; pll|altpll_component|auto_generated|pll1|clk[0] ; pll|altpll_component|auto_generated|pll1|clk[1] ; 4166.666     ; -0.127     ; 2.396      ;
; 4164.149 ; registerfile:RegisterFile|B[3]  ; Multiplicador:multiplicador|ACC:acc|Saidas[30]       ; pll|altpll_component|auto_generated|pll1|clk[0] ; pll|altpll_component|auto_generated|pll1|clk[1] ; 4166.666     ; -0.130     ; 2.375      ;
; 4164.150 ; registerfile:RegisterFile|B[3]  ; Multiplicador:multiplicador|ACC:acc|Saidas[32]       ; pll|altpll_component|auto_generated|pll1|clk[0] ; pll|altpll_component|auto_generated|pll1|clk[1] ; 4166.666     ; -0.130     ; 2.374      ;
; 4164.151 ; registerfile:RegisterFile|B[8]  ; Multiplicador:multiplicador|ACC:acc|Saidas[25]       ; pll|altpll_component|auto_generated|pll1|clk[0] ; pll|altpll_component|auto_generated|pll1|clk[1] ; 4166.666     ; -0.101     ; 2.402      ;
; 4164.157 ; registerfile:RegisterFile|B[6]  ; Multiplicador:multiplicador|ACC:acc|Saidas[29]       ; pll|altpll_component|auto_generated|pll1|clk[0] ; pll|altpll_component|auto_generated|pll1|clk[1] ; 4166.666     ; -0.101     ; 2.396      ;
; 4164.171 ; registerfile:RegisterFile|B[8]  ; Multiplicador:multiplicador|ACC:acc|Saidas[24]       ; pll|altpll_component|auto_generated|pll1|clk[0] ; pll|altpll_component|auto_generated|pll1|clk[1] ; 4166.666     ; -0.101     ; 2.382      ;
; 4164.184 ; registerfile:RegisterFile|B[3]  ; Multiplicador:multiplicador|ACC:acc|Saidas[29]       ; pll|altpll_component|auto_generated|pll1|clk[0] ; pll|altpll_component|auto_generated|pll1|clk[1] ; 4166.666     ; -0.130     ; 2.340      ;
; 4164.234 ; register:CTRL1|out[5]           ; Multiplicador:multiplicador|ACC:acc|Saidas[32]       ; pll|altpll_component|auto_generated|pll1|clk[0] ; pll|altpll_component|auto_generated|pll1|clk[1] ; 4166.666     ; -0.127     ; 2.293      ;
; 4164.238 ; registerfile:RegisterFile|B[6]  ; Multiplicador:multiplicador|ACC:acc|Saidas[27]       ; pll|altpll_component|auto_generated|pll1|clk[0] ; pll|altpll_component|auto_generated|pll1|clk[1] ; 4166.666     ; -0.101     ; 2.315      ;
; 4164.244 ; register:CTRL1|out[5]           ; Multiplicador:multiplicador|ACC:acc|Saidas[9]        ; pll|altpll_component|auto_generated|pll1|clk[0] ; pll|altpll_component|auto_generated|pll1|clk[1] ; 4166.666     ; -0.113     ; 2.297      ;
; 4164.244 ; register:CTRL1|out[5]           ; Multiplicador:multiplicador|ACC:acc|Saidas[10]       ; pll|altpll_component|auto_generated|pll1|clk[0] ; pll|altpll_component|auto_generated|pll1|clk[1] ; 4166.666     ; -0.113     ; 2.297      ;
; 4164.244 ; register:CTRL1|out[5]           ; Multiplicador:multiplicador|ACC:acc|Saidas[14]       ; pll|altpll_component|auto_generated|pll1|clk[0] ; pll|altpll_component|auto_generated|pll1|clk[1] ; 4166.666     ; -0.113     ; 2.297      ;
; 4164.244 ; register:CTRL1|out[5]           ; Multiplicador:multiplicador|ACC:acc|Saidas[13]       ; pll|altpll_component|auto_generated|pll1|clk[0] ; pll|altpll_component|auto_generated|pll1|clk[1] ; 4166.666     ; -0.113     ; 2.297      ;
; 4164.244 ; register:CTRL1|out[5]           ; Multiplicador:multiplicador|ACC:acc|Saidas[12]       ; pll|altpll_component|auto_generated|pll1|clk[0] ; pll|altpll_component|auto_generated|pll1|clk[1] ; 4166.666     ; -0.113     ; 2.297      ;
; 4164.244 ; register:CTRL1|out[5]           ; Multiplicador:multiplicador|ACC:acc|Saidas[15]       ; pll|altpll_component|auto_generated|pll1|clk[0] ; pll|altpll_component|auto_generated|pll1|clk[1] ; 4166.666     ; -0.113     ; 2.297      ;
; 4164.244 ; register:CTRL1|out[5]           ; Multiplicador:multiplicador|ACC:acc|Saidas[11]       ; pll|altpll_component|auto_generated|pll1|clk[0] ; pll|altpll_component|auto_generated|pll1|clk[1] ; 4166.666     ; -0.113     ; 2.297      ;
; 4164.244 ; register:CTRL1|out[5]           ; Multiplicador:multiplicador|ACC:acc|Saidas[8]        ; pll|altpll_component|auto_generated|pll1|clk[0] ; pll|altpll_component|auto_generated|pll1|clk[1] ; 4166.666     ; -0.113     ; 2.297      ;
; 4164.244 ; register:CTRL1|out[5]           ; Multiplicador:multiplicador|ACC:acc|Saidas[7]        ; pll|altpll_component|auto_generated|pll1|clk[0] ; pll|altpll_component|auto_generated|pll1|clk[1] ; 4166.666     ; -0.113     ; 2.297      ;
; 4164.250 ; registerfile:RegisterFile|B[6]  ; Multiplicador:multiplicador|ACC:acc|Saidas[28]       ; pll|altpll_component|auto_generated|pll1|clk[0] ; pll|altpll_component|auto_generated|pll1|clk[1] ; 4166.666     ; -0.101     ; 2.303      ;
; 4164.257 ; register:CTRL1|out[5]           ; Multiplicador:multiplicador|ACC:acc|Saidas[20]       ; pll|altpll_component|auto_generated|pll1|clk[0] ; pll|altpll_component|auto_generated|pll1|clk[1] ; 4166.666     ; -0.131     ; 2.266      ;
; 4164.258 ; register:CTRL1|out[5]           ; Multiplicador:multiplicador|ACC:acc|Saidas[17]       ; pll|altpll_component|auto_generated|pll1|clk[0] ; pll|altpll_component|auto_generated|pll1|clk[1] ; 4166.666     ; -0.131     ; 2.265      ;
; 4164.259 ; registerfile:RegisterFile|B[10] ; Multiplicador:multiplicador|ACC:acc|Saidas[31]       ; pll|altpll_component|auto_generated|pll1|clk[0] ; pll|altpll_component|auto_generated|pll1|clk[1] ; 4166.666     ; -0.108     ; 2.287      ;
; 4164.260 ; register:CTRL1|out[5]           ; Multiplicador:multiplicador|ACC:acc|Saidas[16]       ; pll|altpll_component|auto_generated|pll1|clk[0] ; pll|altpll_component|auto_generated|pll1|clk[1] ; 4166.666     ; -0.131     ; 2.263      ;
; 4164.260 ; registerfile:RegisterFile|B[6]  ; Multiplicador:multiplicador|ACC:acc|Saidas[23]       ; pll|altpll_component|auto_generated|pll1|clk[0] ; pll|altpll_component|auto_generated|pll1|clk[1] ; 4166.666     ; -0.101     ; 2.293      ;
; 4164.265 ; registerfile:RegisterFile|B[3]  ; Multiplicador:multiplicador|ACC:acc|Saidas[27]       ; pll|altpll_component|auto_generated|pll1|clk[0] ; pll|altpll_component|auto_generated|pll1|clk[1] ; 4166.666     ; -0.130     ; 2.259      ;
; 4164.277 ; registerfile:RegisterFile|B[3]  ; Multiplicador:multiplicador|ACC:acc|Saidas[28]       ; pll|altpll_component|auto_generated|pll1|clk[0] ; pll|altpll_component|auto_generated|pll1|clk[1] ; 4166.666     ; -0.130     ; 2.247      ;
; 4164.287 ; registerfile:RegisterFile|B[3]  ; Multiplicador:multiplicador|ACC:acc|Saidas[23]       ; pll|altpll_component|auto_generated|pll1|clk[0] ; pll|altpll_component|auto_generated|pll1|clk[1] ; 4166.666     ; -0.130     ; 2.237      ;
; 4164.292 ; registerfile:RegisterFile|B[6]  ; Multiplicador:multiplicador|ACC:acc|Saidas[24]       ; pll|altpll_component|auto_generated|pll1|clk[0] ; pll|altpll_component|auto_generated|pll1|clk[1] ; 4166.666     ; -0.101     ; 2.261      ;
; 4164.292 ; register:CTRL1|out[5]           ; Multiplicador:multiplicador|ACC:acc|Saidas[24]       ; pll|altpll_component|auto_generated|pll1|clk[0] ; pll|altpll_component|auto_generated|pll1|clk[1] ; 4166.666     ; -0.127     ; 2.235      ;
; 4164.294 ; register:CTRL1|out[5]           ; Multiplicador:multiplicador|ACC:acc|Saidas[29]       ; pll|altpll_component|auto_generated|pll1|clk[0] ; pll|altpll_component|auto_generated|pll1|clk[1] ; 4166.666     ; -0.127     ; 2.233      ;
; 4164.294 ; register:CTRL1|out[5]           ; Multiplicador:multiplicador|ACC:acc|Saidas[28]       ; pll|altpll_component|auto_generated|pll1|clk[0] ; pll|altpll_component|auto_generated|pll1|clk[1] ; 4166.666     ; -0.127     ; 2.233      ;
; 4164.294 ; register:CTRL1|out[5]           ; Multiplicador:multiplicador|ACC:acc|Saidas[27]       ; pll|altpll_component|auto_generated|pll1|clk[0] ; pll|altpll_component|auto_generated|pll1|clk[1] ; 4166.666     ; -0.127     ; 2.233      ;
; 4164.297 ; registerfile:RegisterFile|B[5]  ; Multiplicador:multiplicador|ACC:acc|Saidas[31]       ; pll|altpll_component|auto_generated|pll1|clk[0] ; pll|altpll_component|auto_generated|pll1|clk[1] ; 4166.666     ; -0.130     ; 2.227      ;
; 4164.313 ; registerfile:RegisterFile|B[6]  ; Multiplicador:multiplicador|ACC:acc|Saidas[26]       ; pll|altpll_component|auto_generated|pll1|clk[0] ; pll|altpll_component|auto_generated|pll1|clk[1] ; 4166.666     ; -0.101     ; 2.240      ;
; 4164.319 ; registerfile:RegisterFile|B[3]  ; Multiplicador:multiplicador|ACC:acc|Saidas[24]       ; pll|altpll_component|auto_generated|pll1|clk[0] ; pll|altpll_component|auto_generated|pll1|clk[1] ; 4166.666     ; -0.130     ; 2.205      ;
; 4164.328 ; registerfile:RegisterFile|B[10] ; Multiplicador:multiplicador|ACC:acc|Saidas[30]       ; pll|altpll_component|auto_generated|pll1|clk[0] ; pll|altpll_component|auto_generated|pll1|clk[1] ; 4166.666     ; -0.108     ; 2.218      ;
; 4164.329 ; registerfile:RegisterFile|B[10] ; Multiplicador:multiplicador|ACC:acc|Saidas[32]       ; pll|altpll_component|auto_generated|pll1|clk[0] ; pll|altpll_component|auto_generated|pll1|clk[1] ; 4166.666     ; -0.108     ; 2.217      ;
; 4164.340 ; registerfile:RegisterFile|B[3]  ; Multiplicador:multiplicador|ACC:acc|Saidas[26]       ; pll|altpll_component|auto_generated|pll1|clk[0] ; pll|altpll_component|auto_generated|pll1|clk[1] ; 4166.666     ; -0.130     ; 2.184      ;
; 4164.351 ; registerfile:RegisterFile|B[7]  ; Multiplicador:multiplicador|ACC:acc|Saidas[31]       ; pll|altpll_component|auto_generated|pll1|clk[0] ; pll|altpll_component|auto_generated|pll1|clk[1] ; 4166.666     ; -0.123     ; 2.180      ;
; 4164.363 ; registerfile:RegisterFile|B[10] ; Multiplicador:multiplicador|ACC:acc|Saidas[29]       ; pll|altpll_component|auto_generated|pll1|clk[0] ; pll|altpll_component|auto_generated|pll1|clk[1] ; 4166.666     ; -0.108     ; 2.183      ;
; 4164.366 ; registerfile:RegisterFile|B[5]  ; Multiplicador:multiplicador|ACC:acc|Saidas[30]       ; pll|altpll_component|auto_generated|pll1|clk[0] ; pll|altpll_component|auto_generated|pll1|clk[1] ; 4166.666     ; -0.130     ; 2.158      ;
; 4164.367 ; registerfile:RegisterFile|B[5]  ; Multiplicador:multiplicador|ACC:acc|Saidas[32]       ; pll|altpll_component|auto_generated|pll1|clk[0] ; pll|altpll_component|auto_generated|pll1|clk[1] ; 4166.666     ; -0.130     ; 2.157      ;
; 4164.371 ; registerfile:RegisterFile|B[14] ; Multiplicador:multiplicador|ACC:acc|Saidas[31]       ; pll|altpll_component|auto_generated|pll1|clk[0] ; pll|altpll_component|auto_generated|pll1|clk[1] ; 4166.666     ; -0.108     ; 2.175      ;
; 4164.372 ; registerfile:RegisterFile|B[13] ; Multiplicador:multiplicador|ACC:acc|Saidas[31]       ; pll|altpll_component|auto_generated|pll1|clk[0] ; pll|altpll_component|auto_generated|pll1|clk[1] ; 4166.666     ; -0.127     ; 2.155      ;
; 4164.394 ; registerfile:RegisterFile|B[1]  ; Multiplicador:multiplicador|ACC:acc|Saidas[31]       ; pll|altpll_component|auto_generated|pll1|clk[0] ; pll|altpll_component|auto_generated|pll1|clk[1] ; 4166.666     ; -0.118     ; 2.142      ;
; 4164.401 ; registerfile:RegisterFile|B[5]  ; Multiplicador:multiplicador|ACC:acc|Saidas[29]       ; pll|altpll_component|auto_generated|pll1|clk[0] ; pll|altpll_component|auto_generated|pll1|clk[1] ; 4166.666     ; -0.130     ; 2.123      ;
; 4164.417 ; register:CTRL1|out[5]           ; Multiplicador:multiplicador|Counter:counter|count[4] ; pll|altpll_component|auto_generated|pll1|clk[0] ; pll|altpll_component|auto_generated|pll1|clk[1] ; 4166.666     ; -0.122     ; 2.115      ;
; 4164.417 ; register:CTRL1|out[5]           ; Multiplicador:multiplicador|Counter:counter|count[0] ; pll|altpll_component|auto_generated|pll1|clk[0] ; pll|altpll_component|auto_generated|pll1|clk[1] ; 4166.666     ; -0.122     ; 2.115      ;
; 4164.417 ; register:CTRL1|out[5]           ; Multiplicador:multiplicador|Counter:counter|count[2] ; pll|altpll_component|auto_generated|pll1|clk[0] ; pll|altpll_component|auto_generated|pll1|clk[1] ; 4166.666     ; -0.122     ; 2.115      ;
; 4164.417 ; register:CTRL1|out[5]           ; Multiplicador:multiplicador|Counter:counter|count[1] ; pll|altpll_component|auto_generated|pll1|clk[0] ; pll|altpll_component|auto_generated|pll1|clk[1] ; 4166.666     ; -0.122     ; 2.115      ;
; 4164.417 ; register:CTRL1|out[5]           ; Multiplicador:multiplicador|Counter:counter|count[3] ; pll|altpll_component|auto_generated|pll1|clk[0] ; pll|altpll_component|auto_generated|pll1|clk[1] ; 4166.666     ; -0.122     ; 2.115      ;
; 4164.420 ; registerfile:RegisterFile|B[7]  ; Multiplicador:multiplicador|ACC:acc|Saidas[30]       ; pll|altpll_component|auto_generated|pll1|clk[0] ; pll|altpll_component|auto_generated|pll1|clk[1] ; 4166.666     ; -0.123     ; 2.111      ;
; 4164.421 ; registerfile:RegisterFile|B[7]  ; Multiplicador:multiplicador|ACC:acc|Saidas[32]       ; pll|altpll_component|auto_generated|pll1|clk[0] ; pll|altpll_component|auto_generated|pll1|clk[1] ; 4166.666     ; -0.123     ; 2.110      ;
; 4164.426 ; registerfile:RegisterFile|B[2]  ; Multiplicador:multiplicador|ACC:acc|Saidas[31]       ; pll|altpll_component|auto_generated|pll1|clk[0] ; pll|altpll_component|auto_generated|pll1|clk[1] ; 4166.666     ; -0.096     ; 2.132      ;
; 4164.441 ; registerfile:RegisterFile|B[13] ; Multiplicador:multiplicador|ACC:acc|Saidas[30]       ; pll|altpll_component|auto_generated|pll1|clk[0] ; pll|altpll_component|auto_generated|pll1|clk[1] ; 4166.666     ; -0.127     ; 2.086      ;
; 4164.441 ; registerfile:RegisterFile|B[14] ; Multiplicador:multiplicador|ACC:acc|Saidas[32]       ; pll|altpll_component|auto_generated|pll1|clk[0] ; pll|altpll_component|auto_generated|pll1|clk[1] ; 4166.666     ; -0.108     ; 2.105      ;
; 4164.442 ; registerfile:RegisterFile|B[13] ; Multiplicador:multiplicador|ACC:acc|Saidas[32]       ; pll|altpll_component|auto_generated|pll1|clk[0] ; pll|altpll_component|auto_generated|pll1|clk[1] ; 4166.666     ; -0.127     ; 2.085      ;
; 4164.444 ; registerfile:RegisterFile|B[10] ; Multiplicador:multiplicador|ACC:acc|Saidas[27]       ; pll|altpll_component|auto_generated|pll1|clk[0] ; pll|altpll_component|auto_generated|pll1|clk[1] ; 4166.666     ; -0.108     ; 2.102      ;
; 4164.445 ; registerfile:RegisterFile|B[6]  ; Multiplicador:multiplicador|ACC:acc|Saidas[25]       ; pll|altpll_component|auto_generated|pll1|clk[0] ; pll|altpll_component|auto_generated|pll1|clk[1] ; 4166.666     ; -0.101     ; 2.108      ;
; 4164.453 ; registerfile:RegisterFile|B[3]  ; Multiplicador:multiplicador|ACC:acc|Saidas[20]       ; pll|altpll_component|auto_generated|pll1|clk[0] ; pll|altpll_component|auto_generated|pll1|clk[1] ; 4166.666     ; -0.134     ; 2.067      ;
; 4164.455 ; registerfile:RegisterFile|B[7]  ; Multiplicador:multiplicador|ACC:acc|Saidas[29]       ; pll|altpll_component|auto_generated|pll1|clk[0] ; pll|altpll_component|auto_generated|pll1|clk[1] ; 4166.666     ; -0.123     ; 2.076      ;
; 4164.456 ; registerfile:RegisterFile|B[10] ; Multiplicador:multiplicador|ACC:acc|Saidas[28]       ; pll|altpll_component|auto_generated|pll1|clk[0] ; pll|altpll_component|auto_generated|pll1|clk[1] ; 4166.666     ; -0.108     ; 2.090      ;
; 4164.463 ; registerfile:RegisterFile|B[1]  ; Multiplicador:multiplicador|ACC:acc|Saidas[30]       ; pll|altpll_component|auto_generated|pll1|clk[0] ; pll|altpll_component|auto_generated|pll1|clk[1] ; 4166.666     ; -0.118     ; 2.073      ;
; 4164.464 ; registerfile:RegisterFile|B[1]  ; Multiplicador:multiplicador|ACC:acc|Saidas[32]       ; pll|altpll_component|auto_generated|pll1|clk[0] ; pll|altpll_component|auto_generated|pll1|clk[1] ; 4166.666     ; -0.118     ; 2.072      ;
; 4164.472 ; registerfile:RegisterFile|B[3]  ; Multiplicador:multiplicador|ACC:acc|Saidas[25]       ; pll|altpll_component|auto_generated|pll1|clk[0] ; pll|altpll_component|auto_generated|pll1|clk[1] ; 4166.666     ; -0.130     ; 2.052      ;
; 4164.482 ; registerfile:RegisterFile|B[5]  ; Multiplicador:multiplicador|ACC:acc|Saidas[27]       ; pll|altpll_component|auto_generated|pll1|clk[0] ; pll|altpll_component|auto_generated|pll1|clk[1] ; 4166.666     ; -0.130     ; 2.042      ;
; 4164.487 ; registerfile:RegisterFile|B[15] ; Multiplicador:multiplicador|ACC:acc|Saidas[32]       ; pll|altpll_component|auto_generated|pll1|clk[0] ; pll|altpll_component|auto_generated|pll1|clk[1] ; 4166.666     ; -0.108     ; 2.059      ;
; 4164.494 ; registerfile:RegisterFile|B[5]  ; Multiplicador:multiplicador|ACC:acc|Saidas[28]       ; pll|altpll_component|auto_generated|pll1|clk[0] ; pll|altpll_component|auto_generated|pll1|clk[1] ; 4166.666     ; -0.130     ; 2.030      ;
; 4164.495 ; registerfile:RegisterFile|B[2]  ; Multiplicador:multiplicador|ACC:acc|Saidas[30]       ; pll|altpll_component|auto_generated|pll1|clk[0] ; pll|altpll_component|auto_generated|pll1|clk[1] ; 4166.666     ; -0.096     ; 2.063      ;
; 4164.496 ; registerfile:RegisterFile|B[2]  ; Multiplicador:multiplicador|ACC:acc|Saidas[32]       ; pll|altpll_component|auto_generated|pll1|clk[0] ; pll|altpll_component|auto_generated|pll1|clk[1] ; 4166.666     ; -0.096     ; 2.062      ;
; 4164.498 ; registerfile:RegisterFile|B[1]  ; Multiplicador:multiplicador|ACC:acc|Saidas[29]       ; pll|altpll_component|auto_generated|pll1|clk[0] ; pll|altpll_component|auto_generated|pll1|clk[1] ; 4166.666     ; -0.118     ; 2.038      ;
; 4164.504 ; registerfile:RegisterFile|B[5]  ; Multiplicador:multiplicador|ACC:acc|Saidas[23]       ; pll|altpll_component|auto_generated|pll1|clk[0] ; pll|altpll_component|auto_generated|pll1|clk[1] ; 4166.666     ; -0.130     ; 2.020      ;
; 4164.525 ; registerfile:RegisterFile|B[3]  ; Multiplicador:multiplicador|ACC:acc|Saidas[21]       ; pll|altpll_component|auto_generated|pll1|clk[0] ; pll|altpll_component|auto_generated|pll1|clk[1] ; 4166.666     ; -0.134     ; 1.995      ;
; 4164.528 ; registerfile:RegisterFile|B[11] ; Multiplicador:multiplicador|ACC:acc|Saidas[31]       ; pll|altpll_component|auto_generated|pll1|clk[0] ; pll|altpll_component|auto_generated|pll1|clk[1] ; 4166.666     ; -0.127     ; 1.999      ;
+----------+---------------------------------+------------------------------------------------------+-------------------------------------------------+-------------------------------------------------+--------------+------------+------------+


+------------------------------------------------------------------------------------------------------------------------------------------------------------------------------------------------------------------------------------------------------------------+
; Fast 1200mV -40C Model Hold: 'pll|altpll_component|auto_generated|pll1|clk[1]'                                                                                                                                                                                   ;
+-------+------------------------------------------------------+------------------------------------------------------+-------------------------------------------------+-------------------------------------------------+--------------+------------+------------+
; Slack ; From Node                                            ; To Node                                              ; Launch Clock                                    ; Latch Clock                                     ; Relationship ; Clock Skew ; Data Delay ;
+-------+------------------------------------------------------+------------------------------------------------------+-------------------------------------------------+-------------------------------------------------+--------------+------------+------------+
; 0.168 ; Multiplicador:multiplicador|CONTROL:control|state.S0 ; Multiplicador:multiplicador|CONTROL:control|state.S0 ; pll|altpll_component|auto_generated|pll1|clk[1] ; pll|altpll_component|auto_generated|pll1|clk[1] ; 0.000        ; 0.046      ; 0.296      ;
; 0.178 ; Multiplicador:multiplicador|ACC:acc|Saidas[14]       ; Multiplicador:multiplicador|ACC:acc|Saidas[13]       ; pll|altpll_component|auto_generated|pll1|clk[1] ; pll|altpll_component|auto_generated|pll1|clk[1] ; 0.000        ; 0.046      ; 0.306      ;
; 0.178 ; Multiplicador:multiplicador|ACC:acc|Saidas[6]        ; Multiplicador:multiplicador|ACC:acc|Saidas[5]        ; pll|altpll_component|auto_generated|pll1|clk[1] ; pll|altpll_component|auto_generated|pll1|clk[1] ; 0.000        ; 0.046      ; 0.306      ;
; 0.182 ; Multiplicador:multiplicador|Counter:counter|count[4] ; Multiplicador:multiplicador|Counter:counter|count[4] ; pll|altpll_component|auto_generated|pll1|clk[1] ; pll|altpll_component|auto_generated|pll1|clk[1] ; 0.000        ; 0.046      ; 0.310      ;
; 0.182 ; Multiplicador:multiplicador|CONTROL:control|state.S1 ; Multiplicador:multiplicador|CONTROL:control|state.S2 ; pll|altpll_component|auto_generated|pll1|clk[1] ; pll|altpll_component|auto_generated|pll1|clk[1] ; 0.000        ; 0.046      ; 0.310      ;
; 0.188 ; Multiplicador:multiplicador|ACC:acc|Saidas[27]       ; Multiplicador:multiplicador|ACC:acc|Saidas[26]       ; pll|altpll_component|auto_generated|pll1|clk[1] ; pll|altpll_component|auto_generated|pll1|clk[1] ; 0.000        ; 0.046      ; 0.316      ;
; 0.189 ; Multiplicador:multiplicador|ACC:acc|Saidas[20]       ; Multiplicador:multiplicador|ACC:acc|Saidas[19]       ; pll|altpll_component|auto_generated|pll1|clk[1] ; pll|altpll_component|auto_generated|pll1|clk[1] ; 0.000        ; 0.045      ; 0.316      ;
; 0.190 ; Multiplicador:multiplicador|ACC:acc|Saidas[19]       ; Multiplicador:multiplicador|ACC:acc|Saidas[18]       ; pll|altpll_component|auto_generated|pll1|clk[1] ; pll|altpll_component|auto_generated|pll1|clk[1] ; 0.000        ; 0.045      ; 0.317      ;
; 0.202 ; Multiplicador:multiplicador|CONTROL:control|state.S0 ; Multiplicador:multiplicador|Counter:counter|K        ; pll|altpll_component|auto_generated|pll1|clk[1] ; pll|altpll_component|auto_generated|pll1|clk[1] ; 0.000        ; 0.046      ; 0.330      ;
; 0.234 ; Multiplicador:multiplicador|ACC:acc|Saidas[13]       ; Multiplicador:multiplicador|ACC:acc|Saidas[12]       ; pll|altpll_component|auto_generated|pll1|clk[1] ; pll|altpll_component|auto_generated|pll1|clk[1] ; 0.000        ; 0.046      ; 0.362      ;
; 0.234 ; Multiplicador:multiplicador|ACC:acc|Saidas[15]       ; Multiplicador:multiplicador|ACC:acc|Saidas[14]       ; pll|altpll_component|auto_generated|pll1|clk[1] ; pll|altpll_component|auto_generated|pll1|clk[1] ; 0.000        ; 0.046      ; 0.362      ;
; 0.236 ; Multiplicador:multiplicador|ACC:acc|Saidas[32]       ; Multiplicador:multiplicador|ACC:acc|Saidas[31]       ; pll|altpll_component|auto_generated|pll1|clk[1] ; pll|altpll_component|auto_generated|pll1|clk[1] ; 0.000        ; 0.046      ; 0.364      ;
; 0.240 ; Multiplicador:multiplicador|ACC:acc|Saidas[8]        ; Multiplicador:multiplicador|ACC:acc|Saidas[7]        ; pll|altpll_component|auto_generated|pll1|clk[1] ; pll|altpll_component|auto_generated|pll1|clk[1] ; 0.000        ; 0.046      ; 0.368      ;
; 0.241 ; Multiplicador:multiplicador|ACC:acc|Saidas[22]       ; Multiplicador:multiplicador|ACC:acc|Saidas[21]       ; pll|altpll_component|auto_generated|pll1|clk[1] ; pll|altpll_component|auto_generated|pll1|clk[1] ; 0.000        ; 0.045      ; 0.368      ;
; 0.241 ; Multiplicador:multiplicador|ACC:acc|Saidas[4]        ; Multiplicador:multiplicador|ACC:acc|Saidas[3]        ; pll|altpll_component|auto_generated|pll1|clk[1] ; pll|altpll_component|auto_generated|pll1|clk[1] ; 0.000        ; 0.046      ; 0.369      ;
; 0.243 ; Multiplicador:multiplicador|ACC:acc|Saidas[9]        ; Multiplicador:multiplicador|ACC:acc|Saidas[8]        ; pll|altpll_component|auto_generated|pll1|clk[1] ; pll|altpll_component|auto_generated|pll1|clk[1] ; 0.000        ; 0.046      ; 0.371      ;
; 0.245 ; Multiplicador:multiplicador|ACC:acc|Saidas[26]       ; Multiplicador:multiplicador|ACC:acc|Saidas[25]       ; pll|altpll_component|auto_generated|pll1|clk[1] ; pll|altpll_component|auto_generated|pll1|clk[1] ; 0.000        ; 0.046      ; 0.373      ;
; 0.245 ; Multiplicador:multiplicador|ACC:acc|Saidas[30]       ; Multiplicador:multiplicador|ACC:acc|Saidas[29]       ; pll|altpll_component|auto_generated|pll1|clk[1] ; pll|altpll_component|auto_generated|pll1|clk[1] ; 0.000        ; 0.046      ; 0.373      ;
; 0.274 ; Multiplicador:multiplicador|Counter:counter|count[3] ; Multiplicador:multiplicador|Counter:counter|count[3] ; pll|altpll_component|auto_generated|pll1|clk[1] ; pll|altpll_component|auto_generated|pll1|clk[1] ; 0.000        ; 0.046      ; 0.402      ;
; 0.275 ; Multiplicador:multiplicador|ACC:acc|Saidas[12]       ; Multiplicador:multiplicador|ACC:acc|Saidas[11]       ; pll|altpll_component|auto_generated|pll1|clk[1] ; pll|altpll_component|auto_generated|pll1|clk[1] ; 0.000        ; 0.046      ; 0.403      ;
; 0.275 ; Multiplicador:multiplicador|ACC:acc|Saidas[5]        ; Multiplicador:multiplicador|ACC:acc|Saidas[4]        ; pll|altpll_component|auto_generated|pll1|clk[1] ; pll|altpll_component|auto_generated|pll1|clk[1] ; 0.000        ; 0.046      ; 0.403      ;
; 0.275 ; Multiplicador:multiplicador|Counter:counter|count[2] ; Multiplicador:multiplicador|Counter:counter|count[2] ; pll|altpll_component|auto_generated|pll1|clk[1] ; pll|altpll_component|auto_generated|pll1|clk[1] ; 0.000        ; 0.046      ; 0.403      ;
; 0.275 ; Multiplicador:multiplicador|Counter:counter|count[1] ; Multiplicador:multiplicador|Counter:counter|count[1] ; pll|altpll_component|auto_generated|pll1|clk[1] ; pll|altpll_component|auto_generated|pll1|clk[1] ; 0.000        ; 0.046      ; 0.403      ;
; 0.277 ; Multiplicador:multiplicador|ACC:acc|Saidas[3]        ; Multiplicador:multiplicador|ACC:acc|Saidas[2]        ; pll|altpll_component|auto_generated|pll1|clk[1] ; pll|altpll_component|auto_generated|pll1|clk[1] ; 0.000        ; 0.046      ; 0.405      ;
; 0.279 ; Multiplicador:multiplicador|ACC:acc|Saidas[1]        ; Multiplicador:multiplicador|ACC:acc|Saidas[0]        ; pll|altpll_component|auto_generated|pll1|clk[1] ; pll|altpll_component|auto_generated|pll1|clk[1] ; 0.000        ; 0.046      ; 0.407      ;
; 0.280 ; Multiplicador:multiplicador|Counter:counter|K        ; Multiplicador:multiplicador|CONTROL:control|state.S3 ; pll|altpll_component|auto_generated|pll1|clk[1] ; pll|altpll_component|auto_generated|pll1|clk[1] ; 0.000        ; 0.046      ; 0.408      ;
; 0.281 ; Multiplicador:multiplicador|CONTROL:control|state.S3 ; Multiplicador:multiplicador|CONTROL:control|state.S0 ; pll|altpll_component|auto_generated|pll1|clk[1] ; pll|altpll_component|auto_generated|pll1|clk[1] ; 0.000        ; 0.046      ; 0.409      ;
; 0.282 ; Multiplicador:multiplicador|ACC:acc|Saidas[11]       ; Multiplicador:multiplicador|ACC:acc|Saidas[10]       ; pll|altpll_component|auto_generated|pll1|clk[1] ; pll|altpll_component|auto_generated|pll1|clk[1] ; 0.000        ; 0.046      ; 0.410      ;
; 0.284 ; Multiplicador:multiplicador|Counter:counter|count[0] ; Multiplicador:multiplicador|Counter:counter|count[0] ; pll|altpll_component|auto_generated|pll1|clk[1] ; pll|altpll_component|auto_generated|pll1|clk[1] ; 0.000        ; 0.046      ; 0.412      ;
; 0.290 ; Multiplicador:multiplicador|Counter:counter|count[4] ; Multiplicador:multiplicador|Counter:counter|K        ; pll|altpll_component|auto_generated|pll1|clk[1] ; pll|altpll_component|auto_generated|pll1|clk[1] ; 0.000        ; 0.046      ; 0.418      ;
; 0.299 ; Multiplicador:multiplicador|CONTROL:control|state.S2 ; Multiplicador:multiplicador|CONTROL:control|state.S1 ; pll|altpll_component|auto_generated|pll1|clk[1] ; pll|altpll_component|auto_generated|pll1|clk[1] ; 0.000        ; 0.046      ; 0.427      ;
; 0.305 ; Multiplicador:multiplicador|ACC:acc|Saidas[17]       ; Multiplicador:multiplicador|ACC:acc|Saidas[16]       ; pll|altpll_component|auto_generated|pll1|clk[1] ; pll|altpll_component|auto_generated|pll1|clk[1] ; 0.000        ; 0.045      ; 0.432      ;
; 0.309 ; Multiplicador:multiplicador|CONTROL:control|state.S0 ; Multiplicador:multiplicador|ACC:acc|Saidas[1]        ; pll|altpll_component|auto_generated|pll1|clk[1] ; pll|altpll_component|auto_generated|pll1|clk[1] ; 0.000        ; 0.046      ; 0.437      ;
; 0.314 ; Multiplicador:multiplicador|ACC:acc|Saidas[18]       ; Multiplicador:multiplicador|ACC:acc|Saidas[17]       ; pll|altpll_component|auto_generated|pll1|clk[1] ; pll|altpll_component|auto_generated|pll1|clk[1] ; 0.000        ; 0.045      ; 0.441      ;
; 0.314 ; Multiplicador:multiplicador|ACC:acc|Saidas[21]       ; Multiplicador:multiplicador|ACC:acc|Saidas[20]       ; pll|altpll_component|auto_generated|pll1|clk[1] ; pll|altpll_component|auto_generated|pll1|clk[1] ; 0.000        ; 0.045      ; 0.441      ;
; 0.314 ; Multiplicador:multiplicador|ACC:acc|Saidas[28]       ; Multiplicador:multiplicador|ACC:acc|Saidas[27]       ; pll|altpll_component|auto_generated|pll1|clk[1] ; pll|altpll_component|auto_generated|pll1|clk[1] ; 0.000        ; 0.046      ; 0.442      ;
; 0.316 ; Multiplicador:multiplicador|CONTROL:control|state.S0 ; Multiplicador:multiplicador|ACC:acc|Saidas[0]        ; pll|altpll_component|auto_generated|pll1|clk[1] ; pll|altpll_component|auto_generated|pll1|clk[1] ; 0.000        ; 0.046      ; 0.444      ;
; 0.336 ; Multiplicador:multiplicador|ACC:acc|Saidas[24]       ; Multiplicador:multiplicador|ACC:acc|Saidas[23]       ; pll|altpll_component|auto_generated|pll1|clk[1] ; pll|altpll_component|auto_generated|pll1|clk[1] ; 0.000        ; 0.046      ; 0.464      ;
; 0.337 ; Multiplicador:multiplicador|ACC:acc|Saidas[10]       ; Multiplicador:multiplicador|ACC:acc|Saidas[9]        ; pll|altpll_component|auto_generated|pll1|clk[1] ; pll|altpll_component|auto_generated|pll1|clk[1] ; 0.000        ; 0.046      ; 0.465      ;
; 0.357 ; Multiplicador:multiplicador|CONTROL:control|state.S1 ; Multiplicador:multiplicador|ACC:acc|Saidas[31]       ; pll|altpll_component|auto_generated|pll1|clk[1] ; pll|altpll_component|auto_generated|pll1|clk[1] ; 0.000        ; 0.046      ; 0.485      ;
; 0.375 ; Multiplicador:multiplicador|ACC:acc|Saidas[31]       ; Multiplicador:multiplicador|ACC:acc|Saidas[30]       ; pll|altpll_component|auto_generated|pll1|clk[1] ; pll|altpll_component|auto_generated|pll1|clk[1] ; 0.000        ; 0.046      ; 0.503      ;
; 0.378 ; Multiplicador:multiplicador|CONTROL:control|state.S2 ; Multiplicador:multiplicador|CONTROL:control|state.S3 ; pll|altpll_component|auto_generated|pll1|clk[1] ; pll|altpll_component|auto_generated|pll1|clk[1] ; 0.000        ; 0.051      ; 0.511      ;
; 0.384 ; Multiplicador:multiplicador|ACC:acc|Saidas[25]       ; Multiplicador:multiplicador|ACC:acc|Saidas[24]       ; pll|altpll_component|auto_generated|pll1|clk[1] ; pll|altpll_component|auto_generated|pll1|clk[1] ; 0.000        ; 0.046      ; 0.512      ;
; 0.384 ; Multiplicador:multiplicador|ACC:acc|Saidas[29]       ; Multiplicador:multiplicador|ACC:acc|Saidas[28]       ; pll|altpll_component|auto_generated|pll1|clk[1] ; pll|altpll_component|auto_generated|pll1|clk[1] ; 0.000        ; 0.046      ; 0.512      ;
; 0.418 ; Multiplicador:multiplicador|Counter:counter|count[3] ; Multiplicador:multiplicador|Counter:counter|count[4] ; pll|altpll_component|auto_generated|pll1|clk[1] ; pll|altpll_component|auto_generated|pll1|clk[1] ; 0.000        ; 0.046      ; 0.546      ;
; 0.419 ; Multiplicador:multiplicador|Counter:counter|count[1] ; Multiplicador:multiplicador|Counter:counter|count[2] ; pll|altpll_component|auto_generated|pll1|clk[1] ; pll|altpll_component|auto_generated|pll1|clk[1] ; 0.000        ; 0.046      ; 0.547      ;
; 0.428 ; Multiplicador:multiplicador|Counter:counter|count[2] ; Multiplicador:multiplicador|Counter:counter|count[3] ; pll|altpll_component|auto_generated|pll1|clk[1] ; pll|altpll_component|auto_generated|pll1|clk[1] ; 0.000        ; 0.046      ; 0.556      ;
; 0.428 ; Multiplicador:multiplicador|Counter:counter|count[0] ; Multiplicador:multiplicador|Counter:counter|count[1] ; pll|altpll_component|auto_generated|pll1|clk[1] ; pll|altpll_component|auto_generated|pll1|clk[1] ; 0.000        ; 0.046      ; 0.556      ;
; 0.430 ; Multiplicador:multiplicador|Counter:counter|count[2] ; Multiplicador:multiplicador|Counter:counter|count[4] ; pll|altpll_component|auto_generated|pll1|clk[1] ; pll|altpll_component|auto_generated|pll1|clk[1] ; 0.000        ; 0.046      ; 0.558      ;
; 0.430 ; Multiplicador:multiplicador|Counter:counter|count[0] ; Multiplicador:multiplicador|Counter:counter|count[2] ; pll|altpll_component|auto_generated|pll1|clk[1] ; pll|altpll_component|auto_generated|pll1|clk[1] ; 0.000        ; 0.046      ; 0.558      ;
; 0.440 ; Multiplicador:multiplicador|ACC:acc|Saidas[25]       ; Multiplicador:multiplicador|ACC:acc|Saidas[25]       ; pll|altpll_component|auto_generated|pll1|clk[1] ; pll|altpll_component|auto_generated|pll1|clk[1] ; 0.000        ; 0.046      ; 0.568      ;
; 0.444 ; Multiplicador:multiplicador|CONTROL:control|state.S1 ; Multiplicador:multiplicador|ACC:acc|Saidas[30]       ; pll|altpll_component|auto_generated|pll1|clk[1] ; pll|altpll_component|auto_generated|pll1|clk[1] ; 0.000        ; 0.046      ; 0.572      ;
; 0.457 ; Multiplicador:multiplicador|CONTROL:control|state.S1 ; Multiplicador:multiplicador|ACC:acc|Saidas[32]       ; pll|altpll_component|auto_generated|pll1|clk[1] ; pll|altpll_component|auto_generated|pll1|clk[1] ; 0.000        ; 0.046      ; 0.585      ;
; 0.457 ; Multiplicador:multiplicador|CONTROL:control|state.S0 ; Multiplicador:multiplicador|CONTROL:control|state.S1 ; pll|altpll_component|auto_generated|pll1|clk[1] ; pll|altpll_component|auto_generated|pll1|clk[1] ; 0.000        ; 0.041      ; 0.580      ;
; 0.462 ; Multiplicador:multiplicador|Counter:counter|count[0] ; Multiplicador:multiplicador|Counter:counter|K        ; pll|altpll_component|auto_generated|pll1|clk[1] ; pll|altpll_component|auto_generated|pll1|clk[1] ; 0.000        ; 0.046      ; 0.590      ;
; 0.464 ; Multiplicador:multiplicador|CONTROL:control|state.S1 ; Multiplicador:multiplicador|ACC:acc|Saidas[23]       ; pll|altpll_component|auto_generated|pll1|clk[1] ; pll|altpll_component|auto_generated|pll1|clk[1] ; 0.000        ; 0.046      ; 0.592      ;
; 0.477 ; Multiplicador:multiplicador|Counter:counter|count[1] ; Multiplicador:multiplicador|Counter:counter|count[3] ; pll|altpll_component|auto_generated|pll1|clk[1] ; pll|altpll_component|auto_generated|pll1|clk[1] ; 0.000        ; 0.046      ; 0.605      ;
; 0.479 ; Multiplicador:multiplicador|Counter:counter|count[1] ; Multiplicador:multiplicador|Counter:counter|count[4] ; pll|altpll_component|auto_generated|pll1|clk[1] ; pll|altpll_component|auto_generated|pll1|clk[1] ; 0.000        ; 0.046      ; 0.607      ;
; 0.484 ; Multiplicador:multiplicador|ACC:acc|Saidas[23]       ; Multiplicador:multiplicador|ACC:acc|Saidas[22]       ; pll|altpll_component|auto_generated|pll1|clk[1] ; pll|altpll_component|auto_generated|pll1|clk[1] ; 0.000        ; 0.041      ; 0.607      ;
; 0.488 ; Multiplicador:multiplicador|Counter:counter|count[0] ; Multiplicador:multiplicador|Counter:counter|count[3] ; pll|altpll_component|auto_generated|pll1|clk[1] ; pll|altpll_component|auto_generated|pll1|clk[1] ; 0.000        ; 0.046      ; 0.616      ;
; 0.489 ; Multiplicador:multiplicador|ACC:acc|Saidas[22]       ; Multiplicador:multiplicador|ACC:acc|Saidas[22]       ; pll|altpll_component|auto_generated|pll1|clk[1] ; pll|altpll_component|auto_generated|pll1|clk[1] ; 0.000        ; 0.045      ; 0.616      ;
; 0.490 ; Multiplicador:multiplicador|Counter:counter|count[0] ; Multiplicador:multiplicador|Counter:counter|count[4] ; pll|altpll_component|auto_generated|pll1|clk[1] ; pll|altpll_component|auto_generated|pll1|clk[1] ; 0.000        ; 0.046      ; 0.618      ;
; 0.491 ; Multiplicador:multiplicador|ACC:acc|Saidas[28]       ; Multiplicador:multiplicador|ACC:acc|Saidas[28]       ; pll|altpll_component|auto_generated|pll1|clk[1] ; pll|altpll_component|auto_generated|pll1|clk[1] ; 0.000        ; 0.046      ; 0.619      ;
; 0.492 ; Multiplicador:multiplicador|ACC:acc|Saidas[19]       ; Multiplicador:multiplicador|ACC:acc|Saidas[19]       ; pll|altpll_component|auto_generated|pll1|clk[1] ; pll|altpll_component|auto_generated|pll1|clk[1] ; 0.000        ; 0.045      ; 0.619      ;
; 0.492 ; Multiplicador:multiplicador|ACC:acc|Saidas[21]       ; Multiplicador:multiplicador|ACC:acc|Saidas[21]       ; pll|altpll_component|auto_generated|pll1|clk[1] ; pll|altpll_component|auto_generated|pll1|clk[1] ; 0.000        ; 0.045      ; 0.619      ;
; 0.493 ; Multiplicador:multiplicador|ACC:acc|Saidas[26]       ; Multiplicador:multiplicador|ACC:acc|Saidas[26]       ; pll|altpll_component|auto_generated|pll1|clk[1] ; pll|altpll_component|auto_generated|pll1|clk[1] ; 0.000        ; 0.046      ; 0.621      ;
; 0.509 ; Multiplicador:multiplicador|CONTROL:control|state.S0 ; Multiplicador:multiplicador|Counter:counter|count[4] ; pll|altpll_component|auto_generated|pll1|clk[1] ; pll|altpll_component|auto_generated|pll1|clk[1] ; 0.000        ; 0.046      ; 0.637      ;
; 0.509 ; Multiplicador:multiplicador|CONTROL:control|state.S0 ; Multiplicador:multiplicador|Counter:counter|count[0] ; pll|altpll_component|auto_generated|pll1|clk[1] ; pll|altpll_component|auto_generated|pll1|clk[1] ; 0.000        ; 0.046      ; 0.637      ;
; 0.509 ; Multiplicador:multiplicador|CONTROL:control|state.S0 ; Multiplicador:multiplicador|Counter:counter|count[2] ; pll|altpll_component|auto_generated|pll1|clk[1] ; pll|altpll_component|auto_generated|pll1|clk[1] ; 0.000        ; 0.046      ; 0.637      ;
; 0.509 ; Multiplicador:multiplicador|CONTROL:control|state.S0 ; Multiplicador:multiplicador|Counter:counter|count[1] ; pll|altpll_component|auto_generated|pll1|clk[1] ; pll|altpll_component|auto_generated|pll1|clk[1] ; 0.000        ; 0.046      ; 0.637      ;
; 0.509 ; Multiplicador:multiplicador|CONTROL:control|state.S0 ; Multiplicador:multiplicador|Counter:counter|count[3] ; pll|altpll_component|auto_generated|pll1|clk[1] ; pll|altpll_component|auto_generated|pll1|clk[1] ; 0.000        ; 0.046      ; 0.637      ;
; 0.512 ; Multiplicador:multiplicador|Counter:counter|K        ; Multiplicador:multiplicador|CONTROL:control|state.S1 ; pll|altpll_component|auto_generated|pll1|clk[1] ; pll|altpll_component|auto_generated|pll1|clk[1] ; 0.000        ; 0.041      ; 0.635      ;
; 0.516 ; Multiplicador:multiplicador|Counter:counter|count[2] ; Multiplicador:multiplicador|Counter:counter|K        ; pll|altpll_component|auto_generated|pll1|clk[1] ; pll|altpll_component|auto_generated|pll1|clk[1] ; 0.000        ; 0.046      ; 0.644      ;
; 0.519 ; Multiplicador:multiplicador|ACC:acc|Saidas[0]        ; Multiplicador:multiplicador|ACC:acc|Saidas[31]       ; pll|altpll_component|auto_generated|pll1|clk[1] ; pll|altpll_component|auto_generated|pll1|clk[1] ; 0.000        ; 0.041      ; 0.642      ;
; 0.534 ; Multiplicador:multiplicador|CONTROL:control|state.S2 ; Multiplicador:multiplicador|ACC:acc|Saidas[32]       ; pll|altpll_component|auto_generated|pll1|clk[1] ; pll|altpll_component|auto_generated|pll1|clk[1] ; 0.000        ; 0.046      ; 0.662      ;
; 0.544 ; Multiplicador:multiplicador|ACC:acc|Saidas[17]       ; Multiplicador:multiplicador|ACC:acc|Saidas[17]       ; pll|altpll_component|auto_generated|pll1|clk[1] ; pll|altpll_component|auto_generated|pll1|clk[1] ; 0.000        ; 0.045      ; 0.671      ;
; 0.547 ; Multiplicador:multiplicador|ACC:acc|Saidas[30]       ; Multiplicador:multiplicador|ACC:acc|Saidas[30]       ; pll|altpll_component|auto_generated|pll1|clk[1] ; pll|altpll_component|auto_generated|pll1|clk[1] ; 0.000        ; 0.046      ; 0.675      ;
; 0.547 ; Multiplicador:multiplicador|ACC:acc|Saidas[32]       ; Multiplicador:multiplicador|ACC:acc|Saidas[32]       ; pll|altpll_component|auto_generated|pll1|clk[1] ; pll|altpll_component|auto_generated|pll1|clk[1] ; 0.000        ; 0.046      ; 0.675      ;
; 0.549 ; Multiplicador:multiplicador|CONTROL:control|state.S1 ; Multiplicador:multiplicador|ACC:acc|Saidas[25]       ; pll|altpll_component|auto_generated|pll1|clk[1] ; pll|altpll_component|auto_generated|pll1|clk[1] ; 0.000        ; 0.046      ; 0.677      ;
; 0.550 ; Multiplicador:multiplicador|ACC:acc|Saidas[20]       ; Multiplicador:multiplicador|ACC:acc|Saidas[20]       ; pll|altpll_component|auto_generated|pll1|clk[1] ; pll|altpll_component|auto_generated|pll1|clk[1] ; 0.000        ; 0.045      ; 0.677      ;
; 0.553 ; Multiplicador:multiplicador|ACC:acc|Saidas[18]       ; Multiplicador:multiplicador|ACC:acc|Saidas[18]       ; pll|altpll_component|auto_generated|pll1|clk[1] ; pll|altpll_component|auto_generated|pll1|clk[1] ; 0.000        ; 0.045      ; 0.680      ;
; 0.554 ; Multiplicador:multiplicador|CONTROL:control|state.S1 ; Multiplicador:multiplicador|ACC:acc|Saidas[26]       ; pll|altpll_component|auto_generated|pll1|clk[1] ; pll|altpll_component|auto_generated|pll1|clk[1] ; 0.000        ; 0.046      ; 0.682      ;
; 0.556 ; Multiplicador:multiplicador|ACC:acc|Saidas[27]       ; Multiplicador:multiplicador|ACC:acc|Saidas[27]       ; pll|altpll_component|auto_generated|pll1|clk[1] ; pll|altpll_component|auto_generated|pll1|clk[1] ; 0.000        ; 0.046      ; 0.684      ;
; 0.557 ; Multiplicador:multiplicador|ACC:acc|Saidas[29]       ; Multiplicador:multiplicador|ACC:acc|Saidas[29]       ; pll|altpll_component|auto_generated|pll1|clk[1] ; pll|altpll_component|auto_generated|pll1|clk[1] ; 0.000        ; 0.046      ; 0.685      ;
; 0.568 ; Multiplicador:multiplicador|CONTROL:control|state.S1 ; Multiplicador:multiplicador|ACC:acc|Saidas[27]       ; pll|altpll_component|auto_generated|pll1|clk[1] ; pll|altpll_component|auto_generated|pll1|clk[1] ; 0.000        ; 0.046      ; 0.696      ;
; 0.568 ; Multiplicador:multiplicador|CONTROL:control|state.S1 ; Multiplicador:multiplicador|ACC:acc|Saidas[28]       ; pll|altpll_component|auto_generated|pll1|clk[1] ; pll|altpll_component|auto_generated|pll1|clk[1] ; 0.000        ; 0.046      ; 0.696      ;
; 0.569 ; Multiplicador:multiplicador|CONTROL:control|state.S1 ; Multiplicador:multiplicador|ACC:acc|Saidas[24]       ; pll|altpll_component|auto_generated|pll1|clk[1] ; pll|altpll_component|auto_generated|pll1|clk[1] ; 0.000        ; 0.046      ; 0.697      ;
; 0.570 ; Multiplicador:multiplicador|CONTROL:control|state.S1 ; Multiplicador:multiplicador|ACC:acc|Saidas[29]       ; pll|altpll_component|auto_generated|pll1|clk[1] ; pll|altpll_component|auto_generated|pll1|clk[1] ; 0.000        ; 0.046      ; 0.698      ;
; 0.579 ; Multiplicador:multiplicador|ACC:acc|Saidas[21]       ; Multiplicador:multiplicador|ACC:acc|Saidas[22]       ; pll|altpll_component|auto_generated|pll1|clk[1] ; pll|altpll_component|auto_generated|pll1|clk[1] ; 0.000        ; 0.045      ; 0.706      ;
; 0.581 ; Multiplicador:multiplicador|Counter:counter|count[1] ; Multiplicador:multiplicador|Counter:counter|K        ; pll|altpll_component|auto_generated|pll1|clk[1] ; pll|altpll_component|auto_generated|pll1|clk[1] ; 0.000        ; 0.046      ; 0.709      ;
; 0.581 ; Multiplicador:multiplicador|Counter:counter|count[3] ; Multiplicador:multiplicador|Counter:counter|K        ; pll|altpll_component|auto_generated|pll1|clk[1] ; pll|altpll_component|auto_generated|pll1|clk[1] ; 0.000        ; 0.046      ; 0.709      ;
; 0.590 ; Multiplicador:multiplicador|Counter:counter|count[4] ; Multiplicador:multiplicador|Counter:counter|count[0] ; pll|altpll_component|auto_generated|pll1|clk[1] ; pll|altpll_component|auto_generated|pll1|clk[1] ; 0.000        ; 0.046      ; 0.718      ;
; 0.590 ; Multiplicador:multiplicador|Counter:counter|count[4] ; Multiplicador:multiplicador|Counter:counter|count[2] ; pll|altpll_component|auto_generated|pll1|clk[1] ; pll|altpll_component|auto_generated|pll1|clk[1] ; 0.000        ; 0.046      ; 0.718      ;
; 0.590 ; Multiplicador:multiplicador|Counter:counter|count[4] ; Multiplicador:multiplicador|Counter:counter|count[1] ; pll|altpll_component|auto_generated|pll1|clk[1] ; pll|altpll_component|auto_generated|pll1|clk[1] ; 0.000        ; 0.046      ; 0.718      ;
; 0.590 ; Multiplicador:multiplicador|Counter:counter|count[4] ; Multiplicador:multiplicador|Counter:counter|count[3] ; pll|altpll_component|auto_generated|pll1|clk[1] ; pll|altpll_component|auto_generated|pll1|clk[1] ; 0.000        ; 0.046      ; 0.718      ;
; 0.590 ; Multiplicador:multiplicador|ACC:acc|Saidas[20]       ; Multiplicador:multiplicador|ACC:acc|Saidas[22]       ; pll|altpll_component|auto_generated|pll1|clk[1] ; pll|altpll_component|auto_generated|pll1|clk[1] ; 0.000        ; 0.045      ; 0.717      ;
; 0.606 ; Multiplicador:multiplicador|ACC:acc|Saidas[0]        ; Multiplicador:multiplicador|ACC:acc|Saidas[30]       ; pll|altpll_component|auto_generated|pll1|clk[1] ; pll|altpll_component|auto_generated|pll1|clk[1] ; 0.000        ; 0.041      ; 0.729      ;
; 0.607 ; registerfile:RegisterFile|A[7]                       ; Multiplicador:multiplicador|ACC:acc|Saidas[7]        ; pll|altpll_component|auto_generated|pll1|clk[0] ; pll|altpll_component|auto_generated|pll1|clk[1] ; -0.001       ; 0.108      ; 0.816      ;
; 0.615 ; Multiplicador:multiplicador|ACC:acc|Saidas[2]        ; Multiplicador:multiplicador|ACC:acc|Saidas[1]        ; pll|altpll_component|auto_generated|pll1|clk[1] ; pll|altpll_component|auto_generated|pll1|clk[1] ; 0.000        ; 0.044      ; 0.741      ;
; 0.617 ; Multiplicador:multiplicador|CONTROL:control|state.S0 ; Multiplicador:multiplicador|ACC:acc|Saidas[2]        ; pll|altpll_component|auto_generated|pll1|clk[1] ; pll|altpll_component|auto_generated|pll1|clk[1] ; 0.000        ; 0.048      ; 0.747      ;
+-------+------------------------------------------------------+------------------------------------------------------+-------------------------------------------------+-------------------------------------------------+--------------+------------+------------+


+------------------------------------------------------------------------------------------------------------------------------------------------------------------------------------------------------------------------------------------------------------------------------------------------------------------------------+
; Fast 1200mV -40C Model Hold: 'pll|altpll_component|auto_generated|pll1|clk[0]'                                                                                                                                                                                                                                               ;
+-------+------------------------------------------------+------------------------------------------------------------------------------------------------------------------------+-------------------------------------------------+-------------------------------------------------+--------------+------------+------------+
; Slack ; From Node                                      ; To Node                                                                                                                ; Launch Clock                                    ; Latch Clock                                     ; Relationship ; Clock Skew ; Data Delay ;
+-------+------------------------------------------------+------------------------------------------------------------------------------------------------------------------------+-------------------------------------------------+-------------------------------------------------+--------------+------------+------------+
; 0.231 ; register:CTRL1|out[14]                         ; register:CTRL2|out[14]                                                                                                 ; pll|altpll_component|auto_generated|pll1|clk[0] ; pll|altpll_component|auto_generated|pll1|clk[0] ; 0.000        ; 0.047      ; 0.360      ;
; 0.244 ; register:CTRL1|out[11]                         ; register:CTRL2|out[11]                                                                                                 ; pll|altpll_component|auto_generated|pll1|clk[0] ; pll|altpll_component|auto_generated|pll1|clk[0] ; 0.000        ; 0.047      ; 0.373      ;
; 0.245 ; register:CTRL1|out[10]                         ; register:CTRL2|out[10]                                                                                                 ; pll|altpll_component|auto_generated|pll1|clk[0] ; pll|altpll_component|auto_generated|pll1|clk[0] ; 0.000        ; 0.047      ; 0.374      ;
; 0.324 ; registerfile:RegisterFile|B[0]                 ; datamemory:Data_Memory|altsyncram:altsyncram_component|altsyncram_28i1:auto_generated|ram_block1a0~porta_datain_reg0   ; pll|altpll_component|auto_generated|pll1|clk[0] ; pll|altpll_component|auto_generated|pll1|clk[0] ; 0.000        ; 0.226      ; 0.651      ;
; 0.330 ; register:CTRL1|out[12]                         ; register:CTRL2|out[12]                                                                                                 ; pll|altpll_component|auto_generated|pll1|clk[0] ; pll|altpll_component|auto_generated|pll1|clk[0] ; 0.000        ; 0.047      ; 0.459      ;
; 0.354 ; Multiplicador:multiplicador|ACC:acc|Saidas[5]  ; register:D|out[5]                                                                                                      ; pll|altpll_component|auto_generated|pll1|clk[1] ; pll|altpll_component|auto_generated|pll1|clk[0] ; 0.001        ; 0.108      ; 0.565      ;
; 0.357 ; Multiplicador:multiplicador|ACC:acc|Saidas[4]  ; register:D|out[4]                                                                                                      ; pll|altpll_component|auto_generated|pll1|clk[1] ; pll|altpll_component|auto_generated|pll1|clk[0] ; 0.001        ; 0.108      ; 0.568      ;
; 0.361 ; registerfile:RegisterFile|B[1]                 ; datamemory:Data_Memory|altsyncram:altsyncram_component|altsyncram_28i1:auto_generated|ram_block1a0~porta_datain_reg0   ; pll|altpll_component|auto_generated|pll1|clk[0] ; pll|altpll_component|auto_generated|pll1|clk[0] ; 0.000        ; 0.226      ; 0.688      ;
; 0.361 ; Multiplicador:multiplicador|ACC:acc|Saidas[30] ; register:D|out[30]                                                                                                     ; pll|altpll_component|auto_generated|pll1|clk[1] ; pll|altpll_component|auto_generated|pll1|clk[0] ; 0.001        ; 0.107      ; 0.571      ;
; 0.368 ; register:CTRL1|out[13]                         ; register:CTRL2|out[13]                                                                                                 ; pll|altpll_component|auto_generated|pll1|clk[0] ; pll|altpll_component|auto_generated|pll1|clk[0] ; 0.000        ; 0.051      ; 0.501      ;
; 0.375 ; registerfile:RegisterFile|B[25]                ; datamemory:Data_Memory|altsyncram:altsyncram_component|altsyncram_28i1:auto_generated|ram_block1a18~porta_datain_reg0  ; pll|altpll_component|auto_generated|pll1|clk[0] ; pll|altpll_component|auto_generated|pll1|clk[0] ; 0.000        ; 0.243      ; 0.719      ;
; 0.375 ; register:D|out[2]                              ; registerfile:RegisterFile|register~482                                                                                 ; pll|altpll_component|auto_generated|pll1|clk[0] ; pll|altpll_component|auto_generated|pll1|clk[0] ; 0.000        ; 0.046      ; 0.503      ;
; 0.376 ; Multiplicador:multiplicador|ACC:acc|Saidas[29] ; register:D|out[29]                                                                                                     ; pll|altpll_component|auto_generated|pll1|clk[1] ; pll|altpll_component|auto_generated|pll1|clk[0] ; 0.001        ; 0.107      ; 0.586      ;
; 0.388 ; registerfile:RegisterFile|B[24]                ; datamemory:Data_Memory|altsyncram:altsyncram_component|altsyncram_28i1:auto_generated|ram_block1a18~porta_datain_reg0  ; pll|altpll_component|auto_generated|pll1|clk[0] ; pll|altpll_component|auto_generated|pll1|clk[0] ; 0.000        ; 0.243      ; 0.732      ;
; 0.391 ; registerfile:RegisterFile|B[22]                ; datamemory:Data_Memory|altsyncram:altsyncram_component|altsyncram_28i1:auto_generated|ram_block1a18~porta_datain_reg0  ; pll|altpll_component|auto_generated|pll1|clk[0] ; pll|altpll_component|auto_generated|pll1|clk[0] ; 0.000        ; 0.229      ; 0.721      ;
; 0.394 ; Multiplicador:multiplicador|ACC:acc|Saidas[3]  ; register:D|out[3]                                                                                                      ; pll|altpll_component|auto_generated|pll1|clk[1] ; pll|altpll_component|auto_generated|pll1|clk[0] ; 0.001        ; 0.108      ; 0.605      ;
; 0.400 ; Multiplicador:multiplicador|ACC:acc|Saidas[12] ; register:D|out[12]                                                                                                     ; pll|altpll_component|auto_generated|pll1|clk[1] ; pll|altpll_component|auto_generated|pll1|clk[0] ; 0.001        ; 0.108      ; 0.611      ;
; 0.415 ; registerfile:RegisterFile|B[4]                 ; datamemory:Data_Memory|altsyncram:altsyncram_component|altsyncram_28i1:auto_generated|ram_block1a0~porta_datain_reg0   ; pll|altpll_component|auto_generated|pll1|clk[0] ; pll|altpll_component|auto_generated|pll1|clk[0] ; 0.000        ; 0.231      ; 0.747      ;
; 0.456 ; registerfile:RegisterFile|register~215         ; registerfile:RegisterFile|A[23]                                                                                        ; pll|altpll_component|auto_generated|pll1|clk[0] ; pll|altpll_component|auto_generated|pll1|clk[0] ; 0.000        ; 0.046      ; 0.584      ;
; 0.457 ; registerfile:RegisterFile|register~957         ; registerfile:RegisterFile|B[29]                                                                                        ; pll|altpll_component|auto_generated|pll1|clk[0] ; pll|altpll_component|auto_generated|pll1|clk[0] ; 0.000        ; 0.046      ; 0.585      ;
; 0.457 ; registerfile:RegisterFile|B[9]                 ; datamemory:Data_Memory|altsyncram:altsyncram_component|altsyncram_28i1:auto_generated|ram_block1a9~porta_datain_reg0   ; pll|altpll_component|auto_generated|pll1|clk[0] ; pll|altpll_component|auto_generated|pll1|clk[0] ; 0.000        ; 0.224      ; 0.782      ;
; 0.458 ; registerfile:RegisterFile|register~382         ; registerfile:RegisterFile|B[30]                                                                                        ; pll|altpll_component|auto_generated|pll1|clk[0] ; pll|altpll_component|auto_generated|pll1|clk[0] ; 0.000        ; 0.047      ; 0.587      ;
; 0.460 ; registerfile:RegisterFile|register~1009        ; registerfile:RegisterFile|A[17]                                                                                        ; pll|altpll_component|auto_generated|pll1|clk[0] ; pll|altpll_component|auto_generated|pll1|clk[0] ; 0.000        ; 0.046      ; 0.588      ;
; 0.461 ; registerfile:RegisterFile|register~1012        ; registerfile:RegisterFile|A[20]                                                                                        ; pll|altpll_component|auto_generated|pll1|clk[0] ; pll|altpll_component|auto_generated|pll1|clk[0] ; 0.000        ; 0.046      ; 0.589      ;
; 0.462 ; registerfile:RegisterFile|register~941         ; registerfile:RegisterFile|B[13]                                                                                        ; pll|altpll_component|auto_generated|pll1|clk[0] ; pll|altpll_component|auto_generated|pll1|clk[0] ; 0.000        ; 0.046      ; 0.590      ;
; 0.464 ; Multiplicador:multiplicador|ACC:acc|Saidas[11] ; register:D|out[11]                                                                                                     ; pll|altpll_component|auto_generated|pll1|clk[1] ; pll|altpll_component|auto_generated|pll1|clk[0] ; 0.001        ; 0.108      ; 0.675      ;
; 0.471 ; Multiplicador:multiplicador|ACC:acc|Saidas[25] ; register:D|out[25]                                                                                                     ; pll|altpll_component|auto_generated|pll1|clk[1] ; pll|altpll_component|auto_generated|pll1|clk[0] ; 0.001        ; 0.103      ; 0.677      ;
; 0.484 ; registerfile:RegisterFile|B[19]                ; datamemory:Data_Memory|altsyncram:altsyncram_component|altsyncram_28i1:auto_generated|ram_block1a18~porta_datain_reg0  ; pll|altpll_component|auto_generated|pll1|clk[0] ; pll|altpll_component|auto_generated|pll1|clk[0] ; 0.000        ; 0.252      ; 0.837      ;
; 0.512 ; Multiplicador:multiplicador|ACC:acc|Saidas[27] ; register:D|out[27]                                                                                                     ; pll|altpll_component|auto_generated|pll1|clk[1] ; pll|altpll_component|auto_generated|pll1|clk[0] ; 0.001        ; 0.103      ; 0.718      ;
; 0.514 ; registerfile:RegisterFile|register~743         ; registerfile:RegisterFile|B[7]                                                                                         ; pll|altpll_component|auto_generated|pll1|clk[0] ; pll|altpll_component|auto_generated|pll1|clk[0] ; 0.000        ; 0.046      ; 0.642      ;
; 0.515 ; registerfile:RegisterFile|register~481         ; registerfile:RegisterFile|B[1]                                                                                         ; pll|altpll_component|auto_generated|pll1|clk[0] ; pll|altpll_component|auto_generated|pll1|clk[0] ; 0.000        ; 0.046      ; 0.643      ;
; 0.515 ; registerfile:RegisterFile|register~884         ; registerfile:RegisterFile|B[20]                                                                                        ; pll|altpll_component|auto_generated|pll1|clk[0] ; pll|altpll_component|auto_generated|pll1|clk[0] ; 0.000        ; 0.045      ; 0.642      ;
; 0.516 ; registerfile:RegisterFile|register~866         ; registerfile:RegisterFile|B[2]                                                                                         ; pll|altpll_component|auto_generated|pll1|clk[0] ; pll|altpll_component|auto_generated|pll1|clk[0] ; 0.000        ; 0.045      ; 0.643      ;
; 0.520 ; registerfile:RegisterFile|B[13]                ; datamemory:Data_Memory|altsyncram:altsyncram_component|altsyncram_28i1:auto_generated|ram_block1a9~porta_datain_reg0   ; pll|altpll_component|auto_generated|pll1|clk[0] ; pll|altpll_component|auto_generated|pll1|clk[0] ; 0.000        ; 0.232      ; 0.853      ;
; 0.521 ; register:D|out[4]                              ; registerfile:RegisterFile|register~484                                                                                 ; pll|altpll_component|auto_generated|pll1|clk[0] ; pll|altpll_component|auto_generated|pll1|clk[0] ; 0.000        ; 0.049      ; 0.652      ;
; 0.529 ; registerfile:RegisterFile|register~428         ; registerfile:RegisterFile|A[12]                                                                                        ; pll|altpll_component|auto_generated|pll1|clk[0] ; pll|altpll_component|auto_generated|pll1|clk[0] ; 0.000        ; 0.042      ; 0.653      ;
; 0.534 ; registerfile:RegisterFile|B[5]                 ; datamemory:Data_Memory|altsyncram:altsyncram_component|altsyncram_28i1:auto_generated|ram_block1a0~porta_datain_reg0   ; pll|altpll_component|auto_generated|pll1|clk[0] ; pll|altpll_component|auto_generated|pll1|clk[0] ; 0.000        ; 0.214      ; 0.849      ;
; 0.553 ; registerfile:RegisterFile|register~1006        ; registerfile:RegisterFile|A[14]                                                                                        ; pll|altpll_component|auto_generated|pll1|clk[0] ; pll|altpll_component|auto_generated|pll1|clk[0] ; 0.000        ; 0.046      ; 0.681      ;
; 0.553 ; PC:pc|addr[3]                                  ; PC:pc|addr[3]                                                                                                          ; pll|altpll_component|auto_generated|pll1|clk[0] ; pll|altpll_component|auto_generated|pll1|clk[0] ; 0.000        ; 0.047      ; 0.682      ;
; 0.554 ; registerfile:RegisterFile|register~1019        ; registerfile:RegisterFile|A[27]                                                                                        ; pll|altpll_component|auto_generated|pll1|clk[0] ; pll|altpll_component|auto_generated|pll1|clk[0] ; 0.000        ; 0.046      ; 0.682      ;
; 0.554 ; registerfile:RegisterFile|register~763         ; registerfile:RegisterFile|B[27]                                                                                        ; pll|altpll_component|auto_generated|pll1|clk[0] ; pll|altpll_component|auto_generated|pll1|clk[0] ; 0.000        ; 0.045      ; 0.681      ;
; 0.554 ; registerfile:RegisterFile|register~747         ; registerfile:RegisterFile|B[11]                                                                                        ; pll|altpll_component|auto_generated|pll1|clk[0] ; pll|altpll_component|auto_generated|pll1|clk[0] ; 0.000        ; 0.047      ; 0.683      ;
; 0.556 ; registerfile:RegisterFile|register~999         ; registerfile:RegisterFile|A[7]                                                                                         ; pll|altpll_component|auto_generated|pll1|clk[0] ; pll|altpll_component|auto_generated|pll1|clk[0] ; 0.000        ; 0.046      ; 0.684      ;
; 0.556 ; Multiplicador:multiplicador|ACC:acc|Saidas[26] ; register:D|out[26]                                                                                                     ; pll|altpll_component|auto_generated|pll1|clk[1] ; pll|altpll_component|auto_generated|pll1|clk[0] ; 0.001        ; 0.103      ; 0.762      ;
; 0.557 ; registerfile:RegisterFile|register~348         ; registerfile:RegisterFile|A[28]                                                                                        ; pll|altpll_component|auto_generated|pll1|clk[0] ; pll|altpll_component|auto_generated|pll1|clk[0] ; 0.000        ; 0.046      ; 0.685      ;
; 0.559 ; registerfile:RegisterFile|register~685         ; registerfile:RegisterFile|B[13]                                                                                        ; pll|altpll_component|auto_generated|pll1|clk[0] ; pll|altpll_component|auto_generated|pll1|clk[0] ; 0.000        ; 0.052      ; 0.693      ;
; 0.565 ; registerfile:RegisterFile|register~358         ; registerfile:RegisterFile|B[6]                                                                                         ; pll|altpll_component|auto_generated|pll1|clk[0] ; pll|altpll_component|auto_generated|pll1|clk[0] ; 0.000        ; 0.045      ; 0.692      ;
; 0.566 ; registerfile:RegisterFile|register~360         ; registerfile:RegisterFile|B[8]                                                                                         ; pll|altpll_component|auto_generated|pll1|clk[0] ; pll|altpll_component|auto_generated|pll1|clk[0] ; 0.000        ; 0.045      ; 0.693      ;
; 0.575 ; registerfile:RegisterFile|register~685         ; registerfile:RegisterFile|A[13]                                                                                        ; pll|altpll_component|auto_generated|pll1|clk[0] ; pll|altpll_component|auto_generated|pll1|clk[0] ; 0.000        ; 0.046      ; 0.703      ;
; 0.575 ; registerfile:RegisterFile|B[30]                ; datamemory:Data_Memory|altsyncram:altsyncram_component|altsyncram_28i1:auto_generated|ram_block1a27~porta_datain_reg0  ; pll|altpll_component|auto_generated|pll1|clk[0] ; pll|altpll_component|auto_generated|pll1|clk[0] ; 0.000        ; 0.204      ; 0.880      ;
; 0.582 ; Multiplicador:multiplicador|ACC:acc|Saidas[14] ; register:D|out[14]                                                                                                     ; pll|altpll_component|auto_generated|pll1|clk[1] ; pll|altpll_component|auto_generated|pll1|clk[0] ; 0.001        ; 0.093      ; 0.778      ;
; 0.584 ; registerfile:RegisterFile|register~995         ; registerfile:RegisterFile|A[3]                                                                                         ; pll|altpll_component|auto_generated|pll1|clk[0] ; pll|altpll_component|auto_generated|pll1|clk[0] ; 0.000        ; 0.046      ; 0.712      ;
; 0.584 ; register:CTRL1|out[9]                          ; register:CTRL2|out[9]                                                                                                  ; pll|altpll_component|auto_generated|pll1|clk[0] ; pll|altpll_component|auto_generated|pll1|clk[0] ; 0.000        ; 0.062      ; 0.728      ;
; 0.593 ; PC:pc|addr[19]                                 ; PC:pc|addr[19]                                                                                                         ; pll|altpll_component|auto_generated|pll1|clk[0] ; pll|altpll_component|auto_generated|pll1|clk[0] ; 0.000        ; 0.047      ; 0.722      ;
; 0.597 ; registerfile:RegisterFile|B[17]                ; datamemory:Data_Memory|altsyncram:altsyncram_component|altsyncram_28i1:auto_generated|ram_block1a9~porta_datain_reg0   ; pll|altpll_component|auto_generated|pll1|clk[0] ; pll|altpll_component|auto_generated|pll1|clk[0] ; 0.000        ; 0.221      ; 0.919      ;
; 0.611 ; registerfile:RegisterFile|register~998         ; registerfile:RegisterFile|A[6]                                                                                         ; pll|altpll_component|auto_generated|pll1|clk[0] ; pll|altpll_component|auto_generated|pll1|clk[0] ; 0.000        ; 0.047      ; 0.740      ;
; 0.612 ; Multiplicador:multiplicador|ACC:acc|Saidas[21] ; register:D|out[21]                                                                                                     ; pll|altpll_component|auto_generated|pll1|clk[1] ; pll|altpll_component|auto_generated|pll1|clk[0] ; 0.001        ; 0.106      ; 0.821      ;
; 0.614 ; registerfile:RegisterFile|register~440         ; registerfile:RegisterFile|A[24]                                                                                        ; pll|altpll_component|auto_generated|pll1|clk[0] ; pll|altpll_component|auto_generated|pll1|clk[0] ; 0.000        ; 0.046      ; 0.742      ;
; 0.616 ; registerfile:RegisterFile|register~440         ; registerfile:RegisterFile|B[24]                                                                                        ; pll|altpll_component|auto_generated|pll1|clk[0] ; pll|altpll_component|auto_generated|pll1|clk[0] ; 0.000        ; 0.046      ; 0.744      ;
; 0.616 ; Multiplicador:multiplicador|ACC:acc|Saidas[28] ; register:D|out[28]                                                                                                     ; pll|altpll_component|auto_generated|pll1|clk[1] ; pll|altpll_component|auto_generated|pll1|clk[0] ; 0.001        ; 0.103      ; 0.822      ;
; 0.618 ; register:D|out[1]                              ; registerfile:RegisterFile|register~481                                                                                 ; pll|altpll_component|auto_generated|pll1|clk[0] ; pll|altpll_component|auto_generated|pll1|clk[0] ; 0.000        ; 0.046      ; 0.746      ;
; 0.625 ; registerfile:RegisterFile|register~1008        ; registerfile:RegisterFile|A[16]                                                                                        ; pll|altpll_component|auto_generated|pll1|clk[0] ; pll|altpll_component|auto_generated|pll1|clk[0] ; 0.000        ; 0.046      ; 0.753      ;
; 0.625 ; PC:pc|addr[6]                                  ; InstMem:IM|altsyncram:altsyncram_component|altsyncram_jv91:auto_generated|ram_block1a11~porta_address_reg0             ; pll|altpll_component|auto_generated|pll1|clk[0] ; pll|altpll_component|auto_generated|pll1|clk[0] ; 0.000        ; 0.235      ; 0.961      ;
; 0.634 ; PC:pc|addr[22]                                 ; PC:pc|addr[22]                                                                                                         ; pll|altpll_component|auto_generated|pll1|clk[0] ; pll|altpll_component|auto_generated|pll1|clk[0] ; 0.000        ; 0.047      ; 0.763      ;
; 0.634 ; registerfile:RegisterFile|register~436         ; registerfile:RegisterFile|A[20]                                                                                        ; pll|altpll_component|auto_generated|pll1|clk[0] ; pll|altpll_component|auto_generated|pll1|clk[0] ; 0.000        ; 0.040      ; 0.756      ;
; 0.635 ; PC:pc|addr[20]                                 ; PC:pc|addr[20]                                                                                                         ; pll|altpll_component|auto_generated|pll1|clk[0] ; pll|altpll_component|auto_generated|pll1|clk[0] ; 0.000        ; 0.047      ; 0.764      ;
; 0.638 ; registerfile:RegisterFile|register~416         ; registerfile:RegisterFile|A[0]                                                                                         ; pll|altpll_component|auto_generated|pll1|clk[0] ; pll|altpll_component|auto_generated|pll1|clk[0] ; 0.000        ; 0.046      ; 0.766      ;
; 0.641 ; PC:pc|addr[5]                                  ; InstMem:IM|altsyncram:altsyncram_component|altsyncram_jv91:auto_generated|ram_block1a11~porta_address_reg0             ; pll|altpll_component|auto_generated|pll1|clk[0] ; pll|altpll_component|auto_generated|pll1|clk[0] ; 0.000        ; 0.235      ; 0.977      ;
; 0.641 ; Multiplicador:multiplicador|ACC:acc|Saidas[19] ; register:D|out[19]                                                                                                     ; pll|altpll_component|auto_generated|pll1|clk[1] ; pll|altpll_component|auto_generated|pll1|clk[0] ; 0.001        ; 0.108      ; 0.852      ;
; 0.643 ; registerfile:RegisterFile|B[3]                 ; datamemory:Data_Memory|altsyncram:altsyncram_component|altsyncram_28i1:auto_generated|ram_block1a0~porta_datain_reg0   ; pll|altpll_component|auto_generated|pll1|clk[0] ; pll|altpll_component|auto_generated|pll1|clk[0] ; 0.000        ; 0.214      ; 0.958      ;
; 0.644 ; Multiplicador:multiplicador|ACC:acc|Saidas[16] ; register:D|out[16]                                                                                                     ; pll|altpll_component|auto_generated|pll1|clk[1] ; pll|altpll_component|auto_generated|pll1|clk[0] ; 0.001        ; 0.108      ; 0.855      ;
; 0.650 ; registerfile:RegisterFile|B[29]                ; datamemory:Data_Memory|altsyncram:altsyncram_component|altsyncram_28i1:auto_generated|ram_block1a27~porta_datain_reg0  ; pll|altpll_component|auto_generated|pll1|clk[0] ; pll|altpll_component|auto_generated|pll1|clk[0] ; 0.000        ; 0.218      ; 0.969      ;
; 0.650 ; registerfile:RegisterFile|register~745         ; registerfile:RegisterFile|B[9]                                                                                         ; pll|altpll_component|auto_generated|pll1|clk[0] ; pll|altpll_component|auto_generated|pll1|clk[0] ; 0.000        ; 0.046      ; 0.778      ;
; 0.651 ; registerfile:RegisterFile|register~941         ; registerfile:RegisterFile|A[13]                                                                                        ; pll|altpll_component|auto_generated|pll1|clk[0] ; pll|altpll_component|auto_generated|pll1|clk[0] ; 0.000        ; 0.064      ; 0.797      ;
; 0.652 ; registerfile:RegisterFile|register~1018        ; registerfile:RegisterFile|A[26]                                                                                        ; pll|altpll_component|auto_generated|pll1|clk[0] ; pll|altpll_component|auto_generated|pll1|clk[0] ; 0.000        ; 0.046      ; 0.780      ;
; 0.652 ; registerfile:RegisterFile|register~997         ; registerfile:RegisterFile|A[5]                                                                                         ; pll|altpll_component|auto_generated|pll1|clk[0] ; pll|altpll_component|auto_generated|pll1|clk[0] ; 0.000        ; 0.047      ; 0.781      ;
; 0.653 ; register:D|out[26]                             ; registerfile:RegisterFile|register~506                                                                                 ; pll|altpll_component|auto_generated|pll1|clk[0] ; pll|altpll_component|auto_generated|pll1|clk[0] ; 0.000        ; 0.068      ; 0.803      ;
; 0.654 ; registerfile:RegisterFile|B[7]                 ; datamemory:Data_Memory|altsyncram:altsyncram_component|altsyncram_28i1:auto_generated|ram_block1a0~porta_datain_reg0   ; pll|altpll_component|auto_generated|pll1|clk[0] ; pll|altpll_component|auto_generated|pll1|clk[0] ; 0.000        ; 0.221      ; 0.976      ;
; 0.654 ; Multiplicador:multiplicador|ACC:acc|Saidas[9]  ; register:D|out[9]                                                                                                      ; pll|altpll_component|auto_generated|pll1|clk[1] ; pll|altpll_component|auto_generated|pll1|clk[0] ; 0.001        ; 0.108      ; 0.865      ;
; 0.655 ; registerfile:RegisterFile|register~884         ; registerfile:RegisterFile|A[20]                                                                                        ; pll|altpll_component|auto_generated|pll1|clk[0] ; pll|altpll_component|auto_generated|pll1|clk[0] ; 0.000        ; 0.050      ; 0.787      ;
; 0.660 ; Multiplicador:multiplicador|ACC:acc|Saidas[24] ; register:D|out[24]                                                                                                     ; pll|altpll_component|auto_generated|pll1|clk[1] ; pll|altpll_component|auto_generated|pll1|clk[0] ; 0.001        ; 0.103      ; 0.866      ;
; 0.661 ; PC:pc|addr[0]                                  ; InstMem:IM|altsyncram:altsyncram_component|altsyncram_jv91:auto_generated|ram_block1a11~porta_address_reg0             ; pll|altpll_component|auto_generated|pll1|clk[0] ; pll|altpll_component|auto_generated|pll1|clk[0] ; 0.000        ; 0.232      ; 0.994      ;
; 0.663 ; registerfile:RegisterFile|register~453         ; registerfile:RegisterFile|B[5]                                                                                         ; pll|altpll_component|auto_generated|pll1|clk[0] ; pll|altpll_component|auto_generated|pll1|clk[0] ; 0.000        ; 0.046      ; 0.791      ;
; 0.666 ; registerfile:RegisterFile|register~247         ; registerfile:RegisterFile|A[23]                                                                                        ; pll|altpll_component|auto_generated|pll1|clk[0] ; pll|altpll_component|auto_generated|pll1|clk[0] ; 0.000        ; 0.040      ; 0.788      ;
; 0.666 ; PC:pc|addr[7]                                  ; InstMem:IM|altsyncram:altsyncram_component|altsyncram_jv91:auto_generated|ram_block1a11~porta_address_reg0             ; pll|altpll_component|auto_generated|pll1|clk[0] ; pll|altpll_component|auto_generated|pll1|clk[0] ; 0.000        ; 0.235      ; 1.002      ;
; 0.666 ; register:D|out[8]                              ; registerfile:RegisterFile|register~488                                                                                 ; pll|altpll_component|auto_generated|pll1|clk[0] ; pll|altpll_component|auto_generated|pll1|clk[0] ; 0.000        ; 0.041      ; 0.789      ;
; 0.666 ; register:D|out[18]                             ; registerfile:RegisterFile|register~498                                                                                 ; pll|altpll_component|auto_generated|pll1|clk[0] ; pll|altpll_component|auto_generated|pll1|clk[0] ; 0.000        ; 0.060      ; 0.808      ;
; 0.668 ; registerfile:RegisterFile|B[2]                 ; datamemory:Data_Memory|altsyncram:altsyncram_component|altsyncram_28i1:auto_generated|ram_block1a0~porta_datain_reg0   ; pll|altpll_component|auto_generated|pll1|clk[0] ; pll|altpll_component|auto_generated|pll1|clk[0] ; 0.000        ; 0.259      ; 1.028      ;
; 0.669 ; registerfile:RegisterFile|register~376         ; registerfile:RegisterFile|B[24]                                                                                        ; pll|altpll_component|auto_generated|pll1|clk[0] ; pll|altpll_component|auto_generated|pll1|clk[0] ; 0.000        ; 0.055      ; 0.806      ;
; 0.669 ; PC:pc|addr[23]                                 ; PC:pc|addr[23]                                                                                                         ; pll|altpll_component|auto_generated|pll1|clk[0] ; pll|altpll_component|auto_generated|pll1|clk[0] ; 0.000        ; 0.047      ; 0.798      ;
; 0.670 ; registerfile:RegisterFile|register~751         ; registerfile:RegisterFile|B[15]                                                                                        ; pll|altpll_component|auto_generated|pll1|clk[0] ; pll|altpll_component|auto_generated|pll1|clk[0] ; 0.000        ; 0.038      ; 0.790      ;
; 0.670 ; registerfile:RegisterFile|register~718         ; registerfile:RegisterFile|A[14]                                                                                        ; pll|altpll_component|auto_generated|pll1|clk[0] ; pll|altpll_component|auto_generated|pll1|clk[0] ; 0.000        ; 0.047      ; 0.799      ;
; 0.672 ; registerfile:RegisterFile|register~753         ; registerfile:RegisterFile|A[17]                                                                                        ; pll|altpll_component|auto_generated|pll1|clk[0] ; pll|altpll_component|auto_generated|pll1|clk[0] ; 0.000        ; 0.051      ; 0.805      ;
; 0.674 ; registerfile:RegisterFile|register~344         ; registerfile:RegisterFile|B[24]                                                                                        ; pll|altpll_component|auto_generated|pll1|clk[0] ; pll|altpll_component|auto_generated|pll1|clk[0] ; 0.000        ; 0.055      ; 0.811      ;
; 0.677 ; registerfile:RegisterFile|register~1007        ; registerfile:RegisterFile|B[15]                                                                                        ; pll|altpll_component|auto_generated|pll1|clk[0] ; pll|altpll_component|auto_generated|pll1|clk[0] ; 0.000        ; 0.038      ; 0.797      ;
; 0.678 ; register:D|out[11]                             ; registerfile:RegisterFile|register~491                                                                                 ; pll|altpll_component|auto_generated|pll1|clk[0] ; pll|altpll_component|auto_generated|pll1|clk[0] ; 0.000        ; 0.054      ; 0.814      ;
; 0.679 ; register:D|out[12]                             ; registerfile:RegisterFile|register~492                                                                                 ; pll|altpll_component|auto_generated|pll1|clk[0] ; pll|altpll_component|auto_generated|pll1|clk[0] ; 0.000        ; 0.050      ; 0.811      ;
; 0.680 ; registerfile:RegisterFile|register~677         ; registerfile:RegisterFile|A[5]                                                                                         ; pll|altpll_component|auto_generated|pll1|clk[0] ; pll|altpll_component|auto_generated|pll1|clk[0] ; 0.000        ; 0.050      ; 0.812      ;
; 0.682 ; register:CTRL1|out[2]                          ; register:CTRL2|out[2]                                                                                                  ; pll|altpll_component|auto_generated|pll1|clk[0] ; pll|altpll_component|auto_generated|pll1|clk[0] ; 0.000        ; 0.018      ; 0.782      ;
; 0.682 ; Multiplicador:multiplicador|ACC:acc|Saidas[3]  ; datamemory:Data_Memory|altsyncram:altsyncram_component|altsyncram_28i1:auto_generated|ram_block1a18~porta_address_reg0 ; pll|altpll_component|auto_generated|pll1|clk[1] ; pll|altpll_component|auto_generated|pll1|clk[0] ; 0.001        ; 0.283      ; 1.087      ;
+-------+------------------------------------------------+------------------------------------------------------------------------------------------------------------------------+-------------------------------------------------+-------------------------------------------------+--------------+------------+------------+


+------------------------------------------------------------------------------------------------------------------------------------------------------------------------------------------------------+
; Fast 1200mV -40C Model Recovery: 'pll|altpll_component|auto_generated|pll1|clk[0]'                                                                                                                   ;
+-----------+--------------------+------------------------+-------------------------------------------------+-------------------------------------------------+--------------+------------+------------+
; Slack     ; From Node          ; To Node                ; Launch Clock                                    ; Latch Clock                                     ; Relationship ; Clock Skew ; Data Delay ;
+-----------+--------------------+------------------------+-------------------------------------------------+-------------------------------------------------+--------------+------------+------------+
; 12497.493 ; PC:pc|resetControl ; register:CTRL1|out[1]  ; pll|altpll_component|auto_generated|pll1|clk[0] ; pll|altpll_component|auto_generated|pll1|clk[0] ; 12500.000    ; -0.046     ; 2.449      ;
; 12497.493 ; PC:pc|resetControl ; register:CTRL1|out[8]  ; pll|altpll_component|auto_generated|pll1|clk[0] ; pll|altpll_component|auto_generated|pll1|clk[0] ; 12500.000    ; -0.046     ; 2.449      ;
; 12497.493 ; PC:pc|resetControl ; register:CTRL1|out[3]  ; pll|altpll_component|auto_generated|pll1|clk[0] ; pll|altpll_component|auto_generated|pll1|clk[0] ; 12500.000    ; -0.046     ; 2.449      ;
; 12497.636 ; PC:pc|resetControl ; register:CTRL1|out[12] ; pll|altpll_component|auto_generated|pll1|clk[0] ; pll|altpll_component|auto_generated|pll1|clk[0] ; 12500.000    ; -0.046     ; 2.306      ;
; 12497.636 ; PC:pc|resetControl ; register:CTRL1|out[10] ; pll|altpll_component|auto_generated|pll1|clk[0] ; pll|altpll_component|auto_generated|pll1|clk[0] ; 12500.000    ; -0.046     ; 2.306      ;
; 12497.636 ; PC:pc|resetControl ; register:CTRL1|out[11] ; pll|altpll_component|auto_generated|pll1|clk[0] ; pll|altpll_component|auto_generated|pll1|clk[0] ; 12500.000    ; -0.046     ; 2.306      ;
; 12497.636 ; PC:pc|resetControl ; register:CTRL1|out[13] ; pll|altpll_component|auto_generated|pll1|clk[0] ; pll|altpll_component|auto_generated|pll1|clk[0] ; 12500.000    ; -0.046     ; 2.306      ;
; 12497.636 ; PC:pc|resetControl ; register:CTRL1|out[14] ; pll|altpll_component|auto_generated|pll1|clk[0] ; pll|altpll_component|auto_generated|pll1|clk[0] ; 12500.000    ; -0.046     ; 2.306      ;
; 12498.726 ; PC:pc|resetControl ; register:CTRL1|out[7]  ; pll|altpll_component|auto_generated|pll1|clk[0] ; pll|altpll_component|auto_generated|pll1|clk[0] ; 12500.000    ; -0.051     ; 1.211      ;
; 12498.726 ; PC:pc|resetControl ; register:CTRL1|out[9]  ; pll|altpll_component|auto_generated|pll1|clk[0] ; pll|altpll_component|auto_generated|pll1|clk[0] ; 12500.000    ; -0.051     ; 1.211      ;
; 12498.726 ; PC:pc|resetControl ; register:CTRL1|out[2]  ; pll|altpll_component|auto_generated|pll1|clk[0] ; pll|altpll_component|auto_generated|pll1|clk[0] ; 12500.000    ; -0.051     ; 1.211      ;
; 12498.726 ; PC:pc|resetControl ; register:CTRL1|out[5]  ; pll|altpll_component|auto_generated|pll1|clk[0] ; pll|altpll_component|auto_generated|pll1|clk[0] ; 12500.000    ; -0.051     ; 1.211      ;
; 12498.726 ; PC:pc|resetControl ; register:CTRL1|out[4]  ; pll|altpll_component|auto_generated|pll1|clk[0] ; pll|altpll_component|auto_generated|pll1|clk[0] ; 12500.000    ; -0.051     ; 1.211      ;
; 12498.726 ; PC:pc|resetControl ; register:CTRL1|out[6]  ; pll|altpll_component|auto_generated|pll1|clk[0] ; pll|altpll_component|auto_generated|pll1|clk[0] ; 12500.000    ; -0.051     ; 1.211      ;
+-----------+--------------------+------------------------+-------------------------------------------------+-------------------------------------------------+--------------+------------+------------+


+--------------------------------------------------------------------------------------------------------------------------------------------------------------------------------------------------+
; Fast 1200mV -40C Model Removal: 'pll|altpll_component|auto_generated|pll1|clk[0]'                                                                                                                ;
+-------+--------------------+------------------------+-------------------------------------------------+-------------------------------------------------+--------------+------------+------------+
; Slack ; From Node          ; To Node                ; Launch Clock                                    ; Latch Clock                                     ; Relationship ; Clock Skew ; Data Delay ;
+-------+--------------------+------------------------+-------------------------------------------------+-------------------------------------------------+--------------+------------+------------+
; 0.929 ; PC:pc|resetControl ; register:CTRL1|out[7]  ; pll|altpll_component|auto_generated|pll1|clk[0] ; pll|altpll_component|auto_generated|pll1|clk[0] ; 0.000        ; 0.042      ; 1.053      ;
; 0.929 ; PC:pc|resetControl ; register:CTRL1|out[9]  ; pll|altpll_component|auto_generated|pll1|clk[0] ; pll|altpll_component|auto_generated|pll1|clk[0] ; 0.000        ; 0.042      ; 1.053      ;
; 0.929 ; PC:pc|resetControl ; register:CTRL1|out[2]  ; pll|altpll_component|auto_generated|pll1|clk[0] ; pll|altpll_component|auto_generated|pll1|clk[0] ; 0.000        ; 0.042      ; 1.053      ;
; 0.929 ; PC:pc|resetControl ; register:CTRL1|out[5]  ; pll|altpll_component|auto_generated|pll1|clk[0] ; pll|altpll_component|auto_generated|pll1|clk[0] ; 0.000        ; 0.042      ; 1.053      ;
; 0.929 ; PC:pc|resetControl ; register:CTRL1|out[4]  ; pll|altpll_component|auto_generated|pll1|clk[0] ; pll|altpll_component|auto_generated|pll1|clk[0] ; 0.000        ; 0.042      ; 1.053      ;
; 0.929 ; PC:pc|resetControl ; register:CTRL1|out[6]  ; pll|altpll_component|auto_generated|pll1|clk[0] ; pll|altpll_component|auto_generated|pll1|clk[0] ; 0.000        ; 0.042      ; 1.053      ;
; 1.844 ; PC:pc|resetControl ; register:CTRL1|out[12] ; pll|altpll_component|auto_generated|pll1|clk[0] ; pll|altpll_component|auto_generated|pll1|clk[0] ; 0.000        ; 0.048      ; 1.974      ;
; 1.844 ; PC:pc|resetControl ; register:CTRL1|out[10] ; pll|altpll_component|auto_generated|pll1|clk[0] ; pll|altpll_component|auto_generated|pll1|clk[0] ; 0.000        ; 0.048      ; 1.974      ;
; 1.844 ; PC:pc|resetControl ; register:CTRL1|out[11] ; pll|altpll_component|auto_generated|pll1|clk[0] ; pll|altpll_component|auto_generated|pll1|clk[0] ; 0.000        ; 0.048      ; 1.974      ;
; 1.844 ; PC:pc|resetControl ; register:CTRL1|out[13] ; pll|altpll_component|auto_generated|pll1|clk[0] ; pll|altpll_component|auto_generated|pll1|clk[0] ; 0.000        ; 0.048      ; 1.974      ;
; 1.844 ; PC:pc|resetControl ; register:CTRL1|out[14] ; pll|altpll_component|auto_generated|pll1|clk[0] ; pll|altpll_component|auto_generated|pll1|clk[0] ; 0.000        ; 0.048      ; 1.974      ;
; 1.966 ; PC:pc|resetControl ; register:CTRL1|out[1]  ; pll|altpll_component|auto_generated|pll1|clk[0] ; pll|altpll_component|auto_generated|pll1|clk[0] ; 0.000        ; 0.047      ; 2.095      ;
; 1.966 ; PC:pc|resetControl ; register:CTRL1|out[8]  ; pll|altpll_component|auto_generated|pll1|clk[0] ; pll|altpll_component|auto_generated|pll1|clk[0] ; 0.000        ; 0.047      ; 2.095      ;
; 1.966 ; PC:pc|resetControl ; register:CTRL1|out[3]  ; pll|altpll_component|auto_generated|pll1|clk[0] ; pll|altpll_component|auto_generated|pll1|clk[0] ; 0.000        ; 0.047      ; 2.095      ;
+-------+--------------------+------------------------+-------------------------------------------------+-------------------------------------------------+--------------+------------+------------+


------------------------------------------------
; Fast 1200mV -40C Model Metastability Summary ;
------------------------------------------------
No synchronizer chains to report.


+-----------------------------------------------------------------------------------------------------------------+
; Multicorner Timing Analysis Summary                                                                             ;
+--------------------------------------------------+----------+-------+-----------+---------+---------------------+
; Clock                                            ; Setup    ; Hold  ; Recovery  ; Removal ; Minimum Pulse Width ;
+--------------------------------------------------+----------+-------+-----------+---------+---------------------+
; Worst-case Slack                                 ; 4158.793 ; 0.168 ; 12495.190 ; 0.929   ; 4.626               ;
;  CLK                                             ; N/A      ; N/A   ; N/A       ; N/A     ; 4.626               ;
;  pll|altpll_component|auto_generated|pll1|clk[0] ; 4158.793 ; 0.231 ; 12495.190 ; 0.929   ; 6249.619            ;
;  pll|altpll_component|auto_generated|pll1|clk[1] ; 4160.679 ; 0.168 ; N/A       ; N/A     ; 4166.287            ;
; Design-wide TNS                                  ; 0.0      ; 0.0   ; 0.0       ; 0.0     ; 0.0                 ;
;  CLK                                             ; N/A      ; N/A   ; N/A       ; N/A     ; 0.000               ;
;  pll|altpll_component|auto_generated|pll1|clk[0] ; 0.000    ; 0.000 ; 0.000     ; 0.000   ; 0.000               ;
;  pll|altpll_component|auto_generated|pll1|clk[1] ; 0.000    ; 0.000 ; N/A       ; N/A     ; 0.000               ;
+--------------------------------------------------+----------+-------+-----------+---------+---------------------+


+-----------------------------------------------------------------------------------------------------------------------------------------------------------------------------------------------------------------------------------------------------------------------------------------------------------------------------------------------------------------------------------------------------------------------+
; Board Trace Model Assignments                                                                                                                                                                                                                                                                                                                                                                                         ;
+--------------------+--------------+-------------------+-------------------------+-------------------------+---------------+---------------------+----------------+------------------+--------+------------------+------------------------+------------------------+--------------+---------------+-----------------+-------+---------------------+--------------------+---------------+-----------------+-------------+
; Pin                ; I/O Standard ; Near Tline Length ; Near Tline L per Length ; Near Tline C per Length ; Near Series R ; Near Differential R ; Near Pull-up R ; Near Pull-down R ; Near C ; Far Tline Length ; Far Tline L per Length ; Far Tline C per Length ; Far Series R ; Far Pull-up R ; Far Pull-down R ; Far C ; Termination Voltage ; Far Differential R ; EBD File Name ; EBD Signal Name ; EBD Far-end ;
+--------------------+--------------+-------------------+-------------------------+-------------------------+---------------+---------------------+----------------+------------------+--------+------------------+------------------------+------------------------+--------------+---------------+-----------------+-------+---------------------+--------------------+---------------+-----------------+-------------+
; ADDR[0]            ; 2.5 V        ; 0 in              ; 0 H/in                  ; 0 F/in                  ; short         ; -                   ; open           ; open             ; open   ; 0 in             ; 0 H/in                 ; 0 F/in                 ; short        ; open          ; open            ; open  ; 0 V                 ; -                  ; n/a           ; n/a             ; n/a         ;
; ADDR[1]            ; 2.5 V        ; 0 in              ; 0 H/in                  ; 0 F/in                  ; short         ; -                   ; open           ; open             ; open   ; 0 in             ; 0 H/in                 ; 0 F/in                 ; short        ; open          ; open            ; open  ; 0 V                 ; -                  ; n/a           ; n/a             ; n/a         ;
; ADDR[2]            ; 2.5 V        ; 0 in              ; 0 H/in                  ; 0 F/in                  ; short         ; -                   ; open           ; open             ; open   ; 0 in             ; 0 H/in                 ; 0 F/in                 ; short        ; open          ; open            ; open  ; 0 V                 ; -                  ; n/a           ; n/a             ; n/a         ;
; ADDR[3]            ; 2.5 V        ; 0 in              ; 0 H/in                  ; 0 F/in                  ; short         ; -                   ; open           ; open             ; open   ; 0 in             ; 0 H/in                 ; 0 F/in                 ; short        ; open          ; open            ; open  ; 0 V                 ; -                  ; n/a           ; n/a             ; n/a         ;
; ADDR[4]            ; 2.5 V        ; 0 in              ; 0 H/in                  ; 0 F/in                  ; short         ; -                   ; open           ; open             ; open   ; 0 in             ; 0 H/in                 ; 0 F/in                 ; short        ; open          ; open            ; open  ; 0 V                 ; -                  ; n/a           ; n/a             ; n/a         ;
; ADDR[5]            ; 2.5 V        ; 0 in              ; 0 H/in                  ; 0 F/in                  ; short         ; -                   ; open           ; open             ; open   ; 0 in             ; 0 H/in                 ; 0 F/in                 ; short        ; open          ; open            ; open  ; 0 V                 ; -                  ; n/a           ; n/a             ; n/a         ;
; ADDR[6]            ; 2.5 V        ; 0 in              ; 0 H/in                  ; 0 F/in                  ; short         ; -                   ; open           ; open             ; open   ; 0 in             ; 0 H/in                 ; 0 F/in                 ; short        ; open          ; open            ; open  ; 0 V                 ; -                  ; n/a           ; n/a             ; n/a         ;
; ADDR[7]            ; 2.5 V        ; 0 in              ; 0 H/in                  ; 0 F/in                  ; short         ; -                   ; open           ; open             ; open   ; 0 in             ; 0 H/in                 ; 0 F/in                 ; short        ; open          ; open            ; open  ; 0 V                 ; -                  ; n/a           ; n/a             ; n/a         ;
; ADDR[8]            ; 2.5 V        ; 0 in              ; 0 H/in                  ; 0 F/in                  ; short         ; -                   ; open           ; open             ; open   ; 0 in             ; 0 H/in                 ; 0 F/in                 ; short        ; open          ; open            ; open  ; 0 V                 ; -                  ; n/a           ; n/a             ; n/a         ;
; ADDR[9]            ; 2.5 V        ; 0 in              ; 0 H/in                  ; 0 F/in                  ; short         ; -                   ; open           ; open             ; open   ; 0 in             ; 0 H/in                 ; 0 F/in                 ; short        ; open          ; open            ; open  ; 0 V                 ; -                  ; n/a           ; n/a             ; n/a         ;
; ADDR[10]           ; 2.5 V        ; 0 in              ; 0 H/in                  ; 0 F/in                  ; short         ; -                   ; open           ; open             ; open   ; 0 in             ; 0 H/in                 ; 0 F/in                 ; short        ; open          ; open            ; open  ; 0 V                 ; -                  ; n/a           ; n/a             ; n/a         ;
; ADDR[11]           ; 2.5 V        ; 0 in              ; 0 H/in                  ; 0 F/in                  ; short         ; -                   ; open           ; open             ; open   ; 0 in             ; 0 H/in                 ; 0 F/in                 ; short        ; open          ; open            ; open  ; 0 V                 ; -                  ; n/a           ; n/a             ; n/a         ;
; ADDR[12]           ; 2.5 V        ; 0 in              ; 0 H/in                  ; 0 F/in                  ; short         ; -                   ; open           ; open             ; open   ; 0 in             ; 0 H/in                 ; 0 F/in                 ; short        ; open          ; open            ; open  ; 0 V                 ; -                  ; n/a           ; n/a             ; n/a         ;
; ADDR[13]           ; 2.5 V        ; 0 in              ; 0 H/in                  ; 0 F/in                  ; short         ; -                   ; open           ; open             ; open   ; 0 in             ; 0 H/in                 ; 0 F/in                 ; short        ; open          ; open            ; open  ; 0 V                 ; -                  ; n/a           ; n/a             ; n/a         ;
; ADDR[14]           ; 2.5 V        ; 0 in              ; 0 H/in                  ; 0 F/in                  ; short         ; -                   ; open           ; open             ; open   ; 0 in             ; 0 H/in                 ; 0 F/in                 ; short        ; open          ; open            ; open  ; 0 V                 ; -                  ; n/a           ; n/a             ; n/a         ;
; ADDR[15]           ; 2.5 V        ; 0 in              ; 0 H/in                  ; 0 F/in                  ; short         ; -                   ; open           ; open             ; open   ; 0 in             ; 0 H/in                 ; 0 F/in                 ; short        ; open          ; open            ; open  ; 0 V                 ; -                  ; n/a           ; n/a             ; n/a         ;
; ADDR[16]           ; 2.5 V        ; 0 in              ; 0 H/in                  ; 0 F/in                  ; short         ; -                   ; open           ; open             ; open   ; 0 in             ; 0 H/in                 ; 0 F/in                 ; short        ; open          ; open            ; open  ; 0 V                 ; -                  ; n/a           ; n/a             ; n/a         ;
; ADDR[17]           ; 2.5 V        ; 0 in              ; 0 H/in                  ; 0 F/in                  ; short         ; -                   ; open           ; open             ; open   ; 0 in             ; 0 H/in                 ; 0 F/in                 ; short        ; open          ; open            ; open  ; 0 V                 ; -                  ; n/a           ; n/a             ; n/a         ;
; ADDR[18]           ; 2.5 V        ; 0 in              ; 0 H/in                  ; 0 F/in                  ; short         ; -                   ; open           ; open             ; open   ; 0 in             ; 0 H/in                 ; 0 F/in                 ; short        ; open          ; open            ; open  ; 0 V                 ; -                  ; n/a           ; n/a             ; n/a         ;
; ADDR[19]           ; 2.5 V        ; 0 in              ; 0 H/in                  ; 0 F/in                  ; short         ; -                   ; open           ; open             ; open   ; 0 in             ; 0 H/in                 ; 0 F/in                 ; short        ; open          ; open            ; open  ; 0 V                 ; -                  ; n/a           ; n/a             ; n/a         ;
; ADDR[20]           ; 2.5 V        ; 0 in              ; 0 H/in                  ; 0 F/in                  ; short         ; -                   ; open           ; open             ; open   ; 0 in             ; 0 H/in                 ; 0 F/in                 ; short        ; open          ; open            ; open  ; 0 V                 ; -                  ; n/a           ; n/a             ; n/a         ;
; ADDR[21]           ; 2.5 V        ; 0 in              ; 0 H/in                  ; 0 F/in                  ; short         ; -                   ; open           ; open             ; open   ; 0 in             ; 0 H/in                 ; 0 F/in                 ; short        ; open          ; open            ; open  ; 0 V                 ; -                  ; n/a           ; n/a             ; n/a         ;
; ADDR[22]           ; 2.5 V        ; 0 in              ; 0 H/in                  ; 0 F/in                  ; short         ; -                   ; open           ; open             ; open   ; 0 in             ; 0 H/in                 ; 0 F/in                 ; short        ; open          ; open            ; open  ; 0 V                 ; -                  ; n/a           ; n/a             ; n/a         ;
; ADDR[23]           ; 2.5 V        ; 0 in              ; 0 H/in                  ; 0 F/in                  ; short         ; -                   ; open           ; open             ; open   ; 0 in             ; 0 H/in                 ; 0 F/in                 ; short        ; open          ; open            ; open  ; 0 V                 ; -                  ; n/a           ; n/a             ; n/a         ;
; ADDR[24]           ; 2.5 V        ; 0 in              ; 0 H/in                  ; 0 F/in                  ; short         ; -                   ; open           ; open             ; open   ; 0 in             ; 0 H/in                 ; 0 F/in                 ; short        ; open          ; open            ; open  ; 0 V                 ; -                  ; n/a           ; n/a             ; n/a         ;
; ADDR[25]           ; 2.5 V        ; 0 in              ; 0 H/in                  ; 0 F/in                  ; short         ; -                   ; open           ; open             ; open   ; 0 in             ; 0 H/in                 ; 0 F/in                 ; short        ; open          ; open            ; open  ; 0 V                 ; -                  ; n/a           ; n/a             ; n/a         ;
; ADDR[26]           ; 2.5 V        ; 0 in              ; 0 H/in                  ; 0 F/in                  ; short         ; -                   ; open           ; open             ; open   ; 0 in             ; 0 H/in                 ; 0 F/in                 ; short        ; open          ; open            ; open  ; 0 V                 ; -                  ; n/a           ; n/a             ; n/a         ;
; ADDR[27]           ; 2.5 V        ; 0 in              ; 0 H/in                  ; 0 F/in                  ; short         ; -                   ; open           ; open             ; open   ; 0 in             ; 0 H/in                 ; 0 F/in                 ; short        ; open          ; open            ; open  ; 0 V                 ; -                  ; n/a           ; n/a             ; n/a         ;
; ADDR[28]           ; 2.5 V        ; 0 in              ; 0 H/in                  ; 0 F/in                  ; short         ; -                   ; open           ; open             ; open   ; 0 in             ; 0 H/in                 ; 0 F/in                 ; short        ; open          ; open            ; open  ; 0 V                 ; -                  ; n/a           ; n/a             ; n/a         ;
; ADDR[29]           ; 2.5 V        ; 0 in              ; 0 H/in                  ; 0 F/in                  ; short         ; -                   ; open           ; open             ; open   ; 0 in             ; 0 H/in                 ; 0 F/in                 ; short        ; open          ; open            ; open  ; 0 V                 ; -                  ; n/a           ; n/a             ; n/a         ;
; ADDR[30]           ; 2.5 V        ; 0 in              ; 0 H/in                  ; 0 F/in                  ; short         ; -                   ; open           ; open             ; open   ; 0 in             ; 0 H/in                 ; 0 F/in                 ; short        ; open          ; open            ; open  ; 0 V                 ; -                  ; n/a           ; n/a             ; n/a         ;
; ADDR[31]           ; 2.5 V        ; 0 in              ; 0 H/in                  ; 0 F/in                  ; short         ; -                   ; open           ; open             ; open   ; 0 in             ; 0 H/in                 ; 0 F/in                 ; short        ; open          ; open            ; open  ; 0 V                 ; -                  ; n/a           ; n/a             ; n/a         ;
; Data_BUS_WRITE[0]  ; 2.5 V        ; 0 in              ; 0 H/in                  ; 0 F/in                  ; short         ; -                   ; open           ; open             ; open   ; 0 in             ; 0 H/in                 ; 0 F/in                 ; short        ; open          ; open            ; open  ; 0 V                 ; -                  ; n/a           ; n/a             ; n/a         ;
; Data_BUS_WRITE[1]  ; 2.5 V        ; 0 in              ; 0 H/in                  ; 0 F/in                  ; short         ; -                   ; open           ; open             ; open   ; 0 in             ; 0 H/in                 ; 0 F/in                 ; short        ; open          ; open            ; open  ; 0 V                 ; -                  ; n/a           ; n/a             ; n/a         ;
; Data_BUS_WRITE[2]  ; 2.5 V        ; 0 in              ; 0 H/in                  ; 0 F/in                  ; short         ; -                   ; open           ; open             ; open   ; 0 in             ; 0 H/in                 ; 0 F/in                 ; short        ; open          ; open            ; open  ; 0 V                 ; -                  ; n/a           ; n/a             ; n/a         ;
; Data_BUS_WRITE[3]  ; 2.5 V        ; 0 in              ; 0 H/in                  ; 0 F/in                  ; short         ; -                   ; open           ; open             ; open   ; 0 in             ; 0 H/in                 ; 0 F/in                 ; short        ; open          ; open            ; open  ; 0 V                 ; -                  ; n/a           ; n/a             ; n/a         ;
; Data_BUS_WRITE[4]  ; 2.5 V        ; 0 in              ; 0 H/in                  ; 0 F/in                  ; short         ; -                   ; open           ; open             ; open   ; 0 in             ; 0 H/in                 ; 0 F/in                 ; short        ; open          ; open            ; open  ; 0 V                 ; -                  ; n/a           ; n/a             ; n/a         ;
; Data_BUS_WRITE[5]  ; 2.5 V        ; 0 in              ; 0 H/in                  ; 0 F/in                  ; short         ; -                   ; open           ; open             ; open   ; 0 in             ; 0 H/in                 ; 0 F/in                 ; short        ; open          ; open            ; open  ; 0 V                 ; -                  ; n/a           ; n/a             ; n/a         ;
; Data_BUS_WRITE[6]  ; 2.5 V        ; 0 in              ; 0 H/in                  ; 0 F/in                  ; short         ; -                   ; open           ; open             ; open   ; 0 in             ; 0 H/in                 ; 0 F/in                 ; short        ; open          ; open            ; open  ; 0 V                 ; -                  ; n/a           ; n/a             ; n/a         ;
; Data_BUS_WRITE[7]  ; 2.5 V        ; 0 in              ; 0 H/in                  ; 0 F/in                  ; short         ; -                   ; open           ; open             ; open   ; 0 in             ; 0 H/in                 ; 0 F/in                 ; short        ; open          ; open            ; open  ; 0 V                 ; -                  ; n/a           ; n/a             ; n/a         ;
; Data_BUS_WRITE[8]  ; 2.5 V        ; 0 in              ; 0 H/in                  ; 0 F/in                  ; short         ; -                   ; open           ; open             ; open   ; 0 in             ; 0 H/in                 ; 0 F/in                 ; short        ; open          ; open            ; open  ; 0 V                 ; -                  ; n/a           ; n/a             ; n/a         ;
; Data_BUS_WRITE[9]  ; 2.5 V        ; 0 in              ; 0 H/in                  ; 0 F/in                  ; short         ; -                   ; open           ; open             ; open   ; 0 in             ; 0 H/in                 ; 0 F/in                 ; short        ; open          ; open            ; open  ; 0 V                 ; -                  ; n/a           ; n/a             ; n/a         ;
; Data_BUS_WRITE[10] ; 2.5 V        ; 0 in              ; 0 H/in                  ; 0 F/in                  ; short         ; -                   ; open           ; open             ; open   ; 0 in             ; 0 H/in                 ; 0 F/in                 ; short        ; open          ; open            ; open  ; 0 V                 ; -                  ; n/a           ; n/a             ; n/a         ;
; Data_BUS_WRITE[11] ; 2.5 V        ; 0 in              ; 0 H/in                  ; 0 F/in                  ; short         ; -                   ; open           ; open             ; open   ; 0 in             ; 0 H/in                 ; 0 F/in                 ; short        ; open          ; open            ; open  ; 0 V                 ; -                  ; n/a           ; n/a             ; n/a         ;
; Data_BUS_WRITE[12] ; 2.5 V        ; 0 in              ; 0 H/in                  ; 0 F/in                  ; short         ; -                   ; open           ; open             ; open   ; 0 in             ; 0 H/in                 ; 0 F/in                 ; short        ; open          ; open            ; open  ; 0 V                 ; -                  ; n/a           ; n/a             ; n/a         ;
; Data_BUS_WRITE[13] ; 2.5 V        ; 0 in              ; 0 H/in                  ; 0 F/in                  ; short         ; -                   ; open           ; open             ; open   ; 0 in             ; 0 H/in                 ; 0 F/in                 ; short        ; open          ; open            ; open  ; 0 V                 ; -                  ; n/a           ; n/a             ; n/a         ;
; Data_BUS_WRITE[14] ; 2.5 V        ; 0 in              ; 0 H/in                  ; 0 F/in                  ; short         ; -                   ; open           ; open             ; open   ; 0 in             ; 0 H/in                 ; 0 F/in                 ; short        ; open          ; open            ; open  ; 0 V                 ; -                  ; n/a           ; n/a             ; n/a         ;
; Data_BUS_WRITE[15] ; 2.5 V        ; 0 in              ; 0 H/in                  ; 0 F/in                  ; short         ; -                   ; open           ; open             ; open   ; 0 in             ; 0 H/in                 ; 0 F/in                 ; short        ; open          ; open            ; open  ; 0 V                 ; -                  ; n/a           ; n/a             ; n/a         ;
; Data_BUS_WRITE[16] ; 2.5 V        ; 0 in              ; 0 H/in                  ; 0 F/in                  ; short         ; -                   ; open           ; open             ; open   ; 0 in             ; 0 H/in                 ; 0 F/in                 ; short        ; open          ; open            ; open  ; 0 V                 ; -                  ; n/a           ; n/a             ; n/a         ;
; Data_BUS_WRITE[17] ; 2.5 V        ; 0 in              ; 0 H/in                  ; 0 F/in                  ; short         ; -                   ; open           ; open             ; open   ; 0 in             ; 0 H/in                 ; 0 F/in                 ; short        ; open          ; open            ; open  ; 0 V                 ; -                  ; n/a           ; n/a             ; n/a         ;
; Data_BUS_WRITE[18] ; 2.5 V        ; 0 in              ; 0 H/in                  ; 0 F/in                  ; short         ; -                   ; open           ; open             ; open   ; 0 in             ; 0 H/in                 ; 0 F/in                 ; short        ; open          ; open            ; open  ; 0 V                 ; -                  ; n/a           ; n/a             ; n/a         ;
; Data_BUS_WRITE[19] ; 2.5 V        ; 0 in              ; 0 H/in                  ; 0 F/in                  ; short         ; -                   ; open           ; open             ; open   ; 0 in             ; 0 H/in                 ; 0 F/in                 ; short        ; open          ; open            ; open  ; 0 V                 ; -                  ; n/a           ; n/a             ; n/a         ;
; Data_BUS_WRITE[20] ; 2.5 V        ; 0 in              ; 0 H/in                  ; 0 F/in                  ; short         ; -                   ; open           ; open             ; open   ; 0 in             ; 0 H/in                 ; 0 F/in                 ; short        ; open          ; open            ; open  ; 0 V                 ; -                  ; n/a           ; n/a             ; n/a         ;
; Data_BUS_WRITE[21] ; 2.5 V        ; 0 in              ; 0 H/in                  ; 0 F/in                  ; short         ; -                   ; open           ; open             ; open   ; 0 in             ; 0 H/in                 ; 0 F/in                 ; short        ; open          ; open            ; open  ; 0 V                 ; -                  ; n/a           ; n/a             ; n/a         ;
; Data_BUS_WRITE[22] ; 2.5 V        ; 0 in              ; 0 H/in                  ; 0 F/in                  ; short         ; -                   ; open           ; open             ; open   ; 0 in             ; 0 H/in                 ; 0 F/in                 ; short        ; open          ; open            ; open  ; 0 V                 ; -                  ; n/a           ; n/a             ; n/a         ;
; Data_BUS_WRITE[23] ; 2.5 V        ; 0 in              ; 0 H/in                  ; 0 F/in                  ; short         ; -                   ; open           ; open             ; open   ; 0 in             ; 0 H/in                 ; 0 F/in                 ; short        ; open          ; open            ; open  ; 0 V                 ; -                  ; n/a           ; n/a             ; n/a         ;
; Data_BUS_WRITE[24] ; 2.5 V        ; 0 in              ; 0 H/in                  ; 0 F/in                  ; short         ; -                   ; open           ; open             ; open   ; 0 in             ; 0 H/in                 ; 0 F/in                 ; short        ; open          ; open            ; open  ; 0 V                 ; -                  ; n/a           ; n/a             ; n/a         ;
; Data_BUS_WRITE[25] ; 2.5 V        ; 0 in              ; 0 H/in                  ; 0 F/in                  ; short         ; -                   ; open           ; open             ; open   ; 0 in             ; 0 H/in                 ; 0 F/in                 ; short        ; open          ; open            ; open  ; 0 V                 ; -                  ; n/a           ; n/a             ; n/a         ;
; Data_BUS_WRITE[26] ; 2.5 V        ; 0 in              ; 0 H/in                  ; 0 F/in                  ; short         ; -                   ; open           ; open             ; open   ; 0 in             ; 0 H/in                 ; 0 F/in                 ; short        ; open          ; open            ; open  ; 0 V                 ; -                  ; n/a           ; n/a             ; n/a         ;
; Data_BUS_WRITE[27] ; 2.5 V        ; 0 in              ; 0 H/in                  ; 0 F/in                  ; short         ; -                   ; open           ; open             ; open   ; 0 in             ; 0 H/in                 ; 0 F/in                 ; short        ; open          ; open            ; open  ; 0 V                 ; -                  ; n/a           ; n/a             ; n/a         ;
; Data_BUS_WRITE[28] ; 2.5 V        ; 0 in              ; 0 H/in                  ; 0 F/in                  ; short         ; -                   ; open           ; open             ; open   ; 0 in             ; 0 H/in                 ; 0 F/in                 ; short        ; open          ; open            ; open  ; 0 V                 ; -                  ; n/a           ; n/a             ; n/a         ;
; Data_BUS_WRITE[29] ; 2.5 V        ; 0 in              ; 0 H/in                  ; 0 F/in                  ; short         ; -                   ; open           ; open             ; open   ; 0 in             ; 0 H/in                 ; 0 F/in                 ; short        ; open          ; open            ; open  ; 0 V                 ; -                  ; n/a           ; n/a             ; n/a         ;
; Data_BUS_WRITE[30] ; 2.5 V        ; 0 in              ; 0 H/in                  ; 0 F/in                  ; short         ; -                   ; open           ; open             ; open   ; 0 in             ; 0 H/in                 ; 0 F/in                 ; short        ; open          ; open            ; open  ; 0 V                 ; -                  ; n/a           ; n/a             ; n/a         ;
; Data_BUS_WRITE[31] ; 2.5 V        ; 0 in              ; 0 H/in                  ; 0 F/in                  ; short         ; -                   ; open           ; open             ; open   ; 0 in             ; 0 H/in                 ; 0 F/in                 ; short        ; open          ; open            ; open  ; 0 V                 ; -                  ; n/a           ; n/a             ; n/a         ;
; ADDR_Prog[0]       ; 2.5 V        ; 0 in              ; 0 H/in                  ; 0 F/in                  ; short         ; -                   ; open           ; open             ; open   ; 0 in             ; 0 H/in                 ; 0 F/in                 ; short        ; open          ; open            ; open  ; 0 V                 ; -                  ; n/a           ; n/a             ; n/a         ;
; ADDR_Prog[1]       ; 2.5 V        ; 0 in              ; 0 H/in                  ; 0 F/in                  ; short         ; -                   ; open           ; open             ; open   ; 0 in             ; 0 H/in                 ; 0 F/in                 ; short        ; open          ; open            ; open  ; 0 V                 ; -                  ; n/a           ; n/a             ; n/a         ;
; ADDR_Prog[2]       ; 2.5 V        ; 0 in              ; 0 H/in                  ; 0 F/in                  ; short         ; -                   ; open           ; open             ; open   ; 0 in             ; 0 H/in                 ; 0 F/in                 ; short        ; open          ; open            ; open  ; 0 V                 ; -                  ; n/a           ; n/a             ; n/a         ;
; ADDR_Prog[3]       ; 2.5 V        ; 0 in              ; 0 H/in                  ; 0 F/in                  ; short         ; -                   ; open           ; open             ; open   ; 0 in             ; 0 H/in                 ; 0 F/in                 ; short        ; open          ; open            ; open  ; 0 V                 ; -                  ; n/a           ; n/a             ; n/a         ;
; ADDR_Prog[4]       ; 2.5 V        ; 0 in              ; 0 H/in                  ; 0 F/in                  ; short         ; -                   ; open           ; open             ; open   ; 0 in             ; 0 H/in                 ; 0 F/in                 ; short        ; open          ; open            ; open  ; 0 V                 ; -                  ; n/a           ; n/a             ; n/a         ;
; ADDR_Prog[5]       ; 2.5 V        ; 0 in              ; 0 H/in                  ; 0 F/in                  ; short         ; -                   ; open           ; open             ; open   ; 0 in             ; 0 H/in                 ; 0 F/in                 ; short        ; open          ; open            ; open  ; 0 V                 ; -                  ; n/a           ; n/a             ; n/a         ;
; ADDR_Prog[6]       ; 2.5 V        ; 0 in              ; 0 H/in                  ; 0 F/in                  ; short         ; -                   ; open           ; open             ; open   ; 0 in             ; 0 H/in                 ; 0 F/in                 ; short        ; open          ; open            ; open  ; 0 V                 ; -                  ; n/a           ; n/a             ; n/a         ;
; ADDR_Prog[7]       ; 2.5 V        ; 0 in              ; 0 H/in                  ; 0 F/in                  ; short         ; -                   ; open           ; open             ; open   ; 0 in             ; 0 H/in                 ; 0 F/in                 ; short        ; open          ; open            ; open  ; 0 V                 ; -                  ; n/a           ; n/a             ; n/a         ;
; ADDR_Prog[8]       ; 2.5 V        ; 0 in              ; 0 H/in                  ; 0 F/in                  ; short         ; -                   ; open           ; open             ; open   ; 0 in             ; 0 H/in                 ; 0 F/in                 ; short        ; open          ; open            ; open  ; 0 V                 ; -                  ; n/a           ; n/a             ; n/a         ;
; ADDR_Prog[9]       ; 2.5 V        ; 0 in              ; 0 H/in                  ; 0 F/in                  ; short         ; -                   ; open           ; open             ; open   ; 0 in             ; 0 H/in                 ; 0 F/in                 ; short        ; open          ; open            ; open  ; 0 V                 ; -                  ; n/a           ; n/a             ; n/a         ;
; ADDR_Prog[10]      ; 2.5 V        ; 0 in              ; 0 H/in                  ; 0 F/in                  ; short         ; -                   ; open           ; open             ; open   ; 0 in             ; 0 H/in                 ; 0 F/in                 ; short        ; open          ; open            ; open  ; 0 V                 ; -                  ; n/a           ; n/a             ; n/a         ;
; ADDR_Prog[11]      ; 2.5 V        ; 0 in              ; 0 H/in                  ; 0 F/in                  ; short         ; -                   ; open           ; open             ; open   ; 0 in             ; 0 H/in                 ; 0 F/in                 ; short        ; open          ; open            ; open  ; 0 V                 ; -                  ; n/a           ; n/a             ; n/a         ;
; ADDR_Prog[12]      ; 2.5 V        ; 0 in              ; 0 H/in                  ; 0 F/in                  ; short         ; -                   ; open           ; open             ; open   ; 0 in             ; 0 H/in                 ; 0 F/in                 ; short        ; open          ; open            ; open  ; 0 V                 ; -                  ; n/a           ; n/a             ; n/a         ;
; ADDR_Prog[13]      ; 2.5 V        ; 0 in              ; 0 H/in                  ; 0 F/in                  ; short         ; -                   ; open           ; open             ; open   ; 0 in             ; 0 H/in                 ; 0 F/in                 ; short        ; open          ; open            ; open  ; 0 V                 ; -                  ; n/a           ; n/a             ; n/a         ;
; ADDR_Prog[14]      ; 2.5 V        ; 0 in              ; 0 H/in                  ; 0 F/in                  ; short         ; -                   ; open           ; open             ; open   ; 0 in             ; 0 H/in                 ; 0 F/in                 ; short        ; open          ; open            ; open  ; 0 V                 ; -                  ; n/a           ; n/a             ; n/a         ;
; ADDR_Prog[15]      ; 2.5 V        ; 0 in              ; 0 H/in                  ; 0 F/in                  ; short         ; -                   ; open           ; open             ; open   ; 0 in             ; 0 H/in                 ; 0 F/in                 ; short        ; open          ; open            ; open  ; 0 V                 ; -                  ; n/a           ; n/a             ; n/a         ;
; ADDR_Prog[16]      ; 2.5 V        ; 0 in              ; 0 H/in                  ; 0 F/in                  ; short         ; -                   ; open           ; open             ; open   ; 0 in             ; 0 H/in                 ; 0 F/in                 ; short        ; open          ; open            ; open  ; 0 V                 ; -                  ; n/a           ; n/a             ; n/a         ;
; ADDR_Prog[17]      ; 2.5 V        ; 0 in              ; 0 H/in                  ; 0 F/in                  ; short         ; -                   ; open           ; open             ; open   ; 0 in             ; 0 H/in                 ; 0 F/in                 ; short        ; open          ; open            ; open  ; 0 V                 ; -                  ; n/a           ; n/a             ; n/a         ;
; ADDR_Prog[18]      ; 2.5 V        ; 0 in              ; 0 H/in                  ; 0 F/in                  ; short         ; -                   ; open           ; open             ; open   ; 0 in             ; 0 H/in                 ; 0 F/in                 ; short        ; open          ; open            ; open  ; 0 V                 ; -                  ; n/a           ; n/a             ; n/a         ;
; ADDR_Prog[19]      ; 2.5 V        ; 0 in              ; 0 H/in                  ; 0 F/in                  ; short         ; -                   ; open           ; open             ; open   ; 0 in             ; 0 H/in                 ; 0 F/in                 ; short        ; open          ; open            ; open  ; 0 V                 ; -                  ; n/a           ; n/a             ; n/a         ;
; ADDR_Prog[20]      ; 2.5 V        ; 0 in              ; 0 H/in                  ; 0 F/in                  ; short         ; -                   ; open           ; open             ; open   ; 0 in             ; 0 H/in                 ; 0 F/in                 ; short        ; open          ; open            ; open  ; 0 V                 ; -                  ; n/a           ; n/a             ; n/a         ;
; ADDR_Prog[21]      ; 2.5 V        ; 0 in              ; 0 H/in                  ; 0 F/in                  ; short         ; -                   ; open           ; open             ; open   ; 0 in             ; 0 H/in                 ; 0 F/in                 ; short        ; open          ; open            ; open  ; 0 V                 ; -                  ; n/a           ; n/a             ; n/a         ;
; ADDR_Prog[22]      ; 2.5 V        ; 0 in              ; 0 H/in                  ; 0 F/in                  ; short         ; -                   ; open           ; open             ; open   ; 0 in             ; 0 H/in                 ; 0 F/in                 ; short        ; open          ; open            ; open  ; 0 V                 ; -                  ; n/a           ; n/a             ; n/a         ;
; ADDR_Prog[23]      ; 2.5 V        ; 0 in              ; 0 H/in                  ; 0 F/in                  ; short         ; -                   ; open           ; open             ; open   ; 0 in             ; 0 H/in                 ; 0 F/in                 ; short        ; open          ; open            ; open  ; 0 V                 ; -                  ; n/a           ; n/a             ; n/a         ;
; ADDR_Prog[24]      ; 2.5 V        ; 0 in              ; 0 H/in                  ; 0 F/in                  ; short         ; -                   ; open           ; open             ; open   ; 0 in             ; 0 H/in                 ; 0 F/in                 ; short        ; open          ; open            ; open  ; 0 V                 ; -                  ; n/a           ; n/a             ; n/a         ;
; ADDR_Prog[25]      ; 2.5 V        ; 0 in              ; 0 H/in                  ; 0 F/in                  ; short         ; -                   ; open           ; open             ; open   ; 0 in             ; 0 H/in                 ; 0 F/in                 ; short        ; open          ; open            ; open  ; 0 V                 ; -                  ; n/a           ; n/a             ; n/a         ;
; ADDR_Prog[26]      ; 2.5 V        ; 0 in              ; 0 H/in                  ; 0 F/in                  ; short         ; -                   ; open           ; open             ; open   ; 0 in             ; 0 H/in                 ; 0 F/in                 ; short        ; open          ; open            ; open  ; 0 V                 ; -                  ; n/a           ; n/a             ; n/a         ;
; ADDR_Prog[27]      ; 2.5 V        ; 0 in              ; 0 H/in                  ; 0 F/in                  ; short         ; -                   ; open           ; open             ; open   ; 0 in             ; 0 H/in                 ; 0 F/in                 ; short        ; open          ; open            ; open  ; 0 V                 ; -                  ; n/a           ; n/a             ; n/a         ;
; ADDR_Prog[28]      ; 2.5 V        ; 0 in              ; 0 H/in                  ; 0 F/in                  ; short         ; -                   ; open           ; open             ; open   ; 0 in             ; 0 H/in                 ; 0 F/in                 ; short        ; open          ; open            ; open  ; 0 V                 ; -                  ; n/a           ; n/a             ; n/a         ;
; ADDR_Prog[29]      ; 2.5 V        ; 0 in              ; 0 H/in                  ; 0 F/in                  ; short         ; -                   ; open           ; open             ; open   ; 0 in             ; 0 H/in                 ; 0 F/in                 ; short        ; open          ; open            ; open  ; 0 V                 ; -                  ; n/a           ; n/a             ; n/a         ;
; ADDR_Prog[30]      ; 2.5 V        ; 0 in              ; 0 H/in                  ; 0 F/in                  ; short         ; -                   ; open           ; open             ; open   ; 0 in             ; 0 H/in                 ; 0 F/in                 ; short        ; open          ; open            ; open  ; 0 V                 ; -                  ; n/a           ; n/a             ; n/a         ;
; ADDR_Prog[31]      ; 2.5 V        ; 0 in              ; 0 H/in                  ; 0 F/in                  ; short         ; -                   ; open           ; open             ; open   ; 0 in             ; 0 H/in                 ; 0 F/in                 ; short        ; open          ; open            ; open  ; 0 V                 ; -                  ; n/a           ; n/a             ; n/a         ;
; CS                 ; 2.5 V        ; 0 in              ; 0 H/in                  ; 0 F/in                  ; short         ; -                   ; open           ; open             ; open   ; 0 in             ; 0 H/in                 ; 0 F/in                 ; short        ; open          ; open            ; open  ; 0 V                 ; -                  ; n/a           ; n/a             ; n/a         ;
; WE                 ; 2.5 V        ; 0 in              ; 0 H/in                  ; 0 F/in                  ; short         ; -                   ; open           ; open             ; open   ; 0 in             ; 0 H/in                 ; 0 F/in                 ; short        ; open          ; open            ; open  ; 0 V                 ; -                  ; n/a           ; n/a             ; n/a         ;
; CS_P               ; 2.5 V        ; 0 in              ; 0 H/in                  ; 0 F/in                  ; short         ; -                   ; open           ; open             ; open   ; 0 in             ; 0 H/in                 ; 0 F/in                 ; short        ; open          ; open            ; open  ; 0 V                 ; -                  ; n/a           ; n/a             ; n/a         ;
; ~ALTERA_NCEO~      ; 2.5 V        ; 0 in              ; 0 H/in                  ; 0 F/in                  ; short         ; -                   ; open           ; open             ; open   ; 0 in             ; 0 H/in                 ; 0 F/in                 ; short        ; open          ; open            ; open  ; 0 V                 ; -                  ; n/a           ; n/a             ; n/a         ;
; ~ALTERA_DCLK~      ; 2.5 V        ; 0 in              ; 0 H/in                  ; 0 F/in                  ; short         ; -                   ; open           ; open             ; open   ; 0 in             ; 0 H/in                 ; 0 F/in                 ; short        ; open          ; open            ; open  ; 0 V                 ; -                  ; n/a           ; n/a             ; n/a         ;
+--------------------+--------------+-------------------+-------------------------+-------------------------+---------------+---------------------+----------------+------------------+--------+------------------+------------------------+------------------------+--------------+---------------+-----------------+-------+---------------------+--------------------+---------------+-----------------+-------------+


+------------------------------------------------------------------------+
; Input Transition Times                                                 ;
+---------------------+--------------+-----------------+-----------------+
; Pin                 ; I/O Standard ; 10-90 Rise Time ; 90-10 Fall Time ;
+---------------------+--------------+-----------------+-----------------+
; Prog_BUS_READ[6]    ; 2.5 V        ; 2000 ps         ; 2000 ps         ;
; Prog_BUS_READ[7]    ; 2.5 V        ; 2000 ps         ; 2000 ps         ;
; Prog_BUS_READ[8]    ; 2.5 V        ; 2000 ps         ; 2000 ps         ;
; Prog_BUS_READ[9]    ; 2.5 V        ; 2000 ps         ; 2000 ps         ;
; Prog_BUS_READ[10]   ; 2.5 V        ; 2000 ps         ; 2000 ps         ;
; Reset               ; 2.5 V        ; 2000 ps         ; 2000 ps         ;
; Prog_BUS_READ[16]   ; 2.5 V        ; 2000 ps         ; 2000 ps         ;
; Prog_BUS_READ[20]   ; 2.5 V        ; 2000 ps         ; 2000 ps         ;
; Prog_BUS_READ[19]   ; 2.5 V        ; 2000 ps         ; 2000 ps         ;
; Prog_BUS_READ[18]   ; 2.5 V        ; 2000 ps         ; 2000 ps         ;
; Prog_BUS_READ[17]   ; 2.5 V        ; 2000 ps         ; 2000 ps         ;
; CLK                 ; 2.5 V        ; 2000 ps         ; 2000 ps         ;
; Prog_BUS_READ[27]   ; 2.5 V        ; 2000 ps         ; 2000 ps         ;
; Prog_BUS_READ[30]   ; 2.5 V        ; 2000 ps         ; 2000 ps         ;
; Prog_BUS_READ[26]   ; 2.5 V        ; 2000 ps         ; 2000 ps         ;
; Prog_BUS_READ[31]   ; 2.5 V        ; 2000 ps         ; 2000 ps         ;
; Prog_BUS_READ[28]   ; 2.5 V        ; 2000 ps         ; 2000 ps         ;
; Prog_BUS_READ[29]   ; 2.5 V        ; 2000 ps         ; 2000 ps         ;
; Prog_BUS_READ[0]    ; 2.5 V        ; 2000 ps         ; 2000 ps         ;
; Prog_BUS_READ[1]    ; 2.5 V        ; 2000 ps         ; 2000 ps         ;
; Prog_BUS_READ[2]    ; 2.5 V        ; 2000 ps         ; 2000 ps         ;
; Prog_BUS_READ[4]    ; 2.5 V        ; 2000 ps         ; 2000 ps         ;
; Prog_BUS_READ[5]    ; 2.5 V        ; 2000 ps         ; 2000 ps         ;
; Prog_BUS_READ[3]    ; 2.5 V        ; 2000 ps         ; 2000 ps         ;
; Prog_BUS_READ[21]   ; 2.5 V        ; 2000 ps         ; 2000 ps         ;
; Prog_BUS_READ[25]   ; 2.5 V        ; 2000 ps         ; 2000 ps         ;
; Prog_BUS_READ[24]   ; 2.5 V        ; 2000 ps         ; 2000 ps         ;
; Prog_BUS_READ[23]   ; 2.5 V        ; 2000 ps         ; 2000 ps         ;
; Prog_BUS_READ[22]   ; 2.5 V        ; 2000 ps         ; 2000 ps         ;
; Data_BUS_READ[0]    ; 2.5 V        ; 2000 ps         ; 2000 ps         ;
; Data_BUS_READ[1]    ; 2.5 V        ; 2000 ps         ; 2000 ps         ;
; Data_BUS_READ[2]    ; 2.5 V        ; 2000 ps         ; 2000 ps         ;
; Data_BUS_READ[3]    ; 2.5 V        ; 2000 ps         ; 2000 ps         ;
; Data_BUS_READ[4]    ; 2.5 V        ; 2000 ps         ; 2000 ps         ;
; Data_BUS_READ[5]    ; 2.5 V        ; 2000 ps         ; 2000 ps         ;
; Data_BUS_READ[6]    ; 2.5 V        ; 2000 ps         ; 2000 ps         ;
; Data_BUS_READ[7]    ; 2.5 V        ; 2000 ps         ; 2000 ps         ;
; Data_BUS_READ[8]    ; 2.5 V        ; 2000 ps         ; 2000 ps         ;
; Data_BUS_READ[9]    ; 2.5 V        ; 2000 ps         ; 2000 ps         ;
; Data_BUS_READ[10]   ; 2.5 V        ; 2000 ps         ; 2000 ps         ;
; Data_BUS_READ[11]   ; 2.5 V        ; 2000 ps         ; 2000 ps         ;
; Data_BUS_READ[12]   ; 2.5 V        ; 2000 ps         ; 2000 ps         ;
; Data_BUS_READ[13]   ; 2.5 V        ; 2000 ps         ; 2000 ps         ;
; Data_BUS_READ[14]   ; 2.5 V        ; 2000 ps         ; 2000 ps         ;
; Data_BUS_READ[15]   ; 2.5 V        ; 2000 ps         ; 2000 ps         ;
; Data_BUS_READ[16]   ; 2.5 V        ; 2000 ps         ; 2000 ps         ;
; Data_BUS_READ[17]   ; 2.5 V        ; 2000 ps         ; 2000 ps         ;
; Data_BUS_READ[18]   ; 2.5 V        ; 2000 ps         ; 2000 ps         ;
; Data_BUS_READ[19]   ; 2.5 V        ; 2000 ps         ; 2000 ps         ;
; Data_BUS_READ[20]   ; 2.5 V        ; 2000 ps         ; 2000 ps         ;
; Data_BUS_READ[21]   ; 2.5 V        ; 2000 ps         ; 2000 ps         ;
; Data_BUS_READ[22]   ; 2.5 V        ; 2000 ps         ; 2000 ps         ;
; Data_BUS_READ[23]   ; 2.5 V        ; 2000 ps         ; 2000 ps         ;
; Data_BUS_READ[24]   ; 2.5 V        ; 2000 ps         ; 2000 ps         ;
; Data_BUS_READ[25]   ; 2.5 V        ; 2000 ps         ; 2000 ps         ;
; Data_BUS_READ[26]   ; 2.5 V        ; 2000 ps         ; 2000 ps         ;
; Data_BUS_READ[27]   ; 2.5 V        ; 2000 ps         ; 2000 ps         ;
; Data_BUS_READ[28]   ; 2.5 V        ; 2000 ps         ; 2000 ps         ;
; Data_BUS_READ[29]   ; 2.5 V        ; 2000 ps         ; 2000 ps         ;
; Data_BUS_READ[30]   ; 2.5 V        ; 2000 ps         ; 2000 ps         ;
; Data_BUS_READ[31]   ; 2.5 V        ; 2000 ps         ; 2000 ps         ;
; Prog_BUS_READ[11]   ; 2.5 V        ; 2000 ps         ; 2000 ps         ;
; Prog_BUS_READ[12]   ; 2.5 V        ; 2000 ps         ; 2000 ps         ;
; Prog_BUS_READ[13]   ; 2.5 V        ; 2000 ps         ; 2000 ps         ;
; Prog_BUS_READ[14]   ; 2.5 V        ; 2000 ps         ; 2000 ps         ;
; Prog_BUS_READ[15]   ; 2.5 V        ; 2000 ps         ; 2000 ps         ;
; ~ALTERA_DATA0~      ; 2.5 V        ; 2000 ps         ; 2000 ps         ;
; ~ALTERA_ASDO_DATA1~ ; 2.5 V        ; 2000 ps         ; 2000 ps         ;
; ~ALTERA_NCSO~       ; 2.5 V        ; 2000 ps         ; 2000 ps         ;
+---------------------+--------------+-----------------+-----------------+


+-------------------------------------------------------------------------------------------------------------------------------------------------------------------------------------------------------------------------------------------------------------------------------------------------------------------------------------------------------------------------------------------------------------------------------------------------------------------------------------------------------------------------------------------------------------------------------------------------------------------------------------------------------------------------------------------------+
; Signal Integrity Metrics (Slow 1200mv n40c Model)                                                                                                                                                                                                                                                                                                                                                                                                                                                                                                                                                                                                                                               ;
+--------------------+--------------+---------------------+---------------------+------------------------------+------------------------------+---------------------+---------------------+--------------------------------------+--------------------------------------+-----------------------------+-----------------------------+----------------------------+----------------------------+-----------------------------+-----------------------------+--------------------+--------------------+-------------------------------------+-------------------------------------+----------------------------+----------------------------+---------------------------+---------------------------+
; Pin                ; I/O Standard ; Board Delay on Rise ; Board Delay on Fall ; Steady State Voh at FPGA Pin ; Steady State Vol at FPGA Pin ; Voh Max at FPGA Pin ; Vol Min at FPGA Pin ; Ringback Voltage on Rise at FPGA Pin ; Ringback Voltage on Fall at FPGA Pin ; 10-90 Rise Time at FPGA Pin ; 90-10 Fall Time at FPGA Pin ; Monotonic Rise at FPGA Pin ; Monotonic Fall at FPGA Pin ; Steady State Voh at Far-end ; Steady State Vol at Far-end ; Voh Max at Far-end ; Vol Min at Far-end ; Ringback Voltage on Rise at Far-end ; Ringback Voltage on Fall at Far-end ; 10-90 Rise Time at Far-end ; 90-10 Fall Time at Far-end ; Monotonic Rise at Far-end ; Monotonic Fall at Far-end ;
+--------------------+--------------+---------------------+---------------------+------------------------------+------------------------------+---------------------+---------------------+--------------------------------------+--------------------------------------+-----------------------------+-----------------------------+----------------------------+----------------------------+-----------------------------+-----------------------------+--------------------+--------------------+-------------------------------------+-------------------------------------+----------------------------+----------------------------+---------------------------+---------------------------+
; ADDR[0]            ; 2.5 V        ; 0 s                 ; 0 s                 ; 2.32 V                       ; 1.74e-09 V                   ; 2.4 V               ; -0.0195 V           ; 0.196 V                              ; 0.023 V                              ; 2.87e-10 s                  ; 3.09e-10 s                  ; Yes                        ; Yes                        ; 2.32 V                      ; 1.74e-09 V                  ; 2.4 V              ; -0.0195 V          ; 0.196 V                             ; 0.023 V                             ; 2.87e-10 s                 ; 3.09e-10 s                 ; Yes                       ; Yes                       ;
; ADDR[1]            ; 2.5 V        ; 0 s                 ; 0 s                 ; 2.32 V                       ; 1.4e-09 V                    ; 2.39 V              ; -0.0122 V           ; 0.154 V                              ; 0.017 V                              ; 4.74e-10 s                  ; 4.5e-10 s                   ; No                         ; Yes                        ; 2.32 V                      ; 1.4e-09 V                   ; 2.39 V             ; -0.0122 V          ; 0.154 V                             ; 0.017 V                             ; 4.74e-10 s                 ; 4.5e-10 s                  ; No                        ; Yes                       ;
; ADDR[2]            ; 2.5 V        ; 0 s                 ; 0 s                 ; 2.32 V                       ; 1.74e-09 V                   ; 2.4 V               ; -0.0195 V           ; 0.196 V                              ; 0.023 V                              ; 2.87e-10 s                  ; 3.09e-10 s                  ; Yes                        ; Yes                        ; 2.32 V                      ; 1.74e-09 V                  ; 2.4 V              ; -0.0195 V          ; 0.196 V                             ; 0.023 V                             ; 2.87e-10 s                 ; 3.09e-10 s                 ; Yes                       ; Yes                       ;
; ADDR[3]            ; 2.5 V        ; 0 s                 ; 0 s                 ; 2.32 V                       ; 1.4e-09 V                    ; 2.39 V              ; -0.0122 V           ; 0.154 V                              ; 0.017 V                              ; 4.74e-10 s                  ; 4.5e-10 s                   ; No                         ; Yes                        ; 2.32 V                      ; 1.4e-09 V                   ; 2.39 V             ; -0.0122 V          ; 0.154 V                             ; 0.017 V                             ; 4.74e-10 s                 ; 4.5e-10 s                  ; No                        ; Yes                       ;
; ADDR[4]            ; 2.5 V        ; 0 s                 ; 0 s                 ; 2.32 V                       ; 1.74e-09 V                   ; 2.4 V               ; -0.0195 V           ; 0.196 V                              ; 0.023 V                              ; 2.87e-10 s                  ; 3.09e-10 s                  ; Yes                        ; Yes                        ; 2.32 V                      ; 1.74e-09 V                  ; 2.4 V              ; -0.0195 V          ; 0.196 V                             ; 0.023 V                             ; 2.87e-10 s                 ; 3.09e-10 s                 ; Yes                       ; Yes                       ;
; ADDR[5]            ; 2.5 V        ; 0 s                 ; 0 s                 ; 2.32 V                       ; 1.4e-09 V                    ; 2.39 V              ; -0.0122 V           ; 0.154 V                              ; 0.017 V                              ; 4.74e-10 s                  ; 4.5e-10 s                   ; No                         ; Yes                        ; 2.32 V                      ; 1.4e-09 V                   ; 2.39 V             ; -0.0122 V          ; 0.154 V                             ; 0.017 V                             ; 4.74e-10 s                 ; 4.5e-10 s                  ; No                        ; Yes                       ;
; ADDR[6]            ; 2.5 V        ; 0 s                 ; 0 s                 ; 2.32 V                       ; 1.74e-09 V                   ; 2.4 V               ; -0.0195 V           ; 0.196 V                              ; 0.023 V                              ; 2.87e-10 s                  ; 3.09e-10 s                  ; Yes                        ; Yes                        ; 2.32 V                      ; 1.74e-09 V                  ; 2.4 V              ; -0.0195 V          ; 0.196 V                             ; 0.023 V                             ; 2.87e-10 s                 ; 3.09e-10 s                 ; Yes                       ; Yes                       ;
; ADDR[7]            ; 2.5 V        ; 0 s                 ; 0 s                 ; 2.32 V                       ; 1.4e-09 V                    ; 2.39 V              ; -0.0122 V           ; 0.154 V                              ; 0.017 V                              ; 4.74e-10 s                  ; 4.5e-10 s                   ; No                         ; Yes                        ; 2.32 V                      ; 1.4e-09 V                   ; 2.39 V             ; -0.0122 V          ; 0.154 V                             ; 0.017 V                             ; 4.74e-10 s                 ; 4.5e-10 s                  ; No                        ; Yes                       ;
; ADDR[8]            ; 2.5 V        ; 0 s                 ; 0 s                 ; 2.32 V                       ; 1.74e-09 V                   ; 2.4 V               ; -0.0195 V           ; 0.196 V                              ; 0.023 V                              ; 2.87e-10 s                  ; 3.09e-10 s                  ; Yes                        ; Yes                        ; 2.32 V                      ; 1.74e-09 V                  ; 2.4 V              ; -0.0195 V          ; 0.196 V                             ; 0.023 V                             ; 2.87e-10 s                 ; 3.09e-10 s                 ; Yes                       ; Yes                       ;
; ADDR[9]            ; 2.5 V        ; 0 s                 ; 0 s                 ; 2.32 V                       ; 1.74e-09 V                   ; 2.4 V               ; -0.0195 V           ; 0.196 V                              ; 0.023 V                              ; 2.87e-10 s                  ; 3.09e-10 s                  ; Yes                        ; Yes                        ; 2.32 V                      ; 1.74e-09 V                  ; 2.4 V              ; -0.0195 V          ; 0.196 V                             ; 0.023 V                             ; 2.87e-10 s                 ; 3.09e-10 s                 ; Yes                       ; Yes                       ;
; ADDR[10]           ; 2.5 V        ; 0 s                 ; 0 s                 ; 2.32 V                       ; 1.4e-09 V                    ; 2.39 V              ; -0.0122 V           ; 0.154 V                              ; 0.017 V                              ; 4.74e-10 s                  ; 4.5e-10 s                   ; No                         ; Yes                        ; 2.32 V                      ; 1.4e-09 V                   ; 2.39 V             ; -0.0122 V          ; 0.154 V                             ; 0.017 V                             ; 4.74e-10 s                 ; 4.5e-10 s                  ; No                        ; Yes                       ;
; ADDR[11]           ; 2.5 V        ; 0 s                 ; 0 s                 ; 2.32 V                       ; 1.74e-09 V                   ; 2.4 V               ; -0.0195 V           ; 0.196 V                              ; 0.023 V                              ; 2.87e-10 s                  ; 3.09e-10 s                  ; Yes                        ; Yes                        ; 2.32 V                      ; 1.74e-09 V                  ; 2.4 V              ; -0.0195 V          ; 0.196 V                             ; 0.023 V                             ; 2.87e-10 s                 ; 3.09e-10 s                 ; Yes                       ; Yes                       ;
; ADDR[12]           ; 2.5 V        ; 0 s                 ; 0 s                 ; 2.32 V                       ; 1.74e-09 V                   ; 2.4 V               ; -0.0195 V           ; 0.196 V                              ; 0.023 V                              ; 2.87e-10 s                  ; 3.09e-10 s                  ; Yes                        ; Yes                        ; 2.32 V                      ; 1.74e-09 V                  ; 2.4 V              ; -0.0195 V          ; 0.196 V                             ; 0.023 V                             ; 2.87e-10 s                 ; 3.09e-10 s                 ; Yes                       ; Yes                       ;
; ADDR[13]           ; 2.5 V        ; 0 s                 ; 0 s                 ; 2.32 V                       ; 1.74e-09 V                   ; 2.4 V               ; -0.0195 V           ; 0.196 V                              ; 0.023 V                              ; 2.87e-10 s                  ; 3.09e-10 s                  ; Yes                        ; Yes                        ; 2.32 V                      ; 1.74e-09 V                  ; 2.4 V              ; -0.0195 V          ; 0.196 V                             ; 0.023 V                             ; 2.87e-10 s                 ; 3.09e-10 s                 ; Yes                       ; Yes                       ;
; ADDR[14]           ; 2.5 V        ; 0 s                 ; 0 s                 ; 2.32 V                       ; 1.74e-09 V                   ; 2.4 V               ; -0.0195 V           ; 0.196 V                              ; 0.023 V                              ; 2.87e-10 s                  ; 3.09e-10 s                  ; Yes                        ; Yes                        ; 2.32 V                      ; 1.74e-09 V                  ; 2.4 V              ; -0.0195 V          ; 0.196 V                             ; 0.023 V                             ; 2.87e-10 s                 ; 3.09e-10 s                 ; Yes                       ; Yes                       ;
; ADDR[15]           ; 2.5 V        ; 0 s                 ; 0 s                 ; 2.32 V                       ; 1.4e-09 V                    ; 2.39 V              ; -0.0122 V           ; 0.154 V                              ; 0.017 V                              ; 4.74e-10 s                  ; 4.5e-10 s                   ; No                         ; Yes                        ; 2.32 V                      ; 1.4e-09 V                   ; 2.39 V             ; -0.0122 V          ; 0.154 V                             ; 0.017 V                             ; 4.74e-10 s                 ; 4.5e-10 s                  ; No                        ; Yes                       ;
; ADDR[16]           ; 2.5 V        ; 0 s                 ; 0 s                 ; 2.32 V                       ; 1.4e-09 V                    ; 2.39 V              ; -0.0122 V           ; 0.154 V                              ; 0.017 V                              ; 4.74e-10 s                  ; 4.5e-10 s                   ; No                         ; Yes                        ; 2.32 V                      ; 1.4e-09 V                   ; 2.39 V             ; -0.0122 V          ; 0.154 V                             ; 0.017 V                             ; 4.74e-10 s                 ; 4.5e-10 s                  ; No                        ; Yes                       ;
; ADDR[17]           ; 2.5 V        ; 0 s                 ; 0 s                 ; 2.32 V                       ; 1.74e-09 V                   ; 2.4 V               ; -0.0195 V           ; 0.196 V                              ; 0.023 V                              ; 2.87e-10 s                  ; 3.09e-10 s                  ; Yes                        ; Yes                        ; 2.32 V                      ; 1.74e-09 V                  ; 2.4 V              ; -0.0195 V          ; 0.196 V                             ; 0.023 V                             ; 2.87e-10 s                 ; 3.09e-10 s                 ; Yes                       ; Yes                       ;
; ADDR[18]           ; 2.5 V        ; 0 s                 ; 0 s                 ; 2.32 V                       ; 1.74e-09 V                   ; 2.4 V               ; -0.0195 V           ; 0.196 V                              ; 0.023 V                              ; 2.87e-10 s                  ; 3.09e-10 s                  ; Yes                        ; Yes                        ; 2.32 V                      ; 1.74e-09 V                  ; 2.4 V              ; -0.0195 V          ; 0.196 V                             ; 0.023 V                             ; 2.87e-10 s                 ; 3.09e-10 s                 ; Yes                       ; Yes                       ;
; ADDR[19]           ; 2.5 V        ; 0 s                 ; 0 s                 ; 2.32 V                       ; 1.74e-09 V                   ; 2.4 V               ; -0.0195 V           ; 0.196 V                              ; 0.023 V                              ; 2.87e-10 s                  ; 3.09e-10 s                  ; Yes                        ; Yes                        ; 2.32 V                      ; 1.74e-09 V                  ; 2.4 V              ; -0.0195 V          ; 0.196 V                             ; 0.023 V                             ; 2.87e-10 s                 ; 3.09e-10 s                 ; Yes                       ; Yes                       ;
; ADDR[20]           ; 2.5 V        ; 0 s                 ; 0 s                 ; 2.32 V                       ; 1.74e-09 V                   ; 2.4 V               ; -0.0195 V           ; 0.196 V                              ; 0.023 V                              ; 2.87e-10 s                  ; 3.09e-10 s                  ; Yes                        ; Yes                        ; 2.32 V                      ; 1.74e-09 V                  ; 2.4 V              ; -0.0195 V          ; 0.196 V                             ; 0.023 V                             ; 2.87e-10 s                 ; 3.09e-10 s                 ; Yes                       ; Yes                       ;
; ADDR[21]           ; 2.5 V        ; 0 s                 ; 0 s                 ; 2.32 V                       ; 1.74e-09 V                   ; 2.4 V               ; -0.0195 V           ; 0.196 V                              ; 0.023 V                              ; 2.87e-10 s                  ; 3.09e-10 s                  ; Yes                        ; Yes                        ; 2.32 V                      ; 1.74e-09 V                  ; 2.4 V              ; -0.0195 V          ; 0.196 V                             ; 0.023 V                             ; 2.87e-10 s                 ; 3.09e-10 s                 ; Yes                       ; Yes                       ;
; ADDR[22]           ; 2.5 V        ; 0 s                 ; 0 s                 ; 2.32 V                       ; 1.74e-09 V                   ; 2.4 V               ; -0.0195 V           ; 0.196 V                              ; 0.023 V                              ; 2.87e-10 s                  ; 3.09e-10 s                  ; Yes                        ; Yes                        ; 2.32 V                      ; 1.74e-09 V                  ; 2.4 V              ; -0.0195 V          ; 0.196 V                             ; 0.023 V                             ; 2.87e-10 s                 ; 3.09e-10 s                 ; Yes                       ; Yes                       ;
; ADDR[23]           ; 2.5 V        ; 0 s                 ; 0 s                 ; 2.32 V                       ; 1.4e-09 V                    ; 2.39 V              ; -0.0122 V           ; 0.154 V                              ; 0.017 V                              ; 4.74e-10 s                  ; 4.5e-10 s                   ; No                         ; Yes                        ; 2.32 V                      ; 1.4e-09 V                   ; 2.39 V             ; -0.0122 V          ; 0.154 V                             ; 0.017 V                             ; 4.74e-10 s                 ; 4.5e-10 s                  ; No                        ; Yes                       ;
; ADDR[24]           ; 2.5 V        ; 0 s                 ; 0 s                 ; 2.32 V                       ; 1.4e-09 V                    ; 2.39 V              ; -0.0122 V           ; 0.154 V                              ; 0.017 V                              ; 4.74e-10 s                  ; 4.5e-10 s                   ; No                         ; Yes                        ; 2.32 V                      ; 1.4e-09 V                   ; 2.39 V             ; -0.0122 V          ; 0.154 V                             ; 0.017 V                             ; 4.74e-10 s                 ; 4.5e-10 s                  ; No                        ; Yes                       ;
; ADDR[25]           ; 2.5 V        ; 0 s                 ; 0 s                 ; 2.32 V                       ; 1.4e-09 V                    ; 2.39 V              ; -0.0122 V           ; 0.154 V                              ; 0.017 V                              ; 4.74e-10 s                  ; 4.5e-10 s                   ; No                         ; Yes                        ; 2.32 V                      ; 1.4e-09 V                   ; 2.39 V             ; -0.0122 V          ; 0.154 V                             ; 0.017 V                             ; 4.74e-10 s                 ; 4.5e-10 s                  ; No                        ; Yes                       ;
; ADDR[26]           ; 2.5 V        ; 0 s                 ; 0 s                 ; 2.32 V                       ; 1.74e-09 V                   ; 2.4 V               ; -0.0195 V           ; 0.196 V                              ; 0.023 V                              ; 2.87e-10 s                  ; 3.09e-10 s                  ; Yes                        ; Yes                        ; 2.32 V                      ; 1.74e-09 V                  ; 2.4 V              ; -0.0195 V          ; 0.196 V                             ; 0.023 V                             ; 2.87e-10 s                 ; 3.09e-10 s                 ; Yes                       ; Yes                       ;
; ADDR[27]           ; 2.5 V        ; 0 s                 ; 0 s                 ; 2.32 V                       ; 1.74e-09 V                   ; 2.4 V               ; -0.0195 V           ; 0.196 V                              ; 0.023 V                              ; 2.87e-10 s                  ; 3.09e-10 s                  ; Yes                        ; Yes                        ; 2.32 V                      ; 1.74e-09 V                  ; 2.4 V              ; -0.0195 V          ; 0.196 V                             ; 0.023 V                             ; 2.87e-10 s                 ; 3.09e-10 s                 ; Yes                       ; Yes                       ;
; ADDR[28]           ; 2.5 V        ; 0 s                 ; 0 s                 ; 2.32 V                       ; 1.74e-09 V                   ; 2.4 V               ; -0.0195 V           ; 0.196 V                              ; 0.023 V                              ; 2.87e-10 s                  ; 3.09e-10 s                  ; Yes                        ; Yes                        ; 2.32 V                      ; 1.74e-09 V                  ; 2.4 V              ; -0.0195 V          ; 0.196 V                             ; 0.023 V                             ; 2.87e-10 s                 ; 3.09e-10 s                 ; Yes                       ; Yes                       ;
; ADDR[29]           ; 2.5 V        ; 0 s                 ; 0 s                 ; 2.32 V                       ; 1.74e-09 V                   ; 2.4 V               ; -0.0195 V           ; 0.196 V                              ; 0.023 V                              ; 2.87e-10 s                  ; 3.09e-10 s                  ; Yes                        ; Yes                        ; 2.32 V                      ; 1.74e-09 V                  ; 2.4 V              ; -0.0195 V          ; 0.196 V                             ; 0.023 V                             ; 2.87e-10 s                 ; 3.09e-10 s                 ; Yes                       ; Yes                       ;
; ADDR[30]           ; 2.5 V        ; 0 s                 ; 0 s                 ; 2.32 V                       ; 1.74e-09 V                   ; 2.4 V               ; -0.0195 V           ; 0.196 V                              ; 0.023 V                              ; 2.87e-10 s                  ; 3.09e-10 s                  ; Yes                        ; Yes                        ; 2.32 V                      ; 1.74e-09 V                  ; 2.4 V              ; -0.0195 V          ; 0.196 V                             ; 0.023 V                             ; 2.87e-10 s                 ; 3.09e-10 s                 ; Yes                       ; Yes                       ;
; ADDR[31]           ; 2.5 V        ; 0 s                 ; 0 s                 ; 2.32 V                       ; 1.74e-09 V                   ; 2.4 V               ; -0.0195 V           ; 0.196 V                              ; 0.023 V                              ; 2.87e-10 s                  ; 3.09e-10 s                  ; Yes                        ; Yes                        ; 2.32 V                      ; 1.74e-09 V                  ; 2.4 V              ; -0.0195 V          ; 0.196 V                             ; 0.023 V                             ; 2.87e-10 s                 ; 3.09e-10 s                 ; Yes                       ; Yes                       ;
; Data_BUS_WRITE[0]  ; 2.5 V        ; 0 s                 ; 0 s                 ; 2.32 V                       ; 1.74e-09 V                   ; 2.4 V               ; -0.0195 V           ; 0.196 V                              ; 0.023 V                              ; 2.87e-10 s                  ; 3.09e-10 s                  ; Yes                        ; Yes                        ; 2.32 V                      ; 1.74e-09 V                  ; 2.4 V              ; -0.0195 V          ; 0.196 V                             ; 0.023 V                             ; 2.87e-10 s                 ; 3.09e-10 s                 ; Yes                       ; Yes                       ;
; Data_BUS_WRITE[1]  ; 2.5 V        ; 0 s                 ; 0 s                 ; 2.32 V                       ; 1.4e-09 V                    ; 2.39 V              ; -0.0122 V           ; 0.154 V                              ; 0.017 V                              ; 4.74e-10 s                  ; 4.5e-10 s                   ; No                         ; Yes                        ; 2.32 V                      ; 1.4e-09 V                   ; 2.39 V             ; -0.0122 V          ; 0.154 V                             ; 0.017 V                             ; 4.74e-10 s                 ; 4.5e-10 s                  ; No                        ; Yes                       ;
; Data_BUS_WRITE[2]  ; 2.5 V        ; 0 s                 ; 0 s                 ; 2.32 V                       ; 1.74e-09 V                   ; 2.4 V               ; -0.0195 V           ; 0.196 V                              ; 0.023 V                              ; 2.87e-10 s                  ; 3.09e-10 s                  ; Yes                        ; Yes                        ; 2.32 V                      ; 1.74e-09 V                  ; 2.4 V              ; -0.0195 V          ; 0.196 V                             ; 0.023 V                             ; 2.87e-10 s                 ; 3.09e-10 s                 ; Yes                       ; Yes                       ;
; Data_BUS_WRITE[3]  ; 2.5 V        ; 0 s                 ; 0 s                 ; 2.32 V                       ; 1.74e-09 V                   ; 2.4 V               ; -0.0195 V           ; 0.196 V                              ; 0.023 V                              ; 2.87e-10 s                  ; 3.09e-10 s                  ; Yes                        ; Yes                        ; 2.32 V                      ; 1.74e-09 V                  ; 2.4 V              ; -0.0195 V          ; 0.196 V                             ; 0.023 V                             ; 2.87e-10 s                 ; 3.09e-10 s                 ; Yes                       ; Yes                       ;
; Data_BUS_WRITE[4]  ; 2.5 V        ; 0 s                 ; 0 s                 ; 2.32 V                       ; 1.4e-09 V                    ; 2.34 V              ; -0.00664 V          ; 0.204 V                              ; 0.106 V                              ; 2.63e-09 s                  ; 2.46e-09 s                  ; No                         ; Yes                        ; 2.32 V                      ; 1.4e-09 V                   ; 2.34 V             ; -0.00664 V         ; 0.204 V                             ; 0.106 V                             ; 2.63e-09 s                 ; 2.46e-09 s                 ; No                        ; Yes                       ;
; Data_BUS_WRITE[5]  ; 2.5 V        ; 0 s                 ; 0 s                 ; 2.32 V                       ; 1.74e-09 V                   ; 2.4 V               ; -0.0195 V           ; 0.196 V                              ; 0.023 V                              ; 2.87e-10 s                  ; 3.09e-10 s                  ; Yes                        ; Yes                        ; 2.32 V                      ; 1.74e-09 V                  ; 2.4 V              ; -0.0195 V          ; 0.196 V                             ; 0.023 V                             ; 2.87e-10 s                 ; 3.09e-10 s                 ; Yes                       ; Yes                       ;
; Data_BUS_WRITE[6]  ; 2.5 V        ; 0 s                 ; 0 s                 ; 2.32 V                       ; 1.74e-09 V                   ; 2.4 V               ; -0.0195 V           ; 0.196 V                              ; 0.023 V                              ; 2.87e-10 s                  ; 3.09e-10 s                  ; Yes                        ; Yes                        ; 2.32 V                      ; 1.74e-09 V                  ; 2.4 V              ; -0.0195 V          ; 0.196 V                             ; 0.023 V                             ; 2.87e-10 s                 ; 3.09e-10 s                 ; Yes                       ; Yes                       ;
; Data_BUS_WRITE[7]  ; 2.5 V        ; 0 s                 ; 0 s                 ; 2.32 V                       ; 1.4e-09 V                    ; 2.39 V              ; -0.0122 V           ; 0.154 V                              ; 0.017 V                              ; 4.74e-10 s                  ; 4.5e-10 s                   ; No                         ; Yes                        ; 2.32 V                      ; 1.4e-09 V                   ; 2.39 V             ; -0.0122 V          ; 0.154 V                             ; 0.017 V                             ; 4.74e-10 s                 ; 4.5e-10 s                  ; No                        ; Yes                       ;
; Data_BUS_WRITE[8]  ; 2.5 V        ; 0 s                 ; 0 s                 ; 2.32 V                       ; 1.74e-09 V                   ; 2.4 V               ; -0.0195 V           ; 0.196 V                              ; 0.023 V                              ; 2.87e-10 s                  ; 3.09e-10 s                  ; Yes                        ; Yes                        ; 2.32 V                      ; 1.74e-09 V                  ; 2.4 V              ; -0.0195 V          ; 0.196 V                             ; 0.023 V                             ; 2.87e-10 s                 ; 3.09e-10 s                 ; Yes                       ; Yes                       ;
; Data_BUS_WRITE[9]  ; 2.5 V        ; 0 s                 ; 0 s                 ; 2.32 V                       ; 1.74e-09 V                   ; 2.4 V               ; -0.0195 V           ; 0.196 V                              ; 0.023 V                              ; 2.87e-10 s                  ; 3.09e-10 s                  ; Yes                        ; Yes                        ; 2.32 V                      ; 1.74e-09 V                  ; 2.4 V              ; -0.0195 V          ; 0.196 V                             ; 0.023 V                             ; 2.87e-10 s                 ; 3.09e-10 s                 ; Yes                       ; Yes                       ;
; Data_BUS_WRITE[10] ; 2.5 V        ; 0 s                 ; 0 s                 ; 2.32 V                       ; 1.4e-09 V                    ; 2.39 V              ; -0.0122 V           ; 0.154 V                              ; 0.017 V                              ; 4.74e-10 s                  ; 4.5e-10 s                   ; No                         ; Yes                        ; 2.32 V                      ; 1.4e-09 V                   ; 2.39 V             ; -0.0122 V          ; 0.154 V                             ; 0.017 V                             ; 4.74e-10 s                 ; 4.5e-10 s                  ; No                        ; Yes                       ;
; Data_BUS_WRITE[11] ; 2.5 V        ; 0 s                 ; 0 s                 ; 2.32 V                       ; 1.74e-09 V                   ; 2.4 V               ; -0.0195 V           ; 0.196 V                              ; 0.023 V                              ; 2.87e-10 s                  ; 3.09e-10 s                  ; Yes                        ; Yes                        ; 2.32 V                      ; 1.74e-09 V                  ; 2.4 V              ; -0.0195 V          ; 0.196 V                             ; 0.023 V                             ; 2.87e-10 s                 ; 3.09e-10 s                 ; Yes                       ; Yes                       ;
; Data_BUS_WRITE[12] ; 2.5 V        ; 0 s                 ; 0 s                 ; 2.32 V                       ; 1.74e-09 V                   ; 2.4 V               ; -0.0195 V           ; 0.196 V                              ; 0.023 V                              ; 2.87e-10 s                  ; 3.09e-10 s                  ; Yes                        ; Yes                        ; 2.32 V                      ; 1.74e-09 V                  ; 2.4 V              ; -0.0195 V          ; 0.196 V                             ; 0.023 V                             ; 2.87e-10 s                 ; 3.09e-10 s                 ; Yes                       ; Yes                       ;
; Data_BUS_WRITE[13] ; 2.5 V        ; 0 s                 ; 0 s                 ; 2.32 V                       ; 1.74e-09 V                   ; 2.4 V               ; -0.0195 V           ; 0.196 V                              ; 0.023 V                              ; 2.87e-10 s                  ; 3.09e-10 s                  ; Yes                        ; Yes                        ; 2.32 V                      ; 1.74e-09 V                  ; 2.4 V              ; -0.0195 V          ; 0.196 V                             ; 0.023 V                             ; 2.87e-10 s                 ; 3.09e-10 s                 ; Yes                       ; Yes                       ;
; Data_BUS_WRITE[14] ; 2.5 V        ; 0 s                 ; 0 s                 ; 2.32 V                       ; 1.74e-09 V                   ; 2.4 V               ; -0.0195 V           ; 0.196 V                              ; 0.023 V                              ; 2.87e-10 s                  ; 3.09e-10 s                  ; Yes                        ; Yes                        ; 2.32 V                      ; 1.74e-09 V                  ; 2.4 V              ; -0.0195 V          ; 0.196 V                             ; 0.023 V                             ; 2.87e-10 s                 ; 3.09e-10 s                 ; Yes                       ; Yes                       ;
; Data_BUS_WRITE[15] ; 2.5 V        ; 0 s                 ; 0 s                 ; 2.32 V                       ; 1.74e-09 V                   ; 2.4 V               ; -0.0195 V           ; 0.196 V                              ; 0.023 V                              ; 2.87e-10 s                  ; 3.09e-10 s                  ; Yes                        ; Yes                        ; 2.32 V                      ; 1.74e-09 V                  ; 2.4 V              ; -0.0195 V          ; 0.196 V                             ; 0.023 V                             ; 2.87e-10 s                 ; 3.09e-10 s                 ; Yes                       ; Yes                       ;
; Data_BUS_WRITE[16] ; 2.5 V        ; 0 s                 ; 0 s                 ; 2.32 V                       ; 1.74e-09 V                   ; 2.4 V               ; -0.0195 V           ; 0.196 V                              ; 0.023 V                              ; 2.87e-10 s                  ; 3.09e-10 s                  ; Yes                        ; Yes                        ; 2.32 V                      ; 1.74e-09 V                  ; 2.4 V              ; -0.0195 V          ; 0.196 V                             ; 0.023 V                             ; 2.87e-10 s                 ; 3.09e-10 s                 ; Yes                       ; Yes                       ;
; Data_BUS_WRITE[17] ; 2.5 V        ; 0 s                 ; 0 s                 ; 2.32 V                       ; 1.4e-09 V                    ; 2.39 V              ; -0.0122 V           ; 0.154 V                              ; 0.017 V                              ; 4.74e-10 s                  ; 4.5e-10 s                   ; No                         ; Yes                        ; 2.32 V                      ; 1.4e-09 V                   ; 2.39 V             ; -0.0122 V          ; 0.154 V                             ; 0.017 V                             ; 4.74e-10 s                 ; 4.5e-10 s                  ; No                        ; Yes                       ;
; Data_BUS_WRITE[18] ; 2.5 V        ; 0 s                 ; 0 s                 ; 2.32 V                       ; 1.74e-09 V                   ; 2.4 V               ; -0.0195 V           ; 0.196 V                              ; 0.023 V                              ; 2.87e-10 s                  ; 3.09e-10 s                  ; Yes                        ; Yes                        ; 2.32 V                      ; 1.74e-09 V                  ; 2.4 V              ; -0.0195 V          ; 0.196 V                             ; 0.023 V                             ; 2.87e-10 s                 ; 3.09e-10 s                 ; Yes                       ; Yes                       ;
; Data_BUS_WRITE[19] ; 2.5 V        ; 0 s                 ; 0 s                 ; 2.32 V                       ; 1.74e-09 V                   ; 2.4 V               ; -0.0195 V           ; 0.196 V                              ; 0.023 V                              ; 2.87e-10 s                  ; 3.09e-10 s                  ; Yes                        ; Yes                        ; 2.32 V                      ; 1.74e-09 V                  ; 2.4 V              ; -0.0195 V          ; 0.196 V                             ; 0.023 V                             ; 2.87e-10 s                 ; 3.09e-10 s                 ; Yes                       ; Yes                       ;
; Data_BUS_WRITE[20] ; 2.5 V        ; 0 s                 ; 0 s                 ; 2.32 V                       ; 1.4e-09 V                    ; 2.39 V              ; -0.0122 V           ; 0.154 V                              ; 0.017 V                              ; 4.74e-10 s                  ; 4.5e-10 s                   ; No                         ; Yes                        ; 2.32 V                      ; 1.4e-09 V                   ; 2.39 V             ; -0.0122 V          ; 0.154 V                             ; 0.017 V                             ; 4.74e-10 s                 ; 4.5e-10 s                  ; No                        ; Yes                       ;
; Data_BUS_WRITE[21] ; 2.5 V        ; 0 s                 ; 0 s                 ; 2.32 V                       ; 1.4e-09 V                    ; 2.39 V              ; -0.0122 V           ; 0.154 V                              ; 0.017 V                              ; 4.74e-10 s                  ; 4.5e-10 s                   ; No                         ; Yes                        ; 2.32 V                      ; 1.4e-09 V                   ; 2.39 V             ; -0.0122 V          ; 0.154 V                             ; 0.017 V                             ; 4.74e-10 s                 ; 4.5e-10 s                  ; No                        ; Yes                       ;
; Data_BUS_WRITE[22] ; 2.5 V        ; 0 s                 ; 0 s                 ; 2.32 V                       ; 1.74e-09 V                   ; 2.4 V               ; -0.0195 V           ; 0.196 V                              ; 0.023 V                              ; 2.87e-10 s                  ; 3.09e-10 s                  ; Yes                        ; Yes                        ; 2.32 V                      ; 1.74e-09 V                  ; 2.4 V              ; -0.0195 V          ; 0.196 V                             ; 0.023 V                             ; 2.87e-10 s                 ; 3.09e-10 s                 ; Yes                       ; Yes                       ;
; Data_BUS_WRITE[23] ; 2.5 V        ; 0 s                 ; 0 s                 ; 2.32 V                       ; 1.74e-09 V                   ; 2.4 V               ; -0.0195 V           ; 0.196 V                              ; 0.023 V                              ; 2.87e-10 s                  ; 3.09e-10 s                  ; Yes                        ; Yes                        ; 2.32 V                      ; 1.74e-09 V                  ; 2.4 V              ; -0.0195 V          ; 0.196 V                             ; 0.023 V                             ; 2.87e-10 s                 ; 3.09e-10 s                 ; Yes                       ; Yes                       ;
; Data_BUS_WRITE[24] ; 2.5 V        ; 0 s                 ; 0 s                 ; 2.32 V                       ; 1.74e-09 V                   ; 2.4 V               ; -0.0195 V           ; 0.196 V                              ; 0.023 V                              ; 2.87e-10 s                  ; 3.09e-10 s                  ; Yes                        ; Yes                        ; 2.32 V                      ; 1.74e-09 V                  ; 2.4 V              ; -0.0195 V          ; 0.196 V                             ; 0.023 V                             ; 2.87e-10 s                 ; 3.09e-10 s                 ; Yes                       ; Yes                       ;
; Data_BUS_WRITE[25] ; 2.5 V        ; 0 s                 ; 0 s                 ; 2.32 V                       ; 1.74e-09 V                   ; 2.4 V               ; -0.0195 V           ; 0.196 V                              ; 0.023 V                              ; 2.87e-10 s                  ; 3.09e-10 s                  ; Yes                        ; Yes                        ; 2.32 V                      ; 1.74e-09 V                  ; 2.4 V              ; -0.0195 V          ; 0.196 V                             ; 0.023 V                             ; 2.87e-10 s                 ; 3.09e-10 s                 ; Yes                       ; Yes                       ;
; Data_BUS_WRITE[26] ; 2.5 V        ; 0 s                 ; 0 s                 ; 2.32 V                       ; 1.4e-09 V                    ; 2.39 V              ; -0.0122 V           ; 0.154 V                              ; 0.017 V                              ; 4.74e-10 s                  ; 4.5e-10 s                   ; No                         ; Yes                        ; 2.32 V                      ; 1.4e-09 V                   ; 2.39 V             ; -0.0122 V          ; 0.154 V                             ; 0.017 V                             ; 4.74e-10 s                 ; 4.5e-10 s                  ; No                        ; Yes                       ;
; Data_BUS_WRITE[27] ; 2.5 V        ; 0 s                 ; 0 s                 ; 2.32 V                       ; 1.74e-09 V                   ; 2.4 V               ; -0.0195 V           ; 0.196 V                              ; 0.023 V                              ; 2.87e-10 s                  ; 3.09e-10 s                  ; Yes                        ; Yes                        ; 2.32 V                      ; 1.74e-09 V                  ; 2.4 V              ; -0.0195 V          ; 0.196 V                             ; 0.023 V                             ; 2.87e-10 s                 ; 3.09e-10 s                 ; Yes                       ; Yes                       ;
; Data_BUS_WRITE[28] ; 2.5 V        ; 0 s                 ; 0 s                 ; 2.32 V                       ; 1.74e-09 V                   ; 2.4 V               ; -0.0195 V           ; 0.196 V                              ; 0.023 V                              ; 2.87e-10 s                  ; 3.09e-10 s                  ; Yes                        ; Yes                        ; 2.32 V                      ; 1.74e-09 V                  ; 2.4 V              ; -0.0195 V          ; 0.196 V                             ; 0.023 V                             ; 2.87e-10 s                 ; 3.09e-10 s                 ; Yes                       ; Yes                       ;
; Data_BUS_WRITE[29] ; 2.5 V        ; 0 s                 ; 0 s                 ; 2.32 V                       ; 1.74e-09 V                   ; 2.4 V               ; -0.0195 V           ; 0.196 V                              ; 0.023 V                              ; 2.87e-10 s                  ; 3.09e-10 s                  ; Yes                        ; Yes                        ; 2.32 V                      ; 1.74e-09 V                  ; 2.4 V              ; -0.0195 V          ; 0.196 V                             ; 0.023 V                             ; 2.87e-10 s                 ; 3.09e-10 s                 ; Yes                       ; Yes                       ;
; Data_BUS_WRITE[30] ; 2.5 V        ; 0 s                 ; 0 s                 ; 2.32 V                       ; 1.4e-09 V                    ; 2.39 V              ; -0.0122 V           ; 0.154 V                              ; 0.017 V                              ; 4.74e-10 s                  ; 4.5e-10 s                   ; No                         ; Yes                        ; 2.32 V                      ; 1.4e-09 V                   ; 2.39 V             ; -0.0122 V          ; 0.154 V                             ; 0.017 V                             ; 4.74e-10 s                 ; 4.5e-10 s                  ; No                        ; Yes                       ;
; Data_BUS_WRITE[31] ; 2.5 V        ; 0 s                 ; 0 s                 ; 2.32 V                       ; 1.74e-09 V                   ; 2.4 V               ; -0.0195 V           ; 0.196 V                              ; 0.023 V                              ; 2.87e-10 s                  ; 3.09e-10 s                  ; Yes                        ; Yes                        ; 2.32 V                      ; 1.74e-09 V                  ; 2.4 V              ; -0.0195 V          ; 0.196 V                             ; 0.023 V                             ; 2.87e-10 s                 ; 3.09e-10 s                 ; Yes                       ; Yes                       ;
; ADDR_Prog[0]       ; 2.5 V        ; 0 s                 ; 0 s                 ; 2.32 V                       ; 1.4e-09 V                    ; 2.39 V              ; -0.0122 V           ; 0.154 V                              ; 0.017 V                              ; 4.74e-10 s                  ; 4.5e-10 s                   ; No                         ; Yes                        ; 2.32 V                      ; 1.4e-09 V                   ; 2.39 V             ; -0.0122 V          ; 0.154 V                             ; 0.017 V                             ; 4.74e-10 s                 ; 4.5e-10 s                  ; No                        ; Yes                       ;
; ADDR_Prog[1]       ; 2.5 V        ; 0 s                 ; 0 s                 ; 2.32 V                       ; 1.74e-09 V                   ; 2.4 V               ; -0.0195 V           ; 0.196 V                              ; 0.023 V                              ; 2.87e-10 s                  ; 3.09e-10 s                  ; Yes                        ; Yes                        ; 2.32 V                      ; 1.74e-09 V                  ; 2.4 V              ; -0.0195 V          ; 0.196 V                             ; 0.023 V                             ; 2.87e-10 s                 ; 3.09e-10 s                 ; Yes                       ; Yes                       ;
; ADDR_Prog[2]       ; 2.5 V        ; 0 s                 ; 0 s                 ; 2.32 V                       ; 1.74e-09 V                   ; 2.4 V               ; -0.0195 V           ; 0.196 V                              ; 0.023 V                              ; 2.87e-10 s                  ; 3.09e-10 s                  ; Yes                        ; Yes                        ; 2.32 V                      ; 1.74e-09 V                  ; 2.4 V              ; -0.0195 V          ; 0.196 V                             ; 0.023 V                             ; 2.87e-10 s                 ; 3.09e-10 s                 ; Yes                       ; Yes                       ;
; ADDR_Prog[3]       ; 2.5 V        ; 0 s                 ; 0 s                 ; 2.32 V                       ; 1.4e-09 V                    ; 2.39 V              ; -0.0122 V           ; 0.154 V                              ; 0.017 V                              ; 4.74e-10 s                  ; 4.5e-10 s                   ; No                         ; Yes                        ; 2.32 V                      ; 1.4e-09 V                   ; 2.39 V             ; -0.0122 V          ; 0.154 V                             ; 0.017 V                             ; 4.74e-10 s                 ; 4.5e-10 s                  ; No                        ; Yes                       ;
; ADDR_Prog[4]       ; 2.5 V        ; 0 s                 ; 0 s                 ; 2.32 V                       ; 1.74e-09 V                   ; 2.4 V               ; -0.0195 V           ; 0.196 V                              ; 0.023 V                              ; 2.87e-10 s                  ; 3.09e-10 s                  ; Yes                        ; Yes                        ; 2.32 V                      ; 1.74e-09 V                  ; 2.4 V              ; -0.0195 V          ; 0.196 V                             ; 0.023 V                             ; 2.87e-10 s                 ; 3.09e-10 s                 ; Yes                       ; Yes                       ;
; ADDR_Prog[5]       ; 2.5 V        ; 0 s                 ; 0 s                 ; 2.32 V                       ; 1.4e-09 V                    ; 2.39 V              ; -0.0122 V           ; 0.154 V                              ; 0.017 V                              ; 4.74e-10 s                  ; 4.5e-10 s                   ; No                         ; Yes                        ; 2.32 V                      ; 1.4e-09 V                   ; 2.39 V             ; -0.0122 V          ; 0.154 V                             ; 0.017 V                             ; 4.74e-10 s                 ; 4.5e-10 s                  ; No                        ; Yes                       ;
; ADDR_Prog[6]       ; 2.5 V        ; 0 s                 ; 0 s                 ; 2.32 V                       ; 1.4e-09 V                    ; 2.39 V              ; -0.0122 V           ; 0.154 V                              ; 0.017 V                              ; 4.74e-10 s                  ; 4.5e-10 s                   ; No                         ; Yes                        ; 2.32 V                      ; 1.4e-09 V                   ; 2.39 V             ; -0.0122 V          ; 0.154 V                             ; 0.017 V                             ; 4.74e-10 s                 ; 4.5e-10 s                  ; No                        ; Yes                       ;
; ADDR_Prog[7]       ; 2.5 V        ; 0 s                 ; 0 s                 ; 2.32 V                       ; 1.4e-09 V                    ; 2.39 V              ; -0.0122 V           ; 0.154 V                              ; 0.017 V                              ; 4.74e-10 s                  ; 4.5e-10 s                   ; No                         ; Yes                        ; 2.32 V                      ; 1.4e-09 V                   ; 2.39 V             ; -0.0122 V          ; 0.154 V                             ; 0.017 V                             ; 4.74e-10 s                 ; 4.5e-10 s                  ; No                        ; Yes                       ;
; ADDR_Prog[8]       ; 2.5 V        ; 0 s                 ; 0 s                 ; 2.32 V                       ; 1.4e-09 V                    ; 2.39 V              ; -0.0122 V           ; 0.154 V                              ; 0.017 V                              ; 4.74e-10 s                  ; 4.5e-10 s                   ; No                         ; Yes                        ; 2.32 V                      ; 1.4e-09 V                   ; 2.39 V             ; -0.0122 V          ; 0.154 V                             ; 0.017 V                             ; 4.74e-10 s                 ; 4.5e-10 s                  ; No                        ; Yes                       ;
; ADDR_Prog[9]       ; 2.5 V        ; 0 s                 ; 0 s                 ; 2.32 V                       ; 1.4e-09 V                    ; 2.39 V              ; -0.0122 V           ; 0.154 V                              ; 0.017 V                              ; 4.74e-10 s                  ; 4.5e-10 s                   ; No                         ; Yes                        ; 2.32 V                      ; 1.4e-09 V                   ; 2.39 V             ; -0.0122 V          ; 0.154 V                             ; 0.017 V                             ; 4.74e-10 s                 ; 4.5e-10 s                  ; No                        ; Yes                       ;
; ADDR_Prog[10]      ; 2.5 V        ; 0 s                 ; 0 s                 ; 2.32 V                       ; 1.4e-09 V                    ; 2.39 V              ; -0.0122 V           ; 0.154 V                              ; 0.017 V                              ; 4.74e-10 s                  ; 4.5e-10 s                   ; No                         ; Yes                        ; 2.32 V                      ; 1.4e-09 V                   ; 2.39 V             ; -0.0122 V          ; 0.154 V                             ; 0.017 V                             ; 4.74e-10 s                 ; 4.5e-10 s                  ; No                        ; Yes                       ;
; ADDR_Prog[11]      ; 2.5 V        ; 0 s                 ; 0 s                 ; 2.32 V                       ; 1.4e-09 V                    ; 2.34 V              ; -0.00664 V          ; 0.204 V                              ; 0.106 V                              ; 2.63e-09 s                  ; 2.46e-09 s                  ; No                         ; Yes                        ; 2.32 V                      ; 1.4e-09 V                   ; 2.34 V             ; -0.00664 V         ; 0.204 V                             ; 0.106 V                             ; 2.63e-09 s                 ; 2.46e-09 s                 ; No                        ; Yes                       ;
; ADDR_Prog[12]      ; 2.5 V        ; 0 s                 ; 0 s                 ; 2.32 V                       ; 1.4e-09 V                    ; 2.39 V              ; -0.0122 V           ; 0.154 V                              ; 0.017 V                              ; 4.74e-10 s                  ; 4.5e-10 s                   ; No                         ; Yes                        ; 2.32 V                      ; 1.4e-09 V                   ; 2.39 V             ; -0.0122 V          ; 0.154 V                             ; 0.017 V                             ; 4.74e-10 s                 ; 4.5e-10 s                  ; No                        ; Yes                       ;
; ADDR_Prog[13]      ; 2.5 V        ; 0 s                 ; 0 s                 ; 2.32 V                       ; 1.74e-09 V                   ; 2.4 V               ; -0.0195 V           ; 0.196 V                              ; 0.023 V                              ; 2.87e-10 s                  ; 3.09e-10 s                  ; Yes                        ; Yes                        ; 2.32 V                      ; 1.74e-09 V                  ; 2.4 V              ; -0.0195 V          ; 0.196 V                             ; 0.023 V                             ; 2.87e-10 s                 ; 3.09e-10 s                 ; Yes                       ; Yes                       ;
; ADDR_Prog[14]      ; 2.5 V        ; 0 s                 ; 0 s                 ; 2.32 V                       ; 1.74e-09 V                   ; 2.4 V               ; -0.0195 V           ; 0.196 V                              ; 0.023 V                              ; 2.87e-10 s                  ; 3.09e-10 s                  ; Yes                        ; Yes                        ; 2.32 V                      ; 1.74e-09 V                  ; 2.4 V              ; -0.0195 V          ; 0.196 V                             ; 0.023 V                             ; 2.87e-10 s                 ; 3.09e-10 s                 ; Yes                       ; Yes                       ;
; ADDR_Prog[15]      ; 2.5 V        ; 0 s                 ; 0 s                 ; 2.32 V                       ; 1.74e-09 V                   ; 2.4 V               ; -0.0195 V           ; 0.196 V                              ; 0.023 V                              ; 2.87e-10 s                  ; 3.09e-10 s                  ; Yes                        ; Yes                        ; 2.32 V                      ; 1.74e-09 V                  ; 2.4 V              ; -0.0195 V          ; 0.196 V                             ; 0.023 V                             ; 2.87e-10 s                 ; 3.09e-10 s                 ; Yes                       ; Yes                       ;
; ADDR_Prog[16]      ; 2.5 V        ; 0 s                 ; 0 s                 ; 2.32 V                       ; 1.4e-09 V                    ; 2.39 V              ; -0.0122 V           ; 0.154 V                              ; 0.017 V                              ; 4.74e-10 s                  ; 4.5e-10 s                   ; No                         ; Yes                        ; 2.32 V                      ; 1.4e-09 V                   ; 2.39 V             ; -0.0122 V          ; 0.154 V                             ; 0.017 V                             ; 4.74e-10 s                 ; 4.5e-10 s                  ; No                        ; Yes                       ;
; ADDR_Prog[17]      ; 2.5 V        ; 0 s                 ; 0 s                 ; 2.32 V                       ; 1.4e-09 V                    ; 2.39 V              ; -0.0122 V           ; 0.154 V                              ; 0.017 V                              ; 4.74e-10 s                  ; 4.5e-10 s                   ; No                         ; Yes                        ; 2.32 V                      ; 1.4e-09 V                   ; 2.39 V             ; -0.0122 V          ; 0.154 V                             ; 0.017 V                             ; 4.74e-10 s                 ; 4.5e-10 s                  ; No                        ; Yes                       ;
; ADDR_Prog[18]      ; 2.5 V        ; 0 s                 ; 0 s                 ; 2.32 V                       ; 1.4e-09 V                    ; 2.39 V              ; -0.0122 V           ; 0.154 V                              ; 0.017 V                              ; 4.74e-10 s                  ; 4.5e-10 s                   ; No                         ; Yes                        ; 2.32 V                      ; 1.4e-09 V                   ; 2.39 V             ; -0.0122 V          ; 0.154 V                             ; 0.017 V                             ; 4.74e-10 s                 ; 4.5e-10 s                  ; No                        ; Yes                       ;
; ADDR_Prog[19]      ; 2.5 V        ; 0 s                 ; 0 s                 ; 2.32 V                       ; 1.4e-09 V                    ; 2.39 V              ; -0.0122 V           ; 0.154 V                              ; 0.017 V                              ; 4.74e-10 s                  ; 4.5e-10 s                   ; No                         ; Yes                        ; 2.32 V                      ; 1.4e-09 V                   ; 2.39 V             ; -0.0122 V          ; 0.154 V                             ; 0.017 V                             ; 4.74e-10 s                 ; 4.5e-10 s                  ; No                        ; Yes                       ;
; ADDR_Prog[20]      ; 2.5 V        ; 0 s                 ; 0 s                 ; 2.32 V                       ; 1.4e-09 V                    ; 2.39 V              ; -0.0122 V           ; 0.154 V                              ; 0.017 V                              ; 4.74e-10 s                  ; 4.5e-10 s                   ; No                         ; Yes                        ; 2.32 V                      ; 1.4e-09 V                   ; 2.39 V             ; -0.0122 V          ; 0.154 V                             ; 0.017 V                             ; 4.74e-10 s                 ; 4.5e-10 s                  ; No                        ; Yes                       ;
; ADDR_Prog[21]      ; 2.5 V        ; 0 s                 ; 0 s                 ; 2.32 V                       ; 1.4e-09 V                    ; 2.39 V              ; -0.0122 V           ; 0.154 V                              ; 0.017 V                              ; 4.74e-10 s                  ; 4.5e-10 s                   ; No                         ; Yes                        ; 2.32 V                      ; 1.4e-09 V                   ; 2.39 V             ; -0.0122 V          ; 0.154 V                             ; 0.017 V                             ; 4.74e-10 s                 ; 4.5e-10 s                  ; No                        ; Yes                       ;
; ADDR_Prog[22]      ; 2.5 V        ; 0 s                 ; 0 s                 ; 2.32 V                       ; 1.4e-09 V                    ; 2.39 V              ; -0.0122 V           ; 0.154 V                              ; 0.017 V                              ; 4.74e-10 s                  ; 4.5e-10 s                   ; No                         ; Yes                        ; 2.32 V                      ; 1.4e-09 V                   ; 2.39 V             ; -0.0122 V          ; 0.154 V                             ; 0.017 V                             ; 4.74e-10 s                 ; 4.5e-10 s                  ; No                        ; Yes                       ;
; ADDR_Prog[23]      ; 2.5 V        ; 0 s                 ; 0 s                 ; 2.32 V                       ; 1.4e-09 V                    ; 2.39 V              ; -0.0122 V           ; 0.154 V                              ; 0.017 V                              ; 4.74e-10 s                  ; 4.5e-10 s                   ; No                         ; Yes                        ; 2.32 V                      ; 1.4e-09 V                   ; 2.39 V             ; -0.0122 V          ; 0.154 V                             ; 0.017 V                             ; 4.74e-10 s                 ; 4.5e-10 s                  ; No                        ; Yes                       ;
; ADDR_Prog[24]      ; 2.5 V        ; 0 s                 ; 0 s                 ; 2.32 V                       ; 1.74e-09 V                   ; 2.4 V               ; -0.0195 V           ; 0.196 V                              ; 0.023 V                              ; 2.87e-10 s                  ; 3.09e-10 s                  ; Yes                        ; Yes                        ; 2.32 V                      ; 1.74e-09 V                  ; 2.4 V              ; -0.0195 V          ; 0.196 V                             ; 0.023 V                             ; 2.87e-10 s                 ; 3.09e-10 s                 ; Yes                       ; Yes                       ;
; ADDR_Prog[25]      ; 2.5 V        ; 0 s                 ; 0 s                 ; 2.32 V                       ; 1.74e-09 V                   ; 2.4 V               ; -0.0195 V           ; 0.196 V                              ; 0.023 V                              ; 2.87e-10 s                  ; 3.09e-10 s                  ; Yes                        ; Yes                        ; 2.32 V                      ; 1.74e-09 V                  ; 2.4 V              ; -0.0195 V          ; 0.196 V                             ; 0.023 V                             ; 2.87e-10 s                 ; 3.09e-10 s                 ; Yes                       ; Yes                       ;
; ADDR_Prog[26]      ; 2.5 V        ; 0 s                 ; 0 s                 ; 2.32 V                       ; 1.4e-09 V                    ; 2.39 V              ; -0.0122 V           ; 0.154 V                              ; 0.017 V                              ; 4.74e-10 s                  ; 4.5e-10 s                   ; No                         ; Yes                        ; 2.32 V                      ; 1.4e-09 V                   ; 2.39 V             ; -0.0122 V          ; 0.154 V                             ; 0.017 V                             ; 4.74e-10 s                 ; 4.5e-10 s                  ; No                        ; Yes                       ;
; ADDR_Prog[27]      ; 2.5 V        ; 0 s                 ; 0 s                 ; 2.32 V                       ; 1.4e-09 V                    ; 2.39 V              ; -0.0122 V           ; 0.154 V                              ; 0.017 V                              ; 4.74e-10 s                  ; 4.5e-10 s                   ; No                         ; Yes                        ; 2.32 V                      ; 1.4e-09 V                   ; 2.39 V             ; -0.0122 V          ; 0.154 V                             ; 0.017 V                             ; 4.74e-10 s                 ; 4.5e-10 s                  ; No                        ; Yes                       ;
; ADDR_Prog[28]      ; 2.5 V        ; 0 s                 ; 0 s                 ; 2.32 V                       ; 1.74e-09 V                   ; 2.4 V               ; -0.0195 V           ; 0.196 V                              ; 0.023 V                              ; 2.87e-10 s                  ; 3.09e-10 s                  ; Yes                        ; Yes                        ; 2.32 V                      ; 1.74e-09 V                  ; 2.4 V              ; -0.0195 V          ; 0.196 V                             ; 0.023 V                             ; 2.87e-10 s                 ; 3.09e-10 s                 ; Yes                       ; Yes                       ;
; ADDR_Prog[29]      ; 2.5 V        ; 0 s                 ; 0 s                 ; 2.32 V                       ; 1.4e-09 V                    ; 2.39 V              ; -0.0122 V           ; 0.154 V                              ; 0.017 V                              ; 4.74e-10 s                  ; 4.5e-10 s                   ; No                         ; Yes                        ; 2.32 V                      ; 1.4e-09 V                   ; 2.39 V             ; -0.0122 V          ; 0.154 V                             ; 0.017 V                             ; 4.74e-10 s                 ; 4.5e-10 s                  ; No                        ; Yes                       ;
; ADDR_Prog[30]      ; 2.5 V        ; 0 s                 ; 0 s                 ; 2.32 V                       ; 1.4e-09 V                    ; 2.39 V              ; -0.0122 V           ; 0.154 V                              ; 0.017 V                              ; 4.74e-10 s                  ; 4.5e-10 s                   ; No                         ; Yes                        ; 2.32 V                      ; 1.4e-09 V                   ; 2.39 V             ; -0.0122 V          ; 0.154 V                             ; 0.017 V                             ; 4.74e-10 s                 ; 4.5e-10 s                  ; No                        ; Yes                       ;
; ADDR_Prog[31]      ; 2.5 V        ; 0 s                 ; 0 s                 ; 2.32 V                       ; 1.4e-09 V                    ; 2.39 V              ; -0.0122 V           ; 0.154 V                              ; 0.017 V                              ; 4.74e-10 s                  ; 4.5e-10 s                   ; No                         ; Yes                        ; 2.32 V                      ; 1.4e-09 V                   ; 2.39 V             ; -0.0122 V          ; 0.154 V                             ; 0.017 V                             ; 4.74e-10 s                 ; 4.5e-10 s                  ; No                        ; Yes                       ;
; CS                 ; 2.5 V        ; 0 s                 ; 0 s                 ; 2.32 V                       ; 1.74e-09 V                   ; 2.4 V               ; -0.0195 V           ; 0.196 V                              ; 0.023 V                              ; 2.87e-10 s                  ; 3.09e-10 s                  ; Yes                        ; Yes                        ; 2.32 V                      ; 1.74e-09 V                  ; 2.4 V              ; -0.0195 V          ; 0.196 V                             ; 0.023 V                             ; 2.87e-10 s                 ; 3.09e-10 s                 ; Yes                       ; Yes                       ;
; WE                 ; 2.5 V        ; 0 s                 ; 0 s                 ; 2.32 V                       ; 1.74e-09 V                   ; 2.4 V               ; -0.0195 V           ; 0.196 V                              ; 0.023 V                              ; 2.87e-10 s                  ; 3.09e-10 s                  ; Yes                        ; Yes                        ; 2.32 V                      ; 1.74e-09 V                  ; 2.4 V              ; -0.0195 V          ; 0.196 V                             ; 0.023 V                             ; 2.87e-10 s                 ; 3.09e-10 s                 ; Yes                       ; Yes                       ;
; CS_P               ; 2.5 V        ; 0 s                 ; 0 s                 ; 2.32 V                       ; 1.4e-09 V                    ; 2.39 V              ; -0.0122 V           ; 0.154 V                              ; 0.017 V                              ; 4.74e-10 s                  ; 4.5e-10 s                   ; No                         ; Yes                        ; 2.32 V                      ; 1.4e-09 V                   ; 2.39 V             ; -0.0122 V          ; 0.154 V                             ; 0.017 V                             ; 4.74e-10 s                 ; 4.5e-10 s                  ; No                        ; Yes                       ;
; ~ALTERA_NCEO~      ; 2.5 V        ; 0 s                 ; 0 s                 ; 2.32 V                       ; 1.1e-09 V                    ; 2.58 V              ; -0.0544 V           ; 0.311 V                              ; 0.084 V                              ; 1.05e-10 s                  ; 2.03e-10 s                  ; No                         ; Yes                        ; 2.32 V                      ; 1.1e-09 V                   ; 2.58 V             ; -0.0544 V          ; 0.311 V                             ; 0.084 V                             ; 1.05e-10 s                 ; 2.03e-10 s                 ; No                        ; Yes                       ;
; ~ALTERA_DCLK~      ; 2.5 V        ; 0 s                 ; 0 s                 ; 2.32 V                       ; 1.44e-09 V                   ; 2.39 V              ; -0.0693 V           ; 0.141 V                              ; 0.097 V                              ; 2.77e-10 s                  ; 2.57e-10 s                  ; Yes                        ; Yes                        ; 2.32 V                      ; 1.44e-09 V                  ; 2.39 V             ; -0.0693 V          ; 0.141 V                             ; 0.097 V                             ; 2.77e-10 s                 ; 2.57e-10 s                 ; Yes                       ; Yes                       ;
+--------------------+--------------+---------------------+---------------------+------------------------------+------------------------------+---------------------+---------------------+--------------------------------------+--------------------------------------+-----------------------------+-----------------------------+----------------------------+----------------------------+-----------------------------+-----------------------------+--------------------+--------------------+-------------------------------------+-------------------------------------+----------------------------+----------------------------+---------------------------+---------------------------+


+-------------------------------------------------------------------------------------------------------------------------------------------------------------------------------------------------------------------------------------------------------------------------------------------------------------------------------------------------------------------------------------------------------------------------------------------------------------------------------------------------------------------------------------------------------------------------------------------------------------------------------------------------------------------------------------------------+
; Signal Integrity Metrics (Slow 1200mv 100c Model)                                                                                                                                                                                                                                                                                                                                                                                                                                                                                                                                                                                                                                               ;
+--------------------+--------------+---------------------+---------------------+------------------------------+------------------------------+---------------------+---------------------+--------------------------------------+--------------------------------------+-----------------------------+-----------------------------+----------------------------+----------------------------+-----------------------------+-----------------------------+--------------------+--------------------+-------------------------------------+-------------------------------------+----------------------------+----------------------------+---------------------------+---------------------------+
; Pin                ; I/O Standard ; Board Delay on Rise ; Board Delay on Fall ; Steady State Voh at FPGA Pin ; Steady State Vol at FPGA Pin ; Voh Max at FPGA Pin ; Vol Min at FPGA Pin ; Ringback Voltage on Rise at FPGA Pin ; Ringback Voltage on Fall at FPGA Pin ; 10-90 Rise Time at FPGA Pin ; 90-10 Fall Time at FPGA Pin ; Monotonic Rise at FPGA Pin ; Monotonic Fall at FPGA Pin ; Steady State Voh at Far-end ; Steady State Vol at Far-end ; Voh Max at Far-end ; Vol Min at Far-end ; Ringback Voltage on Rise at Far-end ; Ringback Voltage on Fall at Far-end ; 10-90 Rise Time at Far-end ; 90-10 Fall Time at Far-end ; Monotonic Rise at Far-end ; Monotonic Fall at Far-end ;
+--------------------+--------------+---------------------+---------------------+------------------------------+------------------------------+---------------------+---------------------+--------------------------------------+--------------------------------------+-----------------------------+-----------------------------+----------------------------+----------------------------+-----------------------------+-----------------------------+--------------------+--------------------+-------------------------------------+-------------------------------------+----------------------------+----------------------------+---------------------------+---------------------------+
; ADDR[0]            ; 2.5 V        ; 0 s                 ; 0 s                 ; 2.32 V                       ; 1.44e-06 V                   ; 2.35 V              ; -0.0112 V           ; 0.129 V                              ; 0.036 V                              ; 4.71e-10 s                  ; 4.65e-10 s                  ; Yes                        ; Yes                        ; 2.32 V                      ; 1.44e-06 V                  ; 2.35 V             ; -0.0112 V          ; 0.129 V                             ; 0.036 V                             ; 4.71e-10 s                 ; 4.65e-10 s                 ; Yes                       ; Yes                       ;
; ADDR[1]            ; 2.5 V        ; 0 s                 ; 0 s                 ; 2.32 V                       ; 9.69e-07 V                   ; 2.35 V              ; -0.00962 V          ; 0.125 V                              ; 0.041 V                              ; 6.76e-10 s                  ; 6.43e-10 s                  ; Yes                        ; Yes                        ; 2.32 V                      ; 9.69e-07 V                  ; 2.35 V             ; -0.00962 V         ; 0.125 V                             ; 0.041 V                             ; 6.76e-10 s                 ; 6.43e-10 s                 ; Yes                       ; Yes                       ;
; ADDR[2]            ; 2.5 V        ; 0 s                 ; 0 s                 ; 2.32 V                       ; 1.44e-06 V                   ; 2.35 V              ; -0.0112 V           ; 0.129 V                              ; 0.036 V                              ; 4.71e-10 s                  ; 4.65e-10 s                  ; Yes                        ; Yes                        ; 2.32 V                      ; 1.44e-06 V                  ; 2.35 V             ; -0.0112 V          ; 0.129 V                             ; 0.036 V                             ; 4.71e-10 s                 ; 4.65e-10 s                 ; Yes                       ; Yes                       ;
; ADDR[3]            ; 2.5 V        ; 0 s                 ; 0 s                 ; 2.32 V                       ; 9.69e-07 V                   ; 2.35 V              ; -0.00962 V          ; 0.125 V                              ; 0.041 V                              ; 6.76e-10 s                  ; 6.43e-10 s                  ; Yes                        ; Yes                        ; 2.32 V                      ; 9.69e-07 V                  ; 2.35 V             ; -0.00962 V         ; 0.125 V                             ; 0.041 V                             ; 6.76e-10 s                 ; 6.43e-10 s                 ; Yes                       ; Yes                       ;
; ADDR[4]            ; 2.5 V        ; 0 s                 ; 0 s                 ; 2.32 V                       ; 1.44e-06 V                   ; 2.35 V              ; -0.0112 V           ; 0.129 V                              ; 0.036 V                              ; 4.71e-10 s                  ; 4.65e-10 s                  ; Yes                        ; Yes                        ; 2.32 V                      ; 1.44e-06 V                  ; 2.35 V             ; -0.0112 V          ; 0.129 V                             ; 0.036 V                             ; 4.71e-10 s                 ; 4.65e-10 s                 ; Yes                       ; Yes                       ;
; ADDR[5]            ; 2.5 V        ; 0 s                 ; 0 s                 ; 2.32 V                       ; 9.69e-07 V                   ; 2.35 V              ; -0.00962 V          ; 0.125 V                              ; 0.041 V                              ; 6.76e-10 s                  ; 6.43e-10 s                  ; Yes                        ; Yes                        ; 2.32 V                      ; 9.69e-07 V                  ; 2.35 V             ; -0.00962 V         ; 0.125 V                             ; 0.041 V                             ; 6.76e-10 s                 ; 6.43e-10 s                 ; Yes                       ; Yes                       ;
; ADDR[6]            ; 2.5 V        ; 0 s                 ; 0 s                 ; 2.32 V                       ; 1.44e-06 V                   ; 2.35 V              ; -0.0112 V           ; 0.129 V                              ; 0.036 V                              ; 4.71e-10 s                  ; 4.65e-10 s                  ; Yes                        ; Yes                        ; 2.32 V                      ; 1.44e-06 V                  ; 2.35 V             ; -0.0112 V          ; 0.129 V                             ; 0.036 V                             ; 4.71e-10 s                 ; 4.65e-10 s                 ; Yes                       ; Yes                       ;
; ADDR[7]            ; 2.5 V        ; 0 s                 ; 0 s                 ; 2.32 V                       ; 9.69e-07 V                   ; 2.35 V              ; -0.00962 V          ; 0.125 V                              ; 0.041 V                              ; 6.76e-10 s                  ; 6.43e-10 s                  ; Yes                        ; Yes                        ; 2.32 V                      ; 9.69e-07 V                  ; 2.35 V             ; -0.00962 V         ; 0.125 V                             ; 0.041 V                             ; 6.76e-10 s                 ; 6.43e-10 s                 ; Yes                       ; Yes                       ;
; ADDR[8]            ; 2.5 V        ; 0 s                 ; 0 s                 ; 2.32 V                       ; 1.44e-06 V                   ; 2.35 V              ; -0.0112 V           ; 0.129 V                              ; 0.036 V                              ; 4.71e-10 s                  ; 4.65e-10 s                  ; Yes                        ; Yes                        ; 2.32 V                      ; 1.44e-06 V                  ; 2.35 V             ; -0.0112 V          ; 0.129 V                             ; 0.036 V                             ; 4.71e-10 s                 ; 4.65e-10 s                 ; Yes                       ; Yes                       ;
; ADDR[9]            ; 2.5 V        ; 0 s                 ; 0 s                 ; 2.32 V                       ; 1.44e-06 V                   ; 2.35 V              ; -0.0112 V           ; 0.129 V                              ; 0.036 V                              ; 4.71e-10 s                  ; 4.65e-10 s                  ; Yes                        ; Yes                        ; 2.32 V                      ; 1.44e-06 V                  ; 2.35 V             ; -0.0112 V          ; 0.129 V                             ; 0.036 V                             ; 4.71e-10 s                 ; 4.65e-10 s                 ; Yes                       ; Yes                       ;
; ADDR[10]           ; 2.5 V        ; 0 s                 ; 0 s                 ; 2.32 V                       ; 9.69e-07 V                   ; 2.35 V              ; -0.00962 V          ; 0.125 V                              ; 0.041 V                              ; 6.76e-10 s                  ; 6.43e-10 s                  ; Yes                        ; Yes                        ; 2.32 V                      ; 9.69e-07 V                  ; 2.35 V             ; -0.00962 V         ; 0.125 V                             ; 0.041 V                             ; 6.76e-10 s                 ; 6.43e-10 s                 ; Yes                       ; Yes                       ;
; ADDR[11]           ; 2.5 V        ; 0 s                 ; 0 s                 ; 2.32 V                       ; 1.44e-06 V                   ; 2.35 V              ; -0.0112 V           ; 0.129 V                              ; 0.036 V                              ; 4.71e-10 s                  ; 4.65e-10 s                  ; Yes                        ; Yes                        ; 2.32 V                      ; 1.44e-06 V                  ; 2.35 V             ; -0.0112 V          ; 0.129 V                             ; 0.036 V                             ; 4.71e-10 s                 ; 4.65e-10 s                 ; Yes                       ; Yes                       ;
; ADDR[12]           ; 2.5 V        ; 0 s                 ; 0 s                 ; 2.32 V                       ; 1.44e-06 V                   ; 2.35 V              ; -0.0112 V           ; 0.129 V                              ; 0.036 V                              ; 4.71e-10 s                  ; 4.65e-10 s                  ; Yes                        ; Yes                        ; 2.32 V                      ; 1.44e-06 V                  ; 2.35 V             ; -0.0112 V          ; 0.129 V                             ; 0.036 V                             ; 4.71e-10 s                 ; 4.65e-10 s                 ; Yes                       ; Yes                       ;
; ADDR[13]           ; 2.5 V        ; 0 s                 ; 0 s                 ; 2.32 V                       ; 1.44e-06 V                   ; 2.35 V              ; -0.0112 V           ; 0.129 V                              ; 0.036 V                              ; 4.71e-10 s                  ; 4.65e-10 s                  ; Yes                        ; Yes                        ; 2.32 V                      ; 1.44e-06 V                  ; 2.35 V             ; -0.0112 V          ; 0.129 V                             ; 0.036 V                             ; 4.71e-10 s                 ; 4.65e-10 s                 ; Yes                       ; Yes                       ;
; ADDR[14]           ; 2.5 V        ; 0 s                 ; 0 s                 ; 2.32 V                       ; 1.44e-06 V                   ; 2.35 V              ; -0.0112 V           ; 0.129 V                              ; 0.036 V                              ; 4.71e-10 s                  ; 4.65e-10 s                  ; Yes                        ; Yes                        ; 2.32 V                      ; 1.44e-06 V                  ; 2.35 V             ; -0.0112 V          ; 0.129 V                             ; 0.036 V                             ; 4.71e-10 s                 ; 4.65e-10 s                 ; Yes                       ; Yes                       ;
; ADDR[15]           ; 2.5 V        ; 0 s                 ; 0 s                 ; 2.32 V                       ; 9.69e-07 V                   ; 2.35 V              ; -0.00962 V          ; 0.125 V                              ; 0.041 V                              ; 6.76e-10 s                  ; 6.43e-10 s                  ; Yes                        ; Yes                        ; 2.32 V                      ; 9.69e-07 V                  ; 2.35 V             ; -0.00962 V         ; 0.125 V                             ; 0.041 V                             ; 6.76e-10 s                 ; 6.43e-10 s                 ; Yes                       ; Yes                       ;
; ADDR[16]           ; 2.5 V        ; 0 s                 ; 0 s                 ; 2.32 V                       ; 9.69e-07 V                   ; 2.35 V              ; -0.00962 V          ; 0.125 V                              ; 0.041 V                              ; 6.76e-10 s                  ; 6.43e-10 s                  ; Yes                        ; Yes                        ; 2.32 V                      ; 9.69e-07 V                  ; 2.35 V             ; -0.00962 V         ; 0.125 V                             ; 0.041 V                             ; 6.76e-10 s                 ; 6.43e-10 s                 ; Yes                       ; Yes                       ;
; ADDR[17]           ; 2.5 V        ; 0 s                 ; 0 s                 ; 2.32 V                       ; 1.44e-06 V                   ; 2.35 V              ; -0.0112 V           ; 0.129 V                              ; 0.036 V                              ; 4.71e-10 s                  ; 4.65e-10 s                  ; Yes                        ; Yes                        ; 2.32 V                      ; 1.44e-06 V                  ; 2.35 V             ; -0.0112 V          ; 0.129 V                             ; 0.036 V                             ; 4.71e-10 s                 ; 4.65e-10 s                 ; Yes                       ; Yes                       ;
; ADDR[18]           ; 2.5 V        ; 0 s                 ; 0 s                 ; 2.32 V                       ; 1.44e-06 V                   ; 2.35 V              ; -0.0112 V           ; 0.129 V                              ; 0.036 V                              ; 4.71e-10 s                  ; 4.65e-10 s                  ; Yes                        ; Yes                        ; 2.32 V                      ; 1.44e-06 V                  ; 2.35 V             ; -0.0112 V          ; 0.129 V                             ; 0.036 V                             ; 4.71e-10 s                 ; 4.65e-10 s                 ; Yes                       ; Yes                       ;
; ADDR[19]           ; 2.5 V        ; 0 s                 ; 0 s                 ; 2.32 V                       ; 1.44e-06 V                   ; 2.35 V              ; -0.0112 V           ; 0.129 V                              ; 0.036 V                              ; 4.71e-10 s                  ; 4.65e-10 s                  ; Yes                        ; Yes                        ; 2.32 V                      ; 1.44e-06 V                  ; 2.35 V             ; -0.0112 V          ; 0.129 V                             ; 0.036 V                             ; 4.71e-10 s                 ; 4.65e-10 s                 ; Yes                       ; Yes                       ;
; ADDR[20]           ; 2.5 V        ; 0 s                 ; 0 s                 ; 2.32 V                       ; 1.44e-06 V                   ; 2.35 V              ; -0.0112 V           ; 0.129 V                              ; 0.036 V                              ; 4.71e-10 s                  ; 4.65e-10 s                  ; Yes                        ; Yes                        ; 2.32 V                      ; 1.44e-06 V                  ; 2.35 V             ; -0.0112 V          ; 0.129 V                             ; 0.036 V                             ; 4.71e-10 s                 ; 4.65e-10 s                 ; Yes                       ; Yes                       ;
; ADDR[21]           ; 2.5 V        ; 0 s                 ; 0 s                 ; 2.32 V                       ; 1.44e-06 V                   ; 2.35 V              ; -0.0112 V           ; 0.129 V                              ; 0.036 V                              ; 4.71e-10 s                  ; 4.65e-10 s                  ; Yes                        ; Yes                        ; 2.32 V                      ; 1.44e-06 V                  ; 2.35 V             ; -0.0112 V          ; 0.129 V                             ; 0.036 V                             ; 4.71e-10 s                 ; 4.65e-10 s                 ; Yes                       ; Yes                       ;
; ADDR[22]           ; 2.5 V        ; 0 s                 ; 0 s                 ; 2.32 V                       ; 1.44e-06 V                   ; 2.35 V              ; -0.0112 V           ; 0.129 V                              ; 0.036 V                              ; 4.71e-10 s                  ; 4.65e-10 s                  ; Yes                        ; Yes                        ; 2.32 V                      ; 1.44e-06 V                  ; 2.35 V             ; -0.0112 V          ; 0.129 V                             ; 0.036 V                             ; 4.71e-10 s                 ; 4.65e-10 s                 ; Yes                       ; Yes                       ;
; ADDR[23]           ; 2.5 V        ; 0 s                 ; 0 s                 ; 2.32 V                       ; 9.69e-07 V                   ; 2.35 V              ; -0.00962 V          ; 0.125 V                              ; 0.041 V                              ; 6.76e-10 s                  ; 6.43e-10 s                  ; Yes                        ; Yes                        ; 2.32 V                      ; 9.69e-07 V                  ; 2.35 V             ; -0.00962 V         ; 0.125 V                             ; 0.041 V                             ; 6.76e-10 s                 ; 6.43e-10 s                 ; Yes                       ; Yes                       ;
; ADDR[24]           ; 2.5 V        ; 0 s                 ; 0 s                 ; 2.32 V                       ; 9.69e-07 V                   ; 2.35 V              ; -0.00962 V          ; 0.125 V                              ; 0.041 V                              ; 6.76e-10 s                  ; 6.43e-10 s                  ; Yes                        ; Yes                        ; 2.32 V                      ; 9.69e-07 V                  ; 2.35 V             ; -0.00962 V         ; 0.125 V                             ; 0.041 V                             ; 6.76e-10 s                 ; 6.43e-10 s                 ; Yes                       ; Yes                       ;
; ADDR[25]           ; 2.5 V        ; 0 s                 ; 0 s                 ; 2.32 V                       ; 9.69e-07 V                   ; 2.35 V              ; -0.00962 V          ; 0.125 V                              ; 0.041 V                              ; 6.76e-10 s                  ; 6.43e-10 s                  ; Yes                        ; Yes                        ; 2.32 V                      ; 9.69e-07 V                  ; 2.35 V             ; -0.00962 V         ; 0.125 V                             ; 0.041 V                             ; 6.76e-10 s                 ; 6.43e-10 s                 ; Yes                       ; Yes                       ;
; ADDR[26]           ; 2.5 V        ; 0 s                 ; 0 s                 ; 2.32 V                       ; 1.44e-06 V                   ; 2.35 V              ; -0.0112 V           ; 0.129 V                              ; 0.036 V                              ; 4.71e-10 s                  ; 4.65e-10 s                  ; Yes                        ; Yes                        ; 2.32 V                      ; 1.44e-06 V                  ; 2.35 V             ; -0.0112 V          ; 0.129 V                             ; 0.036 V                             ; 4.71e-10 s                 ; 4.65e-10 s                 ; Yes                       ; Yes                       ;
; ADDR[27]           ; 2.5 V        ; 0 s                 ; 0 s                 ; 2.32 V                       ; 1.44e-06 V                   ; 2.35 V              ; -0.0112 V           ; 0.129 V                              ; 0.036 V                              ; 4.71e-10 s                  ; 4.65e-10 s                  ; Yes                        ; Yes                        ; 2.32 V                      ; 1.44e-06 V                  ; 2.35 V             ; -0.0112 V          ; 0.129 V                             ; 0.036 V                             ; 4.71e-10 s                 ; 4.65e-10 s                 ; Yes                       ; Yes                       ;
; ADDR[28]           ; 2.5 V        ; 0 s                 ; 0 s                 ; 2.32 V                       ; 1.44e-06 V                   ; 2.35 V              ; -0.0112 V           ; 0.129 V                              ; 0.036 V                              ; 4.71e-10 s                  ; 4.65e-10 s                  ; Yes                        ; Yes                        ; 2.32 V                      ; 1.44e-06 V                  ; 2.35 V             ; -0.0112 V          ; 0.129 V                             ; 0.036 V                             ; 4.71e-10 s                 ; 4.65e-10 s                 ; Yes                       ; Yes                       ;
; ADDR[29]           ; 2.5 V        ; 0 s                 ; 0 s                 ; 2.32 V                       ; 1.44e-06 V                   ; 2.35 V              ; -0.0112 V           ; 0.129 V                              ; 0.036 V                              ; 4.71e-10 s                  ; 4.65e-10 s                  ; Yes                        ; Yes                        ; 2.32 V                      ; 1.44e-06 V                  ; 2.35 V             ; -0.0112 V          ; 0.129 V                             ; 0.036 V                             ; 4.71e-10 s                 ; 4.65e-10 s                 ; Yes                       ; Yes                       ;
; ADDR[30]           ; 2.5 V        ; 0 s                 ; 0 s                 ; 2.32 V                       ; 1.44e-06 V                   ; 2.35 V              ; -0.0112 V           ; 0.129 V                              ; 0.036 V                              ; 4.71e-10 s                  ; 4.65e-10 s                  ; Yes                        ; Yes                        ; 2.32 V                      ; 1.44e-06 V                  ; 2.35 V             ; -0.0112 V          ; 0.129 V                             ; 0.036 V                             ; 4.71e-10 s                 ; 4.65e-10 s                 ; Yes                       ; Yes                       ;
; ADDR[31]           ; 2.5 V        ; 0 s                 ; 0 s                 ; 2.32 V                       ; 1.44e-06 V                   ; 2.35 V              ; -0.0112 V           ; 0.129 V                              ; 0.036 V                              ; 4.71e-10 s                  ; 4.65e-10 s                  ; Yes                        ; Yes                        ; 2.32 V                      ; 1.44e-06 V                  ; 2.35 V             ; -0.0112 V          ; 0.129 V                             ; 0.036 V                             ; 4.71e-10 s                 ; 4.65e-10 s                 ; Yes                       ; Yes                       ;
; Data_BUS_WRITE[0]  ; 2.5 V        ; 0 s                 ; 0 s                 ; 2.32 V                       ; 1.44e-06 V                   ; 2.35 V              ; -0.0112 V           ; 0.129 V                              ; 0.036 V                              ; 4.71e-10 s                  ; 4.65e-10 s                  ; Yes                        ; Yes                        ; 2.32 V                      ; 1.44e-06 V                  ; 2.35 V             ; -0.0112 V          ; 0.129 V                             ; 0.036 V                             ; 4.71e-10 s                 ; 4.65e-10 s                 ; Yes                       ; Yes                       ;
; Data_BUS_WRITE[1]  ; 2.5 V        ; 0 s                 ; 0 s                 ; 2.32 V                       ; 9.69e-07 V                   ; 2.35 V              ; -0.00962 V          ; 0.125 V                              ; 0.041 V                              ; 6.76e-10 s                  ; 6.43e-10 s                  ; Yes                        ; Yes                        ; 2.32 V                      ; 9.69e-07 V                  ; 2.35 V             ; -0.00962 V         ; 0.125 V                             ; 0.041 V                             ; 6.76e-10 s                 ; 6.43e-10 s                 ; Yes                       ; Yes                       ;
; Data_BUS_WRITE[2]  ; 2.5 V        ; 0 s                 ; 0 s                 ; 2.32 V                       ; 1.44e-06 V                   ; 2.35 V              ; -0.0112 V           ; 0.129 V                              ; 0.036 V                              ; 4.71e-10 s                  ; 4.65e-10 s                  ; Yes                        ; Yes                        ; 2.32 V                      ; 1.44e-06 V                  ; 2.35 V             ; -0.0112 V          ; 0.129 V                             ; 0.036 V                             ; 4.71e-10 s                 ; 4.65e-10 s                 ; Yes                       ; Yes                       ;
; Data_BUS_WRITE[3]  ; 2.5 V        ; 0 s                 ; 0 s                 ; 2.32 V                       ; 1.44e-06 V                   ; 2.35 V              ; -0.0112 V           ; 0.129 V                              ; 0.036 V                              ; 4.71e-10 s                  ; 4.65e-10 s                  ; Yes                        ; Yes                        ; 2.32 V                      ; 1.44e-06 V                  ; 2.35 V             ; -0.0112 V          ; 0.129 V                             ; 0.036 V                             ; 4.71e-10 s                 ; 4.65e-10 s                 ; Yes                       ; Yes                       ;
; Data_BUS_WRITE[4]  ; 2.5 V        ; 0 s                 ; 0 s                 ; 2.32 V                       ; 9.69e-07 V                   ; 2.33 V              ; -0.00252 V          ; 0.116 V                              ; 0.051 V                              ; 3.6e-09 s                   ; 3.43e-09 s                  ; Yes                        ; Yes                        ; 2.32 V                      ; 9.69e-07 V                  ; 2.33 V             ; -0.00252 V         ; 0.116 V                             ; 0.051 V                             ; 3.6e-09 s                  ; 3.43e-09 s                 ; Yes                       ; Yes                       ;
; Data_BUS_WRITE[5]  ; 2.5 V        ; 0 s                 ; 0 s                 ; 2.32 V                       ; 1.44e-06 V                   ; 2.35 V              ; -0.0112 V           ; 0.129 V                              ; 0.036 V                              ; 4.71e-10 s                  ; 4.65e-10 s                  ; Yes                        ; Yes                        ; 2.32 V                      ; 1.44e-06 V                  ; 2.35 V             ; -0.0112 V          ; 0.129 V                             ; 0.036 V                             ; 4.71e-10 s                 ; 4.65e-10 s                 ; Yes                       ; Yes                       ;
; Data_BUS_WRITE[6]  ; 2.5 V        ; 0 s                 ; 0 s                 ; 2.32 V                       ; 1.44e-06 V                   ; 2.35 V              ; -0.0112 V           ; 0.129 V                              ; 0.036 V                              ; 4.71e-10 s                  ; 4.65e-10 s                  ; Yes                        ; Yes                        ; 2.32 V                      ; 1.44e-06 V                  ; 2.35 V             ; -0.0112 V          ; 0.129 V                             ; 0.036 V                             ; 4.71e-10 s                 ; 4.65e-10 s                 ; Yes                       ; Yes                       ;
; Data_BUS_WRITE[7]  ; 2.5 V        ; 0 s                 ; 0 s                 ; 2.32 V                       ; 9.69e-07 V                   ; 2.35 V              ; -0.00962 V          ; 0.125 V                              ; 0.041 V                              ; 6.76e-10 s                  ; 6.43e-10 s                  ; Yes                        ; Yes                        ; 2.32 V                      ; 9.69e-07 V                  ; 2.35 V             ; -0.00962 V         ; 0.125 V                             ; 0.041 V                             ; 6.76e-10 s                 ; 6.43e-10 s                 ; Yes                       ; Yes                       ;
; Data_BUS_WRITE[8]  ; 2.5 V        ; 0 s                 ; 0 s                 ; 2.32 V                       ; 1.44e-06 V                   ; 2.35 V              ; -0.0112 V           ; 0.129 V                              ; 0.036 V                              ; 4.71e-10 s                  ; 4.65e-10 s                  ; Yes                        ; Yes                        ; 2.32 V                      ; 1.44e-06 V                  ; 2.35 V             ; -0.0112 V          ; 0.129 V                             ; 0.036 V                             ; 4.71e-10 s                 ; 4.65e-10 s                 ; Yes                       ; Yes                       ;
; Data_BUS_WRITE[9]  ; 2.5 V        ; 0 s                 ; 0 s                 ; 2.32 V                       ; 1.44e-06 V                   ; 2.35 V              ; -0.0112 V           ; 0.129 V                              ; 0.036 V                              ; 4.71e-10 s                  ; 4.65e-10 s                  ; Yes                        ; Yes                        ; 2.32 V                      ; 1.44e-06 V                  ; 2.35 V             ; -0.0112 V          ; 0.129 V                             ; 0.036 V                             ; 4.71e-10 s                 ; 4.65e-10 s                 ; Yes                       ; Yes                       ;
; Data_BUS_WRITE[10] ; 2.5 V        ; 0 s                 ; 0 s                 ; 2.32 V                       ; 9.69e-07 V                   ; 2.35 V              ; -0.00962 V          ; 0.125 V                              ; 0.041 V                              ; 6.76e-10 s                  ; 6.43e-10 s                  ; Yes                        ; Yes                        ; 2.32 V                      ; 9.69e-07 V                  ; 2.35 V             ; -0.00962 V         ; 0.125 V                             ; 0.041 V                             ; 6.76e-10 s                 ; 6.43e-10 s                 ; Yes                       ; Yes                       ;
; Data_BUS_WRITE[11] ; 2.5 V        ; 0 s                 ; 0 s                 ; 2.32 V                       ; 1.44e-06 V                   ; 2.35 V              ; -0.0112 V           ; 0.129 V                              ; 0.036 V                              ; 4.71e-10 s                  ; 4.65e-10 s                  ; Yes                        ; Yes                        ; 2.32 V                      ; 1.44e-06 V                  ; 2.35 V             ; -0.0112 V          ; 0.129 V                             ; 0.036 V                             ; 4.71e-10 s                 ; 4.65e-10 s                 ; Yes                       ; Yes                       ;
; Data_BUS_WRITE[12] ; 2.5 V        ; 0 s                 ; 0 s                 ; 2.32 V                       ; 1.44e-06 V                   ; 2.35 V              ; -0.0112 V           ; 0.129 V                              ; 0.036 V                              ; 4.71e-10 s                  ; 4.65e-10 s                  ; Yes                        ; Yes                        ; 2.32 V                      ; 1.44e-06 V                  ; 2.35 V             ; -0.0112 V          ; 0.129 V                             ; 0.036 V                             ; 4.71e-10 s                 ; 4.65e-10 s                 ; Yes                       ; Yes                       ;
; Data_BUS_WRITE[13] ; 2.5 V        ; 0 s                 ; 0 s                 ; 2.32 V                       ; 1.44e-06 V                   ; 2.35 V              ; -0.0112 V           ; 0.129 V                              ; 0.036 V                              ; 4.71e-10 s                  ; 4.65e-10 s                  ; Yes                        ; Yes                        ; 2.32 V                      ; 1.44e-06 V                  ; 2.35 V             ; -0.0112 V          ; 0.129 V                             ; 0.036 V                             ; 4.71e-10 s                 ; 4.65e-10 s                 ; Yes                       ; Yes                       ;
; Data_BUS_WRITE[14] ; 2.5 V        ; 0 s                 ; 0 s                 ; 2.32 V                       ; 1.44e-06 V                   ; 2.35 V              ; -0.0112 V           ; 0.129 V                              ; 0.036 V                              ; 4.71e-10 s                  ; 4.65e-10 s                  ; Yes                        ; Yes                        ; 2.32 V                      ; 1.44e-06 V                  ; 2.35 V             ; -0.0112 V          ; 0.129 V                             ; 0.036 V                             ; 4.71e-10 s                 ; 4.65e-10 s                 ; Yes                       ; Yes                       ;
; Data_BUS_WRITE[15] ; 2.5 V        ; 0 s                 ; 0 s                 ; 2.32 V                       ; 1.44e-06 V                   ; 2.35 V              ; -0.0112 V           ; 0.129 V                              ; 0.036 V                              ; 4.71e-10 s                  ; 4.65e-10 s                  ; Yes                        ; Yes                        ; 2.32 V                      ; 1.44e-06 V                  ; 2.35 V             ; -0.0112 V          ; 0.129 V                             ; 0.036 V                             ; 4.71e-10 s                 ; 4.65e-10 s                 ; Yes                       ; Yes                       ;
; Data_BUS_WRITE[16] ; 2.5 V        ; 0 s                 ; 0 s                 ; 2.32 V                       ; 1.44e-06 V                   ; 2.35 V              ; -0.0112 V           ; 0.129 V                              ; 0.036 V                              ; 4.71e-10 s                  ; 4.65e-10 s                  ; Yes                        ; Yes                        ; 2.32 V                      ; 1.44e-06 V                  ; 2.35 V             ; -0.0112 V          ; 0.129 V                             ; 0.036 V                             ; 4.71e-10 s                 ; 4.65e-10 s                 ; Yes                       ; Yes                       ;
; Data_BUS_WRITE[17] ; 2.5 V        ; 0 s                 ; 0 s                 ; 2.32 V                       ; 9.69e-07 V                   ; 2.35 V              ; -0.00962 V          ; 0.125 V                              ; 0.041 V                              ; 6.76e-10 s                  ; 6.43e-10 s                  ; Yes                        ; Yes                        ; 2.32 V                      ; 9.69e-07 V                  ; 2.35 V             ; -0.00962 V         ; 0.125 V                             ; 0.041 V                             ; 6.76e-10 s                 ; 6.43e-10 s                 ; Yes                       ; Yes                       ;
; Data_BUS_WRITE[18] ; 2.5 V        ; 0 s                 ; 0 s                 ; 2.32 V                       ; 1.44e-06 V                   ; 2.35 V              ; -0.0112 V           ; 0.129 V                              ; 0.036 V                              ; 4.71e-10 s                  ; 4.65e-10 s                  ; Yes                        ; Yes                        ; 2.32 V                      ; 1.44e-06 V                  ; 2.35 V             ; -0.0112 V          ; 0.129 V                             ; 0.036 V                             ; 4.71e-10 s                 ; 4.65e-10 s                 ; Yes                       ; Yes                       ;
; Data_BUS_WRITE[19] ; 2.5 V        ; 0 s                 ; 0 s                 ; 2.32 V                       ; 1.44e-06 V                   ; 2.35 V              ; -0.0112 V           ; 0.129 V                              ; 0.036 V                              ; 4.71e-10 s                  ; 4.65e-10 s                  ; Yes                        ; Yes                        ; 2.32 V                      ; 1.44e-06 V                  ; 2.35 V             ; -0.0112 V          ; 0.129 V                             ; 0.036 V                             ; 4.71e-10 s                 ; 4.65e-10 s                 ; Yes                       ; Yes                       ;
; Data_BUS_WRITE[20] ; 2.5 V        ; 0 s                 ; 0 s                 ; 2.32 V                       ; 9.69e-07 V                   ; 2.35 V              ; -0.00962 V          ; 0.125 V                              ; 0.041 V                              ; 6.76e-10 s                  ; 6.43e-10 s                  ; Yes                        ; Yes                        ; 2.32 V                      ; 9.69e-07 V                  ; 2.35 V             ; -0.00962 V         ; 0.125 V                             ; 0.041 V                             ; 6.76e-10 s                 ; 6.43e-10 s                 ; Yes                       ; Yes                       ;
; Data_BUS_WRITE[21] ; 2.5 V        ; 0 s                 ; 0 s                 ; 2.32 V                       ; 9.69e-07 V                   ; 2.35 V              ; -0.00962 V          ; 0.125 V                              ; 0.041 V                              ; 6.76e-10 s                  ; 6.43e-10 s                  ; Yes                        ; Yes                        ; 2.32 V                      ; 9.69e-07 V                  ; 2.35 V             ; -0.00962 V         ; 0.125 V                             ; 0.041 V                             ; 6.76e-10 s                 ; 6.43e-10 s                 ; Yes                       ; Yes                       ;
; Data_BUS_WRITE[22] ; 2.5 V        ; 0 s                 ; 0 s                 ; 2.32 V                       ; 1.44e-06 V                   ; 2.35 V              ; -0.0112 V           ; 0.129 V                              ; 0.036 V                              ; 4.71e-10 s                  ; 4.65e-10 s                  ; Yes                        ; Yes                        ; 2.32 V                      ; 1.44e-06 V                  ; 2.35 V             ; -0.0112 V          ; 0.129 V                             ; 0.036 V                             ; 4.71e-10 s                 ; 4.65e-10 s                 ; Yes                       ; Yes                       ;
; Data_BUS_WRITE[23] ; 2.5 V        ; 0 s                 ; 0 s                 ; 2.32 V                       ; 1.44e-06 V                   ; 2.35 V              ; -0.0112 V           ; 0.129 V                              ; 0.036 V                              ; 4.71e-10 s                  ; 4.65e-10 s                  ; Yes                        ; Yes                        ; 2.32 V                      ; 1.44e-06 V                  ; 2.35 V             ; -0.0112 V          ; 0.129 V                             ; 0.036 V                             ; 4.71e-10 s                 ; 4.65e-10 s                 ; Yes                       ; Yes                       ;
; Data_BUS_WRITE[24] ; 2.5 V        ; 0 s                 ; 0 s                 ; 2.32 V                       ; 1.44e-06 V                   ; 2.35 V              ; -0.0112 V           ; 0.129 V                              ; 0.036 V                              ; 4.71e-10 s                  ; 4.65e-10 s                  ; Yes                        ; Yes                        ; 2.32 V                      ; 1.44e-06 V                  ; 2.35 V             ; -0.0112 V          ; 0.129 V                             ; 0.036 V                             ; 4.71e-10 s                 ; 4.65e-10 s                 ; Yes                       ; Yes                       ;
; Data_BUS_WRITE[25] ; 2.5 V        ; 0 s                 ; 0 s                 ; 2.32 V                       ; 1.44e-06 V                   ; 2.35 V              ; -0.0112 V           ; 0.129 V                              ; 0.036 V                              ; 4.71e-10 s                  ; 4.65e-10 s                  ; Yes                        ; Yes                        ; 2.32 V                      ; 1.44e-06 V                  ; 2.35 V             ; -0.0112 V          ; 0.129 V                             ; 0.036 V                             ; 4.71e-10 s                 ; 4.65e-10 s                 ; Yes                       ; Yes                       ;
; Data_BUS_WRITE[26] ; 2.5 V        ; 0 s                 ; 0 s                 ; 2.32 V                       ; 9.69e-07 V                   ; 2.35 V              ; -0.00962 V          ; 0.125 V                              ; 0.041 V                              ; 6.76e-10 s                  ; 6.43e-10 s                  ; Yes                        ; Yes                        ; 2.32 V                      ; 9.69e-07 V                  ; 2.35 V             ; -0.00962 V         ; 0.125 V                             ; 0.041 V                             ; 6.76e-10 s                 ; 6.43e-10 s                 ; Yes                       ; Yes                       ;
; Data_BUS_WRITE[27] ; 2.5 V        ; 0 s                 ; 0 s                 ; 2.32 V                       ; 1.44e-06 V                   ; 2.35 V              ; -0.0112 V           ; 0.129 V                              ; 0.036 V                              ; 4.71e-10 s                  ; 4.65e-10 s                  ; Yes                        ; Yes                        ; 2.32 V                      ; 1.44e-06 V                  ; 2.35 V             ; -0.0112 V          ; 0.129 V                             ; 0.036 V                             ; 4.71e-10 s                 ; 4.65e-10 s                 ; Yes                       ; Yes                       ;
; Data_BUS_WRITE[28] ; 2.5 V        ; 0 s                 ; 0 s                 ; 2.32 V                       ; 1.44e-06 V                   ; 2.35 V              ; -0.0112 V           ; 0.129 V                              ; 0.036 V                              ; 4.71e-10 s                  ; 4.65e-10 s                  ; Yes                        ; Yes                        ; 2.32 V                      ; 1.44e-06 V                  ; 2.35 V             ; -0.0112 V          ; 0.129 V                             ; 0.036 V                             ; 4.71e-10 s                 ; 4.65e-10 s                 ; Yes                       ; Yes                       ;
; Data_BUS_WRITE[29] ; 2.5 V        ; 0 s                 ; 0 s                 ; 2.32 V                       ; 1.44e-06 V                   ; 2.35 V              ; -0.0112 V           ; 0.129 V                              ; 0.036 V                              ; 4.71e-10 s                  ; 4.65e-10 s                  ; Yes                        ; Yes                        ; 2.32 V                      ; 1.44e-06 V                  ; 2.35 V             ; -0.0112 V          ; 0.129 V                             ; 0.036 V                             ; 4.71e-10 s                 ; 4.65e-10 s                 ; Yes                       ; Yes                       ;
; Data_BUS_WRITE[30] ; 2.5 V        ; 0 s                 ; 0 s                 ; 2.32 V                       ; 9.69e-07 V                   ; 2.35 V              ; -0.00962 V          ; 0.125 V                              ; 0.041 V                              ; 6.76e-10 s                  ; 6.43e-10 s                  ; Yes                        ; Yes                        ; 2.32 V                      ; 9.69e-07 V                  ; 2.35 V             ; -0.00962 V         ; 0.125 V                             ; 0.041 V                             ; 6.76e-10 s                 ; 6.43e-10 s                 ; Yes                       ; Yes                       ;
; Data_BUS_WRITE[31] ; 2.5 V        ; 0 s                 ; 0 s                 ; 2.32 V                       ; 1.44e-06 V                   ; 2.35 V              ; -0.0112 V           ; 0.129 V                              ; 0.036 V                              ; 4.71e-10 s                  ; 4.65e-10 s                  ; Yes                        ; Yes                        ; 2.32 V                      ; 1.44e-06 V                  ; 2.35 V             ; -0.0112 V          ; 0.129 V                             ; 0.036 V                             ; 4.71e-10 s                 ; 4.65e-10 s                 ; Yes                       ; Yes                       ;
; ADDR_Prog[0]       ; 2.5 V        ; 0 s                 ; 0 s                 ; 2.32 V                       ; 9.69e-07 V                   ; 2.35 V              ; -0.00962 V          ; 0.125 V                              ; 0.041 V                              ; 6.76e-10 s                  ; 6.43e-10 s                  ; Yes                        ; Yes                        ; 2.32 V                      ; 9.69e-07 V                  ; 2.35 V             ; -0.00962 V         ; 0.125 V                             ; 0.041 V                             ; 6.76e-10 s                 ; 6.43e-10 s                 ; Yes                       ; Yes                       ;
; ADDR_Prog[1]       ; 2.5 V        ; 0 s                 ; 0 s                 ; 2.32 V                       ; 1.44e-06 V                   ; 2.35 V              ; -0.0112 V           ; 0.129 V                              ; 0.036 V                              ; 4.71e-10 s                  ; 4.65e-10 s                  ; Yes                        ; Yes                        ; 2.32 V                      ; 1.44e-06 V                  ; 2.35 V             ; -0.0112 V          ; 0.129 V                             ; 0.036 V                             ; 4.71e-10 s                 ; 4.65e-10 s                 ; Yes                       ; Yes                       ;
; ADDR_Prog[2]       ; 2.5 V        ; 0 s                 ; 0 s                 ; 2.32 V                       ; 1.44e-06 V                   ; 2.35 V              ; -0.0112 V           ; 0.129 V                              ; 0.036 V                              ; 4.71e-10 s                  ; 4.65e-10 s                  ; Yes                        ; Yes                        ; 2.32 V                      ; 1.44e-06 V                  ; 2.35 V             ; -0.0112 V          ; 0.129 V                             ; 0.036 V                             ; 4.71e-10 s                 ; 4.65e-10 s                 ; Yes                       ; Yes                       ;
; ADDR_Prog[3]       ; 2.5 V        ; 0 s                 ; 0 s                 ; 2.32 V                       ; 9.69e-07 V                   ; 2.35 V              ; -0.00962 V          ; 0.125 V                              ; 0.041 V                              ; 6.76e-10 s                  ; 6.43e-10 s                  ; Yes                        ; Yes                        ; 2.32 V                      ; 9.69e-07 V                  ; 2.35 V             ; -0.00962 V         ; 0.125 V                             ; 0.041 V                             ; 6.76e-10 s                 ; 6.43e-10 s                 ; Yes                       ; Yes                       ;
; ADDR_Prog[4]       ; 2.5 V        ; 0 s                 ; 0 s                 ; 2.32 V                       ; 1.44e-06 V                   ; 2.35 V              ; -0.0112 V           ; 0.129 V                              ; 0.036 V                              ; 4.71e-10 s                  ; 4.65e-10 s                  ; Yes                        ; Yes                        ; 2.32 V                      ; 1.44e-06 V                  ; 2.35 V             ; -0.0112 V          ; 0.129 V                             ; 0.036 V                             ; 4.71e-10 s                 ; 4.65e-10 s                 ; Yes                       ; Yes                       ;
; ADDR_Prog[5]       ; 2.5 V        ; 0 s                 ; 0 s                 ; 2.32 V                       ; 9.69e-07 V                   ; 2.35 V              ; -0.00962 V          ; 0.125 V                              ; 0.041 V                              ; 6.76e-10 s                  ; 6.43e-10 s                  ; Yes                        ; Yes                        ; 2.32 V                      ; 9.69e-07 V                  ; 2.35 V             ; -0.00962 V         ; 0.125 V                             ; 0.041 V                             ; 6.76e-10 s                 ; 6.43e-10 s                 ; Yes                       ; Yes                       ;
; ADDR_Prog[6]       ; 2.5 V        ; 0 s                 ; 0 s                 ; 2.32 V                       ; 9.69e-07 V                   ; 2.35 V              ; -0.00962 V          ; 0.125 V                              ; 0.041 V                              ; 6.76e-10 s                  ; 6.43e-10 s                  ; Yes                        ; Yes                        ; 2.32 V                      ; 9.69e-07 V                  ; 2.35 V             ; -0.00962 V         ; 0.125 V                             ; 0.041 V                             ; 6.76e-10 s                 ; 6.43e-10 s                 ; Yes                       ; Yes                       ;
; ADDR_Prog[7]       ; 2.5 V        ; 0 s                 ; 0 s                 ; 2.32 V                       ; 9.69e-07 V                   ; 2.35 V              ; -0.00962 V          ; 0.125 V                              ; 0.041 V                              ; 6.76e-10 s                  ; 6.43e-10 s                  ; Yes                        ; Yes                        ; 2.32 V                      ; 9.69e-07 V                  ; 2.35 V             ; -0.00962 V         ; 0.125 V                             ; 0.041 V                             ; 6.76e-10 s                 ; 6.43e-10 s                 ; Yes                       ; Yes                       ;
; ADDR_Prog[8]       ; 2.5 V        ; 0 s                 ; 0 s                 ; 2.32 V                       ; 9.69e-07 V                   ; 2.35 V              ; -0.00962 V          ; 0.125 V                              ; 0.041 V                              ; 6.76e-10 s                  ; 6.43e-10 s                  ; Yes                        ; Yes                        ; 2.32 V                      ; 9.69e-07 V                  ; 2.35 V             ; -0.00962 V         ; 0.125 V                             ; 0.041 V                             ; 6.76e-10 s                 ; 6.43e-10 s                 ; Yes                       ; Yes                       ;
; ADDR_Prog[9]       ; 2.5 V        ; 0 s                 ; 0 s                 ; 2.32 V                       ; 9.69e-07 V                   ; 2.35 V              ; -0.00962 V          ; 0.125 V                              ; 0.041 V                              ; 6.76e-10 s                  ; 6.43e-10 s                  ; Yes                        ; Yes                        ; 2.32 V                      ; 9.69e-07 V                  ; 2.35 V             ; -0.00962 V         ; 0.125 V                             ; 0.041 V                             ; 6.76e-10 s                 ; 6.43e-10 s                 ; Yes                       ; Yes                       ;
; ADDR_Prog[10]      ; 2.5 V        ; 0 s                 ; 0 s                 ; 2.32 V                       ; 9.69e-07 V                   ; 2.35 V              ; -0.00962 V          ; 0.125 V                              ; 0.041 V                              ; 6.76e-10 s                  ; 6.43e-10 s                  ; Yes                        ; Yes                        ; 2.32 V                      ; 9.69e-07 V                  ; 2.35 V             ; -0.00962 V         ; 0.125 V                             ; 0.041 V                             ; 6.76e-10 s                 ; 6.43e-10 s                 ; Yes                       ; Yes                       ;
; ADDR_Prog[11]      ; 2.5 V        ; 0 s                 ; 0 s                 ; 2.32 V                       ; 9.69e-07 V                   ; 2.33 V              ; -0.00252 V          ; 0.116 V                              ; 0.051 V                              ; 3.6e-09 s                   ; 3.43e-09 s                  ; Yes                        ; Yes                        ; 2.32 V                      ; 9.69e-07 V                  ; 2.33 V             ; -0.00252 V         ; 0.116 V                             ; 0.051 V                             ; 3.6e-09 s                  ; 3.43e-09 s                 ; Yes                       ; Yes                       ;
; ADDR_Prog[12]      ; 2.5 V        ; 0 s                 ; 0 s                 ; 2.32 V                       ; 9.69e-07 V                   ; 2.35 V              ; -0.00962 V          ; 0.125 V                              ; 0.041 V                              ; 6.76e-10 s                  ; 6.43e-10 s                  ; Yes                        ; Yes                        ; 2.32 V                      ; 9.69e-07 V                  ; 2.35 V             ; -0.00962 V         ; 0.125 V                             ; 0.041 V                             ; 6.76e-10 s                 ; 6.43e-10 s                 ; Yes                       ; Yes                       ;
; ADDR_Prog[13]      ; 2.5 V        ; 0 s                 ; 0 s                 ; 2.32 V                       ; 1.44e-06 V                   ; 2.35 V              ; -0.0112 V           ; 0.129 V                              ; 0.036 V                              ; 4.71e-10 s                  ; 4.65e-10 s                  ; Yes                        ; Yes                        ; 2.32 V                      ; 1.44e-06 V                  ; 2.35 V             ; -0.0112 V          ; 0.129 V                             ; 0.036 V                             ; 4.71e-10 s                 ; 4.65e-10 s                 ; Yes                       ; Yes                       ;
; ADDR_Prog[14]      ; 2.5 V        ; 0 s                 ; 0 s                 ; 2.32 V                       ; 1.44e-06 V                   ; 2.35 V              ; -0.0112 V           ; 0.129 V                              ; 0.036 V                              ; 4.71e-10 s                  ; 4.65e-10 s                  ; Yes                        ; Yes                        ; 2.32 V                      ; 1.44e-06 V                  ; 2.35 V             ; -0.0112 V          ; 0.129 V                             ; 0.036 V                             ; 4.71e-10 s                 ; 4.65e-10 s                 ; Yes                       ; Yes                       ;
; ADDR_Prog[15]      ; 2.5 V        ; 0 s                 ; 0 s                 ; 2.32 V                       ; 1.44e-06 V                   ; 2.35 V              ; -0.0112 V           ; 0.129 V                              ; 0.036 V                              ; 4.71e-10 s                  ; 4.65e-10 s                  ; Yes                        ; Yes                        ; 2.32 V                      ; 1.44e-06 V                  ; 2.35 V             ; -0.0112 V          ; 0.129 V                             ; 0.036 V                             ; 4.71e-10 s                 ; 4.65e-10 s                 ; Yes                       ; Yes                       ;
; ADDR_Prog[16]      ; 2.5 V        ; 0 s                 ; 0 s                 ; 2.32 V                       ; 9.69e-07 V                   ; 2.35 V              ; -0.00962 V          ; 0.125 V                              ; 0.041 V                              ; 6.76e-10 s                  ; 6.43e-10 s                  ; Yes                        ; Yes                        ; 2.32 V                      ; 9.69e-07 V                  ; 2.35 V             ; -0.00962 V         ; 0.125 V                             ; 0.041 V                             ; 6.76e-10 s                 ; 6.43e-10 s                 ; Yes                       ; Yes                       ;
; ADDR_Prog[17]      ; 2.5 V        ; 0 s                 ; 0 s                 ; 2.32 V                       ; 9.69e-07 V                   ; 2.35 V              ; -0.00962 V          ; 0.125 V                              ; 0.041 V                              ; 6.76e-10 s                  ; 6.43e-10 s                  ; Yes                        ; Yes                        ; 2.32 V                      ; 9.69e-07 V                  ; 2.35 V             ; -0.00962 V         ; 0.125 V                             ; 0.041 V                             ; 6.76e-10 s                 ; 6.43e-10 s                 ; Yes                       ; Yes                       ;
; ADDR_Prog[18]      ; 2.5 V        ; 0 s                 ; 0 s                 ; 2.32 V                       ; 9.69e-07 V                   ; 2.35 V              ; -0.00962 V          ; 0.125 V                              ; 0.041 V                              ; 6.76e-10 s                  ; 6.43e-10 s                  ; Yes                        ; Yes                        ; 2.32 V                      ; 9.69e-07 V                  ; 2.35 V             ; -0.00962 V         ; 0.125 V                             ; 0.041 V                             ; 6.76e-10 s                 ; 6.43e-10 s                 ; Yes                       ; Yes                       ;
; ADDR_Prog[19]      ; 2.5 V        ; 0 s                 ; 0 s                 ; 2.32 V                       ; 9.69e-07 V                   ; 2.35 V              ; -0.00962 V          ; 0.125 V                              ; 0.041 V                              ; 6.76e-10 s                  ; 6.43e-10 s                  ; Yes                        ; Yes                        ; 2.32 V                      ; 9.69e-07 V                  ; 2.35 V             ; -0.00962 V         ; 0.125 V                             ; 0.041 V                             ; 6.76e-10 s                 ; 6.43e-10 s                 ; Yes                       ; Yes                       ;
; ADDR_Prog[20]      ; 2.5 V        ; 0 s                 ; 0 s                 ; 2.32 V                       ; 9.69e-07 V                   ; 2.35 V              ; -0.00962 V          ; 0.125 V                              ; 0.041 V                              ; 6.76e-10 s                  ; 6.43e-10 s                  ; Yes                        ; Yes                        ; 2.32 V                      ; 9.69e-07 V                  ; 2.35 V             ; -0.00962 V         ; 0.125 V                             ; 0.041 V                             ; 6.76e-10 s                 ; 6.43e-10 s                 ; Yes                       ; Yes                       ;
; ADDR_Prog[21]      ; 2.5 V        ; 0 s                 ; 0 s                 ; 2.32 V                       ; 9.69e-07 V                   ; 2.35 V              ; -0.00962 V          ; 0.125 V                              ; 0.041 V                              ; 6.76e-10 s                  ; 6.43e-10 s                  ; Yes                        ; Yes                        ; 2.32 V                      ; 9.69e-07 V                  ; 2.35 V             ; -0.00962 V         ; 0.125 V                             ; 0.041 V                             ; 6.76e-10 s                 ; 6.43e-10 s                 ; Yes                       ; Yes                       ;
; ADDR_Prog[22]      ; 2.5 V        ; 0 s                 ; 0 s                 ; 2.32 V                       ; 9.69e-07 V                   ; 2.35 V              ; -0.00962 V          ; 0.125 V                              ; 0.041 V                              ; 6.76e-10 s                  ; 6.43e-10 s                  ; Yes                        ; Yes                        ; 2.32 V                      ; 9.69e-07 V                  ; 2.35 V             ; -0.00962 V         ; 0.125 V                             ; 0.041 V                             ; 6.76e-10 s                 ; 6.43e-10 s                 ; Yes                       ; Yes                       ;
; ADDR_Prog[23]      ; 2.5 V        ; 0 s                 ; 0 s                 ; 2.32 V                       ; 9.69e-07 V                   ; 2.35 V              ; -0.00962 V          ; 0.125 V                              ; 0.041 V                              ; 6.76e-10 s                  ; 6.43e-10 s                  ; Yes                        ; Yes                        ; 2.32 V                      ; 9.69e-07 V                  ; 2.35 V             ; -0.00962 V         ; 0.125 V                             ; 0.041 V                             ; 6.76e-10 s                 ; 6.43e-10 s                 ; Yes                       ; Yes                       ;
; ADDR_Prog[24]      ; 2.5 V        ; 0 s                 ; 0 s                 ; 2.32 V                       ; 1.44e-06 V                   ; 2.35 V              ; -0.0112 V           ; 0.129 V                              ; 0.036 V                              ; 4.71e-10 s                  ; 4.65e-10 s                  ; Yes                        ; Yes                        ; 2.32 V                      ; 1.44e-06 V                  ; 2.35 V             ; -0.0112 V          ; 0.129 V                             ; 0.036 V                             ; 4.71e-10 s                 ; 4.65e-10 s                 ; Yes                       ; Yes                       ;
; ADDR_Prog[25]      ; 2.5 V        ; 0 s                 ; 0 s                 ; 2.32 V                       ; 1.44e-06 V                   ; 2.35 V              ; -0.0112 V           ; 0.129 V                              ; 0.036 V                              ; 4.71e-10 s                  ; 4.65e-10 s                  ; Yes                        ; Yes                        ; 2.32 V                      ; 1.44e-06 V                  ; 2.35 V             ; -0.0112 V          ; 0.129 V                             ; 0.036 V                             ; 4.71e-10 s                 ; 4.65e-10 s                 ; Yes                       ; Yes                       ;
; ADDR_Prog[26]      ; 2.5 V        ; 0 s                 ; 0 s                 ; 2.32 V                       ; 9.69e-07 V                   ; 2.35 V              ; -0.00962 V          ; 0.125 V                              ; 0.041 V                              ; 6.76e-10 s                  ; 6.43e-10 s                  ; Yes                        ; Yes                        ; 2.32 V                      ; 9.69e-07 V                  ; 2.35 V             ; -0.00962 V         ; 0.125 V                             ; 0.041 V                             ; 6.76e-10 s                 ; 6.43e-10 s                 ; Yes                       ; Yes                       ;
; ADDR_Prog[27]      ; 2.5 V        ; 0 s                 ; 0 s                 ; 2.32 V                       ; 9.69e-07 V                   ; 2.35 V              ; -0.00962 V          ; 0.125 V                              ; 0.041 V                              ; 6.76e-10 s                  ; 6.43e-10 s                  ; Yes                        ; Yes                        ; 2.32 V                      ; 9.69e-07 V                  ; 2.35 V             ; -0.00962 V         ; 0.125 V                             ; 0.041 V                             ; 6.76e-10 s                 ; 6.43e-10 s                 ; Yes                       ; Yes                       ;
; ADDR_Prog[28]      ; 2.5 V        ; 0 s                 ; 0 s                 ; 2.32 V                       ; 1.44e-06 V                   ; 2.35 V              ; -0.0112 V           ; 0.129 V                              ; 0.036 V                              ; 4.71e-10 s                  ; 4.65e-10 s                  ; Yes                        ; Yes                        ; 2.32 V                      ; 1.44e-06 V                  ; 2.35 V             ; -0.0112 V          ; 0.129 V                             ; 0.036 V                             ; 4.71e-10 s                 ; 4.65e-10 s                 ; Yes                       ; Yes                       ;
; ADDR_Prog[29]      ; 2.5 V        ; 0 s                 ; 0 s                 ; 2.32 V                       ; 9.69e-07 V                   ; 2.35 V              ; -0.00962 V          ; 0.125 V                              ; 0.041 V                              ; 6.76e-10 s                  ; 6.43e-10 s                  ; Yes                        ; Yes                        ; 2.32 V                      ; 9.69e-07 V                  ; 2.35 V             ; -0.00962 V         ; 0.125 V                             ; 0.041 V                             ; 6.76e-10 s                 ; 6.43e-10 s                 ; Yes                       ; Yes                       ;
; ADDR_Prog[30]      ; 2.5 V        ; 0 s                 ; 0 s                 ; 2.32 V                       ; 9.69e-07 V                   ; 2.35 V              ; -0.00962 V          ; 0.125 V                              ; 0.041 V                              ; 6.76e-10 s                  ; 6.43e-10 s                  ; Yes                        ; Yes                        ; 2.32 V                      ; 9.69e-07 V                  ; 2.35 V             ; -0.00962 V         ; 0.125 V                             ; 0.041 V                             ; 6.76e-10 s                 ; 6.43e-10 s                 ; Yes                       ; Yes                       ;
; ADDR_Prog[31]      ; 2.5 V        ; 0 s                 ; 0 s                 ; 2.32 V                       ; 9.69e-07 V                   ; 2.35 V              ; -0.00962 V          ; 0.125 V                              ; 0.041 V                              ; 6.76e-10 s                  ; 6.43e-10 s                  ; Yes                        ; Yes                        ; 2.32 V                      ; 9.69e-07 V                  ; 2.35 V             ; -0.00962 V         ; 0.125 V                             ; 0.041 V                             ; 6.76e-10 s                 ; 6.43e-10 s                 ; Yes                       ; Yes                       ;
; CS                 ; 2.5 V        ; 0 s                 ; 0 s                 ; 2.32 V                       ; 1.44e-06 V                   ; 2.35 V              ; -0.0112 V           ; 0.129 V                              ; 0.036 V                              ; 4.71e-10 s                  ; 4.65e-10 s                  ; Yes                        ; Yes                        ; 2.32 V                      ; 1.44e-06 V                  ; 2.35 V             ; -0.0112 V          ; 0.129 V                             ; 0.036 V                             ; 4.71e-10 s                 ; 4.65e-10 s                 ; Yes                       ; Yes                       ;
; WE                 ; 2.5 V        ; 0 s                 ; 0 s                 ; 2.32 V                       ; 1.44e-06 V                   ; 2.35 V              ; -0.0112 V           ; 0.129 V                              ; 0.036 V                              ; 4.71e-10 s                  ; 4.65e-10 s                  ; Yes                        ; Yes                        ; 2.32 V                      ; 1.44e-06 V                  ; 2.35 V             ; -0.0112 V          ; 0.129 V                             ; 0.036 V                             ; 4.71e-10 s                 ; 4.65e-10 s                 ; Yes                       ; Yes                       ;
; CS_P               ; 2.5 V        ; 0 s                 ; 0 s                 ; 2.32 V                       ; 9.69e-07 V                   ; 2.35 V              ; -0.00962 V          ; 0.125 V                              ; 0.041 V                              ; 6.76e-10 s                  ; 6.43e-10 s                  ; Yes                        ; Yes                        ; 2.32 V                      ; 9.69e-07 V                  ; 2.35 V             ; -0.00962 V         ; 0.125 V                             ; 0.041 V                             ; 6.76e-10 s                 ; 6.43e-10 s                 ; Yes                       ; Yes                       ;
; ~ALTERA_NCEO~      ; 2.5 V        ; 0 s                 ; 0 s                 ; 2.32 V                       ; 9.46e-07 V                   ; 2.35 V              ; -0.0216 V           ; 0.041 V                              ; 0.044 V                              ; 2.35e-10 s                  ; 3.4e-10 s                   ; Yes                        ; Yes                        ; 2.32 V                      ; 9.46e-07 V                  ; 2.35 V             ; -0.0216 V          ; 0.041 V                             ; 0.044 V                             ; 2.35e-10 s                 ; 3.4e-10 s                  ; Yes                       ; Yes                       ;
; ~ALTERA_DCLK~      ; 2.5 V        ; 0 s                 ; 0 s                 ; 2.32 V                       ; 1.15e-06 V                   ; 2.35 V              ; -0.00816 V          ; 0.1 V                                ; 0.012 V                              ; 4.51e-10 s                  ; 3.91e-10 s                  ; Yes                        ; Yes                        ; 2.32 V                      ; 1.15e-06 V                  ; 2.35 V             ; -0.00816 V         ; 0.1 V                               ; 0.012 V                             ; 4.51e-10 s                 ; 3.91e-10 s                 ; Yes                       ; Yes                       ;
+--------------------+--------------+---------------------+---------------------+------------------------------+------------------------------+---------------------+---------------------+--------------------------------------+--------------------------------------+-----------------------------+-----------------------------+----------------------------+----------------------------+-----------------------------+-----------------------------+--------------------+--------------------+-------------------------------------+-------------------------------------+----------------------------+----------------------------+---------------------------+---------------------------+


+-------------------------------------------------------------------------------------------------------------------------------------------------------------------------------------------------------------------------------------------------------------------------------------------------------------------------------------------------------------------------------------------------------------------------------------------------------------------------------------------------------------------------------------------------------------------------------------------------------------------------------------------------------------------------------------------------+
; Signal Integrity Metrics (Fast 1200mv n40c Model)                                                                                                                                                                                                                                                                                                                                                                                                                                                                                                                                                                                                                                               ;
+--------------------+--------------+---------------------+---------------------+------------------------------+------------------------------+---------------------+---------------------+--------------------------------------+--------------------------------------+-----------------------------+-----------------------------+----------------------------+----------------------------+-----------------------------+-----------------------------+--------------------+--------------------+-------------------------------------+-------------------------------------+----------------------------+----------------------------+---------------------------+---------------------------+
; Pin                ; I/O Standard ; Board Delay on Rise ; Board Delay on Fall ; Steady State Voh at FPGA Pin ; Steady State Vol at FPGA Pin ; Voh Max at FPGA Pin ; Vol Min at FPGA Pin ; Ringback Voltage on Rise at FPGA Pin ; Ringback Voltage on Fall at FPGA Pin ; 10-90 Rise Time at FPGA Pin ; 90-10 Fall Time at FPGA Pin ; Monotonic Rise at FPGA Pin ; Monotonic Fall at FPGA Pin ; Steady State Voh at Far-end ; Steady State Vol at Far-end ; Voh Max at Far-end ; Vol Min at Far-end ; Ringback Voltage on Rise at Far-end ; Ringback Voltage on Fall at Far-end ; 10-90 Rise Time at Far-end ; 90-10 Fall Time at Far-end ; Monotonic Rise at Far-end ; Monotonic Fall at Far-end ;
+--------------------+--------------+---------------------+---------------------+------------------------------+------------------------------+---------------------+---------------------+--------------------------------------+--------------------------------------+-----------------------------+-----------------------------+----------------------------+----------------------------+-----------------------------+-----------------------------+--------------------+--------------------+-------------------------------------+-------------------------------------+----------------------------+----------------------------+---------------------------+---------------------------+
; ADDR[0]            ; 2.5 V        ; 0 s                 ; 0 s                 ; 2.62 V                       ; 3.18e-09 V                   ; 2.74 V              ; -0.0527 V           ; 0.162 V                              ; 0.083 V                              ; 2.61e-10 s                  ; 2.44e-10 s                  ; Yes                        ; Yes                        ; 2.62 V                      ; 3.18e-09 V                  ; 2.74 V             ; -0.0527 V          ; 0.162 V                             ; 0.083 V                             ; 2.61e-10 s                 ; 2.44e-10 s                 ; Yes                       ; Yes                       ;
; ADDR[1]            ; 2.5 V        ; 0 s                 ; 0 s                 ; 2.62 V                       ; 2.24e-09 V                   ; 2.74 V              ; -0.0529 V           ; 0.285 V                              ; 0.071 V                              ; 2.99e-10 s                  ; 3.3e-10 s                   ; No                         ; Yes                        ; 2.62 V                      ; 2.24e-09 V                  ; 2.74 V             ; -0.0529 V          ; 0.285 V                             ; 0.071 V                             ; 2.99e-10 s                 ; 3.3e-10 s                  ; No                        ; Yes                       ;
; ADDR[2]            ; 2.5 V        ; 0 s                 ; 0 s                 ; 2.62 V                       ; 3.18e-09 V                   ; 2.74 V              ; -0.0527 V           ; 0.162 V                              ; 0.083 V                              ; 2.61e-10 s                  ; 2.44e-10 s                  ; Yes                        ; Yes                        ; 2.62 V                      ; 3.18e-09 V                  ; 2.74 V             ; -0.0527 V          ; 0.162 V                             ; 0.083 V                             ; 2.61e-10 s                 ; 2.44e-10 s                 ; Yes                       ; Yes                       ;
; ADDR[3]            ; 2.5 V        ; 0 s                 ; 0 s                 ; 2.62 V                       ; 2.24e-09 V                   ; 2.74 V              ; -0.0529 V           ; 0.285 V                              ; 0.071 V                              ; 2.99e-10 s                  ; 3.3e-10 s                   ; No                         ; Yes                        ; 2.62 V                      ; 2.24e-09 V                  ; 2.74 V             ; -0.0529 V          ; 0.285 V                             ; 0.071 V                             ; 2.99e-10 s                 ; 3.3e-10 s                  ; No                        ; Yes                       ;
; ADDR[4]            ; 2.5 V        ; 0 s                 ; 0 s                 ; 2.62 V                       ; 3.18e-09 V                   ; 2.74 V              ; -0.0527 V           ; 0.162 V                              ; 0.083 V                              ; 2.61e-10 s                  ; 2.44e-10 s                  ; Yes                        ; Yes                        ; 2.62 V                      ; 3.18e-09 V                  ; 2.74 V             ; -0.0527 V          ; 0.162 V                             ; 0.083 V                             ; 2.61e-10 s                 ; 2.44e-10 s                 ; Yes                       ; Yes                       ;
; ADDR[5]            ; 2.5 V        ; 0 s                 ; 0 s                 ; 2.62 V                       ; 2.24e-09 V                   ; 2.74 V              ; -0.0529 V           ; 0.285 V                              ; 0.071 V                              ; 2.99e-10 s                  ; 3.3e-10 s                   ; No                         ; Yes                        ; 2.62 V                      ; 2.24e-09 V                  ; 2.74 V             ; -0.0529 V          ; 0.285 V                             ; 0.071 V                             ; 2.99e-10 s                 ; 3.3e-10 s                  ; No                        ; Yes                       ;
; ADDR[6]            ; 2.5 V        ; 0 s                 ; 0 s                 ; 2.62 V                       ; 3.18e-09 V                   ; 2.74 V              ; -0.0527 V           ; 0.162 V                              ; 0.083 V                              ; 2.61e-10 s                  ; 2.44e-10 s                  ; Yes                        ; Yes                        ; 2.62 V                      ; 3.18e-09 V                  ; 2.74 V             ; -0.0527 V          ; 0.162 V                             ; 0.083 V                             ; 2.61e-10 s                 ; 2.44e-10 s                 ; Yes                       ; Yes                       ;
; ADDR[7]            ; 2.5 V        ; 0 s                 ; 0 s                 ; 2.62 V                       ; 2.24e-09 V                   ; 2.74 V              ; -0.0529 V           ; 0.285 V                              ; 0.071 V                              ; 2.99e-10 s                  ; 3.3e-10 s                   ; No                         ; Yes                        ; 2.62 V                      ; 2.24e-09 V                  ; 2.74 V             ; -0.0529 V          ; 0.285 V                             ; 0.071 V                             ; 2.99e-10 s                 ; 3.3e-10 s                  ; No                        ; Yes                       ;
; ADDR[8]            ; 2.5 V        ; 0 s                 ; 0 s                 ; 2.62 V                       ; 3.18e-09 V                   ; 2.74 V              ; -0.0527 V           ; 0.162 V                              ; 0.083 V                              ; 2.61e-10 s                  ; 2.44e-10 s                  ; Yes                        ; Yes                        ; 2.62 V                      ; 3.18e-09 V                  ; 2.74 V             ; -0.0527 V          ; 0.162 V                             ; 0.083 V                             ; 2.61e-10 s                 ; 2.44e-10 s                 ; Yes                       ; Yes                       ;
; ADDR[9]            ; 2.5 V        ; 0 s                 ; 0 s                 ; 2.62 V                       ; 3.18e-09 V                   ; 2.74 V              ; -0.0527 V           ; 0.162 V                              ; 0.083 V                              ; 2.61e-10 s                  ; 2.44e-10 s                  ; Yes                        ; Yes                        ; 2.62 V                      ; 3.18e-09 V                  ; 2.74 V             ; -0.0527 V          ; 0.162 V                             ; 0.083 V                             ; 2.61e-10 s                 ; 2.44e-10 s                 ; Yes                       ; Yes                       ;
; ADDR[10]           ; 2.5 V        ; 0 s                 ; 0 s                 ; 2.62 V                       ; 2.24e-09 V                   ; 2.74 V              ; -0.0529 V           ; 0.285 V                              ; 0.071 V                              ; 2.99e-10 s                  ; 3.3e-10 s                   ; No                         ; Yes                        ; 2.62 V                      ; 2.24e-09 V                  ; 2.74 V             ; -0.0529 V          ; 0.285 V                             ; 0.071 V                             ; 2.99e-10 s                 ; 3.3e-10 s                  ; No                        ; Yes                       ;
; ADDR[11]           ; 2.5 V        ; 0 s                 ; 0 s                 ; 2.62 V                       ; 3.18e-09 V                   ; 2.74 V              ; -0.0527 V           ; 0.162 V                              ; 0.083 V                              ; 2.61e-10 s                  ; 2.44e-10 s                  ; Yes                        ; Yes                        ; 2.62 V                      ; 3.18e-09 V                  ; 2.74 V             ; -0.0527 V          ; 0.162 V                             ; 0.083 V                             ; 2.61e-10 s                 ; 2.44e-10 s                 ; Yes                       ; Yes                       ;
; ADDR[12]           ; 2.5 V        ; 0 s                 ; 0 s                 ; 2.62 V                       ; 3.18e-09 V                   ; 2.74 V              ; -0.0527 V           ; 0.162 V                              ; 0.083 V                              ; 2.61e-10 s                  ; 2.44e-10 s                  ; Yes                        ; Yes                        ; 2.62 V                      ; 3.18e-09 V                  ; 2.74 V             ; -0.0527 V          ; 0.162 V                             ; 0.083 V                             ; 2.61e-10 s                 ; 2.44e-10 s                 ; Yes                       ; Yes                       ;
; ADDR[13]           ; 2.5 V        ; 0 s                 ; 0 s                 ; 2.62 V                       ; 3.18e-09 V                   ; 2.74 V              ; -0.0527 V           ; 0.162 V                              ; 0.083 V                              ; 2.61e-10 s                  ; 2.44e-10 s                  ; Yes                        ; Yes                        ; 2.62 V                      ; 3.18e-09 V                  ; 2.74 V             ; -0.0527 V          ; 0.162 V                             ; 0.083 V                             ; 2.61e-10 s                 ; 2.44e-10 s                 ; Yes                       ; Yes                       ;
; ADDR[14]           ; 2.5 V        ; 0 s                 ; 0 s                 ; 2.62 V                       ; 3.18e-09 V                   ; 2.74 V              ; -0.0527 V           ; 0.162 V                              ; 0.083 V                              ; 2.61e-10 s                  ; 2.44e-10 s                  ; Yes                        ; Yes                        ; 2.62 V                      ; 3.18e-09 V                  ; 2.74 V             ; -0.0527 V          ; 0.162 V                             ; 0.083 V                             ; 2.61e-10 s                 ; 2.44e-10 s                 ; Yes                       ; Yes                       ;
; ADDR[15]           ; 2.5 V        ; 0 s                 ; 0 s                 ; 2.62 V                       ; 2.24e-09 V                   ; 2.74 V              ; -0.0529 V           ; 0.285 V                              ; 0.071 V                              ; 2.99e-10 s                  ; 3.3e-10 s                   ; No                         ; Yes                        ; 2.62 V                      ; 2.24e-09 V                  ; 2.74 V             ; -0.0529 V          ; 0.285 V                             ; 0.071 V                             ; 2.99e-10 s                 ; 3.3e-10 s                  ; No                        ; Yes                       ;
; ADDR[16]           ; 2.5 V        ; 0 s                 ; 0 s                 ; 2.62 V                       ; 2.24e-09 V                   ; 2.74 V              ; -0.0529 V           ; 0.285 V                              ; 0.071 V                              ; 2.99e-10 s                  ; 3.3e-10 s                   ; No                         ; Yes                        ; 2.62 V                      ; 2.24e-09 V                  ; 2.74 V             ; -0.0529 V          ; 0.285 V                             ; 0.071 V                             ; 2.99e-10 s                 ; 3.3e-10 s                  ; No                        ; Yes                       ;
; ADDR[17]           ; 2.5 V        ; 0 s                 ; 0 s                 ; 2.62 V                       ; 3.18e-09 V                   ; 2.74 V              ; -0.0527 V           ; 0.162 V                              ; 0.083 V                              ; 2.61e-10 s                  ; 2.44e-10 s                  ; Yes                        ; Yes                        ; 2.62 V                      ; 3.18e-09 V                  ; 2.74 V             ; -0.0527 V          ; 0.162 V                             ; 0.083 V                             ; 2.61e-10 s                 ; 2.44e-10 s                 ; Yes                       ; Yes                       ;
; ADDR[18]           ; 2.5 V        ; 0 s                 ; 0 s                 ; 2.62 V                       ; 3.18e-09 V                   ; 2.74 V              ; -0.0527 V           ; 0.162 V                              ; 0.083 V                              ; 2.61e-10 s                  ; 2.44e-10 s                  ; Yes                        ; Yes                        ; 2.62 V                      ; 3.18e-09 V                  ; 2.74 V             ; -0.0527 V          ; 0.162 V                             ; 0.083 V                             ; 2.61e-10 s                 ; 2.44e-10 s                 ; Yes                       ; Yes                       ;
; ADDR[19]           ; 2.5 V        ; 0 s                 ; 0 s                 ; 2.62 V                       ; 3.18e-09 V                   ; 2.74 V              ; -0.0527 V           ; 0.162 V                              ; 0.083 V                              ; 2.61e-10 s                  ; 2.44e-10 s                  ; Yes                        ; Yes                        ; 2.62 V                      ; 3.18e-09 V                  ; 2.74 V             ; -0.0527 V          ; 0.162 V                             ; 0.083 V                             ; 2.61e-10 s                 ; 2.44e-10 s                 ; Yes                       ; Yes                       ;
; ADDR[20]           ; 2.5 V        ; 0 s                 ; 0 s                 ; 2.62 V                       ; 3.18e-09 V                   ; 2.74 V              ; -0.0527 V           ; 0.162 V                              ; 0.083 V                              ; 2.61e-10 s                  ; 2.44e-10 s                  ; Yes                        ; Yes                        ; 2.62 V                      ; 3.18e-09 V                  ; 2.74 V             ; -0.0527 V          ; 0.162 V                             ; 0.083 V                             ; 2.61e-10 s                 ; 2.44e-10 s                 ; Yes                       ; Yes                       ;
; ADDR[21]           ; 2.5 V        ; 0 s                 ; 0 s                 ; 2.62 V                       ; 3.18e-09 V                   ; 2.74 V              ; -0.0527 V           ; 0.162 V                              ; 0.083 V                              ; 2.61e-10 s                  ; 2.44e-10 s                  ; Yes                        ; Yes                        ; 2.62 V                      ; 3.18e-09 V                  ; 2.74 V             ; -0.0527 V          ; 0.162 V                             ; 0.083 V                             ; 2.61e-10 s                 ; 2.44e-10 s                 ; Yes                       ; Yes                       ;
; ADDR[22]           ; 2.5 V        ; 0 s                 ; 0 s                 ; 2.62 V                       ; 3.18e-09 V                   ; 2.74 V              ; -0.0527 V           ; 0.162 V                              ; 0.083 V                              ; 2.61e-10 s                  ; 2.44e-10 s                  ; Yes                        ; Yes                        ; 2.62 V                      ; 3.18e-09 V                  ; 2.74 V             ; -0.0527 V          ; 0.162 V                             ; 0.083 V                             ; 2.61e-10 s                 ; 2.44e-10 s                 ; Yes                       ; Yes                       ;
; ADDR[23]           ; 2.5 V        ; 0 s                 ; 0 s                 ; 2.62 V                       ; 2.24e-09 V                   ; 2.74 V              ; -0.0529 V           ; 0.285 V                              ; 0.071 V                              ; 2.99e-10 s                  ; 3.3e-10 s                   ; No                         ; Yes                        ; 2.62 V                      ; 2.24e-09 V                  ; 2.74 V             ; -0.0529 V          ; 0.285 V                             ; 0.071 V                             ; 2.99e-10 s                 ; 3.3e-10 s                  ; No                        ; Yes                       ;
; ADDR[24]           ; 2.5 V        ; 0 s                 ; 0 s                 ; 2.62 V                       ; 2.24e-09 V                   ; 2.74 V              ; -0.0529 V           ; 0.285 V                              ; 0.071 V                              ; 2.99e-10 s                  ; 3.3e-10 s                   ; No                         ; Yes                        ; 2.62 V                      ; 2.24e-09 V                  ; 2.74 V             ; -0.0529 V          ; 0.285 V                             ; 0.071 V                             ; 2.99e-10 s                 ; 3.3e-10 s                  ; No                        ; Yes                       ;
; ADDR[25]           ; 2.5 V        ; 0 s                 ; 0 s                 ; 2.62 V                       ; 2.24e-09 V                   ; 2.74 V              ; -0.0529 V           ; 0.285 V                              ; 0.071 V                              ; 2.99e-10 s                  ; 3.3e-10 s                   ; No                         ; Yes                        ; 2.62 V                      ; 2.24e-09 V                  ; 2.74 V             ; -0.0529 V          ; 0.285 V                             ; 0.071 V                             ; 2.99e-10 s                 ; 3.3e-10 s                  ; No                        ; Yes                       ;
; ADDR[26]           ; 2.5 V        ; 0 s                 ; 0 s                 ; 2.62 V                       ; 3.18e-09 V                   ; 2.74 V              ; -0.0527 V           ; 0.162 V                              ; 0.083 V                              ; 2.61e-10 s                  ; 2.44e-10 s                  ; Yes                        ; Yes                        ; 2.62 V                      ; 3.18e-09 V                  ; 2.74 V             ; -0.0527 V          ; 0.162 V                             ; 0.083 V                             ; 2.61e-10 s                 ; 2.44e-10 s                 ; Yes                       ; Yes                       ;
; ADDR[27]           ; 2.5 V        ; 0 s                 ; 0 s                 ; 2.62 V                       ; 3.18e-09 V                   ; 2.74 V              ; -0.0527 V           ; 0.162 V                              ; 0.083 V                              ; 2.61e-10 s                  ; 2.44e-10 s                  ; Yes                        ; Yes                        ; 2.62 V                      ; 3.18e-09 V                  ; 2.74 V             ; -0.0527 V          ; 0.162 V                             ; 0.083 V                             ; 2.61e-10 s                 ; 2.44e-10 s                 ; Yes                       ; Yes                       ;
; ADDR[28]           ; 2.5 V        ; 0 s                 ; 0 s                 ; 2.62 V                       ; 3.18e-09 V                   ; 2.74 V              ; -0.0527 V           ; 0.162 V                              ; 0.083 V                              ; 2.61e-10 s                  ; 2.44e-10 s                  ; Yes                        ; Yes                        ; 2.62 V                      ; 3.18e-09 V                  ; 2.74 V             ; -0.0527 V          ; 0.162 V                             ; 0.083 V                             ; 2.61e-10 s                 ; 2.44e-10 s                 ; Yes                       ; Yes                       ;
; ADDR[29]           ; 2.5 V        ; 0 s                 ; 0 s                 ; 2.62 V                       ; 3.18e-09 V                   ; 2.74 V              ; -0.0527 V           ; 0.162 V                              ; 0.083 V                              ; 2.61e-10 s                  ; 2.44e-10 s                  ; Yes                        ; Yes                        ; 2.62 V                      ; 3.18e-09 V                  ; 2.74 V             ; -0.0527 V          ; 0.162 V                             ; 0.083 V                             ; 2.61e-10 s                 ; 2.44e-10 s                 ; Yes                       ; Yes                       ;
; ADDR[30]           ; 2.5 V        ; 0 s                 ; 0 s                 ; 2.62 V                       ; 3.18e-09 V                   ; 2.74 V              ; -0.0527 V           ; 0.162 V                              ; 0.083 V                              ; 2.61e-10 s                  ; 2.44e-10 s                  ; Yes                        ; Yes                        ; 2.62 V                      ; 3.18e-09 V                  ; 2.74 V             ; -0.0527 V          ; 0.162 V                             ; 0.083 V                             ; 2.61e-10 s                 ; 2.44e-10 s                 ; Yes                       ; Yes                       ;
; ADDR[31]           ; 2.5 V        ; 0 s                 ; 0 s                 ; 2.62 V                       ; 3.18e-09 V                   ; 2.74 V              ; -0.0527 V           ; 0.162 V                              ; 0.083 V                              ; 2.61e-10 s                  ; 2.44e-10 s                  ; Yes                        ; Yes                        ; 2.62 V                      ; 3.18e-09 V                  ; 2.74 V             ; -0.0527 V          ; 0.162 V                             ; 0.083 V                             ; 2.61e-10 s                 ; 2.44e-10 s                 ; Yes                       ; Yes                       ;
; Data_BUS_WRITE[0]  ; 2.5 V        ; 0 s                 ; 0 s                 ; 2.62 V                       ; 3.18e-09 V                   ; 2.74 V              ; -0.0527 V           ; 0.162 V                              ; 0.083 V                              ; 2.61e-10 s                  ; 2.44e-10 s                  ; Yes                        ; Yes                        ; 2.62 V                      ; 3.18e-09 V                  ; 2.74 V             ; -0.0527 V          ; 0.162 V                             ; 0.083 V                             ; 2.61e-10 s                 ; 2.44e-10 s                 ; Yes                       ; Yes                       ;
; Data_BUS_WRITE[1]  ; 2.5 V        ; 0 s                 ; 0 s                 ; 2.62 V                       ; 2.24e-09 V                   ; 2.74 V              ; -0.0529 V           ; 0.285 V                              ; 0.071 V                              ; 2.99e-10 s                  ; 3.3e-10 s                   ; No                         ; Yes                        ; 2.62 V                      ; 2.24e-09 V                  ; 2.74 V             ; -0.0529 V          ; 0.285 V                             ; 0.071 V                             ; 2.99e-10 s                 ; 3.3e-10 s                  ; No                        ; Yes                       ;
; Data_BUS_WRITE[2]  ; 2.5 V        ; 0 s                 ; 0 s                 ; 2.62 V                       ; 3.18e-09 V                   ; 2.74 V              ; -0.0527 V           ; 0.162 V                              ; 0.083 V                              ; 2.61e-10 s                  ; 2.44e-10 s                  ; Yes                        ; Yes                        ; 2.62 V                      ; 3.18e-09 V                  ; 2.74 V             ; -0.0527 V          ; 0.162 V                             ; 0.083 V                             ; 2.61e-10 s                 ; 2.44e-10 s                 ; Yes                       ; Yes                       ;
; Data_BUS_WRITE[3]  ; 2.5 V        ; 0 s                 ; 0 s                 ; 2.62 V                       ; 3.18e-09 V                   ; 2.74 V              ; -0.0527 V           ; 0.162 V                              ; 0.083 V                              ; 2.61e-10 s                  ; 2.44e-10 s                  ; Yes                        ; Yes                        ; 2.62 V                      ; 3.18e-09 V                  ; 2.74 V             ; -0.0527 V          ; 0.162 V                             ; 0.083 V                             ; 2.61e-10 s                 ; 2.44e-10 s                 ; Yes                       ; Yes                       ;
; Data_BUS_WRITE[4]  ; 2.5 V        ; 0 s                 ; 0 s                 ; 2.62 V                       ; 2.24e-09 V                   ; 2.65 V              ; -0.0149 V           ; 0.207 V                              ; 0.176 V                              ; 2.15e-09 s                  ; 2.03e-09 s                  ; No                         ; Yes                        ; 2.62 V                      ; 2.24e-09 V                  ; 2.65 V             ; -0.0149 V          ; 0.207 V                             ; 0.176 V                             ; 2.15e-09 s                 ; 2.03e-09 s                 ; No                        ; Yes                       ;
; Data_BUS_WRITE[5]  ; 2.5 V        ; 0 s                 ; 0 s                 ; 2.62 V                       ; 3.18e-09 V                   ; 2.74 V              ; -0.0527 V           ; 0.162 V                              ; 0.083 V                              ; 2.61e-10 s                  ; 2.44e-10 s                  ; Yes                        ; Yes                        ; 2.62 V                      ; 3.18e-09 V                  ; 2.74 V             ; -0.0527 V          ; 0.162 V                             ; 0.083 V                             ; 2.61e-10 s                 ; 2.44e-10 s                 ; Yes                       ; Yes                       ;
; Data_BUS_WRITE[6]  ; 2.5 V        ; 0 s                 ; 0 s                 ; 2.62 V                       ; 3.18e-09 V                   ; 2.74 V              ; -0.0527 V           ; 0.162 V                              ; 0.083 V                              ; 2.61e-10 s                  ; 2.44e-10 s                  ; Yes                        ; Yes                        ; 2.62 V                      ; 3.18e-09 V                  ; 2.74 V             ; -0.0527 V          ; 0.162 V                             ; 0.083 V                             ; 2.61e-10 s                 ; 2.44e-10 s                 ; Yes                       ; Yes                       ;
; Data_BUS_WRITE[7]  ; 2.5 V        ; 0 s                 ; 0 s                 ; 2.62 V                       ; 2.24e-09 V                   ; 2.74 V              ; -0.0529 V           ; 0.285 V                              ; 0.071 V                              ; 2.99e-10 s                  ; 3.3e-10 s                   ; No                         ; Yes                        ; 2.62 V                      ; 2.24e-09 V                  ; 2.74 V             ; -0.0529 V          ; 0.285 V                             ; 0.071 V                             ; 2.99e-10 s                 ; 3.3e-10 s                  ; No                        ; Yes                       ;
; Data_BUS_WRITE[8]  ; 2.5 V        ; 0 s                 ; 0 s                 ; 2.62 V                       ; 3.18e-09 V                   ; 2.74 V              ; -0.0527 V           ; 0.162 V                              ; 0.083 V                              ; 2.61e-10 s                  ; 2.44e-10 s                  ; Yes                        ; Yes                        ; 2.62 V                      ; 3.18e-09 V                  ; 2.74 V             ; -0.0527 V          ; 0.162 V                             ; 0.083 V                             ; 2.61e-10 s                 ; 2.44e-10 s                 ; Yes                       ; Yes                       ;
; Data_BUS_WRITE[9]  ; 2.5 V        ; 0 s                 ; 0 s                 ; 2.62 V                       ; 3.18e-09 V                   ; 2.74 V              ; -0.0527 V           ; 0.162 V                              ; 0.083 V                              ; 2.61e-10 s                  ; 2.44e-10 s                  ; Yes                        ; Yes                        ; 2.62 V                      ; 3.18e-09 V                  ; 2.74 V             ; -0.0527 V          ; 0.162 V                             ; 0.083 V                             ; 2.61e-10 s                 ; 2.44e-10 s                 ; Yes                       ; Yes                       ;
; Data_BUS_WRITE[10] ; 2.5 V        ; 0 s                 ; 0 s                 ; 2.62 V                       ; 2.24e-09 V                   ; 2.74 V              ; -0.0529 V           ; 0.285 V                              ; 0.071 V                              ; 2.99e-10 s                  ; 3.3e-10 s                   ; No                         ; Yes                        ; 2.62 V                      ; 2.24e-09 V                  ; 2.74 V             ; -0.0529 V          ; 0.285 V                             ; 0.071 V                             ; 2.99e-10 s                 ; 3.3e-10 s                  ; No                        ; Yes                       ;
; Data_BUS_WRITE[11] ; 2.5 V        ; 0 s                 ; 0 s                 ; 2.62 V                       ; 3.18e-09 V                   ; 2.74 V              ; -0.0527 V           ; 0.162 V                              ; 0.083 V                              ; 2.61e-10 s                  ; 2.44e-10 s                  ; Yes                        ; Yes                        ; 2.62 V                      ; 3.18e-09 V                  ; 2.74 V             ; -0.0527 V          ; 0.162 V                             ; 0.083 V                             ; 2.61e-10 s                 ; 2.44e-10 s                 ; Yes                       ; Yes                       ;
; Data_BUS_WRITE[12] ; 2.5 V        ; 0 s                 ; 0 s                 ; 2.62 V                       ; 3.18e-09 V                   ; 2.74 V              ; -0.0527 V           ; 0.162 V                              ; 0.083 V                              ; 2.61e-10 s                  ; 2.44e-10 s                  ; Yes                        ; Yes                        ; 2.62 V                      ; 3.18e-09 V                  ; 2.74 V             ; -0.0527 V          ; 0.162 V                             ; 0.083 V                             ; 2.61e-10 s                 ; 2.44e-10 s                 ; Yes                       ; Yes                       ;
; Data_BUS_WRITE[13] ; 2.5 V        ; 0 s                 ; 0 s                 ; 2.62 V                       ; 3.18e-09 V                   ; 2.74 V              ; -0.0527 V           ; 0.162 V                              ; 0.083 V                              ; 2.61e-10 s                  ; 2.44e-10 s                  ; Yes                        ; Yes                        ; 2.62 V                      ; 3.18e-09 V                  ; 2.74 V             ; -0.0527 V          ; 0.162 V                             ; 0.083 V                             ; 2.61e-10 s                 ; 2.44e-10 s                 ; Yes                       ; Yes                       ;
; Data_BUS_WRITE[14] ; 2.5 V        ; 0 s                 ; 0 s                 ; 2.62 V                       ; 3.18e-09 V                   ; 2.74 V              ; -0.0527 V           ; 0.162 V                              ; 0.083 V                              ; 2.61e-10 s                  ; 2.44e-10 s                  ; Yes                        ; Yes                        ; 2.62 V                      ; 3.18e-09 V                  ; 2.74 V             ; -0.0527 V          ; 0.162 V                             ; 0.083 V                             ; 2.61e-10 s                 ; 2.44e-10 s                 ; Yes                       ; Yes                       ;
; Data_BUS_WRITE[15] ; 2.5 V        ; 0 s                 ; 0 s                 ; 2.62 V                       ; 3.18e-09 V                   ; 2.74 V              ; -0.0527 V           ; 0.162 V                              ; 0.083 V                              ; 2.61e-10 s                  ; 2.44e-10 s                  ; Yes                        ; Yes                        ; 2.62 V                      ; 3.18e-09 V                  ; 2.74 V             ; -0.0527 V          ; 0.162 V                             ; 0.083 V                             ; 2.61e-10 s                 ; 2.44e-10 s                 ; Yes                       ; Yes                       ;
; Data_BUS_WRITE[16] ; 2.5 V        ; 0 s                 ; 0 s                 ; 2.62 V                       ; 3.18e-09 V                   ; 2.74 V              ; -0.0527 V           ; 0.162 V                              ; 0.083 V                              ; 2.61e-10 s                  ; 2.44e-10 s                  ; Yes                        ; Yes                        ; 2.62 V                      ; 3.18e-09 V                  ; 2.74 V             ; -0.0527 V          ; 0.162 V                             ; 0.083 V                             ; 2.61e-10 s                 ; 2.44e-10 s                 ; Yes                       ; Yes                       ;
; Data_BUS_WRITE[17] ; 2.5 V        ; 0 s                 ; 0 s                 ; 2.62 V                       ; 2.24e-09 V                   ; 2.74 V              ; -0.0529 V           ; 0.285 V                              ; 0.071 V                              ; 2.99e-10 s                  ; 3.3e-10 s                   ; No                         ; Yes                        ; 2.62 V                      ; 2.24e-09 V                  ; 2.74 V             ; -0.0529 V          ; 0.285 V                             ; 0.071 V                             ; 2.99e-10 s                 ; 3.3e-10 s                  ; No                        ; Yes                       ;
; Data_BUS_WRITE[18] ; 2.5 V        ; 0 s                 ; 0 s                 ; 2.62 V                       ; 3.18e-09 V                   ; 2.74 V              ; -0.0527 V           ; 0.162 V                              ; 0.083 V                              ; 2.61e-10 s                  ; 2.44e-10 s                  ; Yes                        ; Yes                        ; 2.62 V                      ; 3.18e-09 V                  ; 2.74 V             ; -0.0527 V          ; 0.162 V                             ; 0.083 V                             ; 2.61e-10 s                 ; 2.44e-10 s                 ; Yes                       ; Yes                       ;
; Data_BUS_WRITE[19] ; 2.5 V        ; 0 s                 ; 0 s                 ; 2.62 V                       ; 3.18e-09 V                   ; 2.74 V              ; -0.0527 V           ; 0.162 V                              ; 0.083 V                              ; 2.61e-10 s                  ; 2.44e-10 s                  ; Yes                        ; Yes                        ; 2.62 V                      ; 3.18e-09 V                  ; 2.74 V             ; -0.0527 V          ; 0.162 V                             ; 0.083 V                             ; 2.61e-10 s                 ; 2.44e-10 s                 ; Yes                       ; Yes                       ;
; Data_BUS_WRITE[20] ; 2.5 V        ; 0 s                 ; 0 s                 ; 2.62 V                       ; 2.24e-09 V                   ; 2.74 V              ; -0.0529 V           ; 0.285 V                              ; 0.071 V                              ; 2.99e-10 s                  ; 3.3e-10 s                   ; No                         ; Yes                        ; 2.62 V                      ; 2.24e-09 V                  ; 2.74 V             ; -0.0529 V          ; 0.285 V                             ; 0.071 V                             ; 2.99e-10 s                 ; 3.3e-10 s                  ; No                        ; Yes                       ;
; Data_BUS_WRITE[21] ; 2.5 V        ; 0 s                 ; 0 s                 ; 2.62 V                       ; 2.24e-09 V                   ; 2.74 V              ; -0.0529 V           ; 0.285 V                              ; 0.071 V                              ; 2.99e-10 s                  ; 3.3e-10 s                   ; No                         ; Yes                        ; 2.62 V                      ; 2.24e-09 V                  ; 2.74 V             ; -0.0529 V          ; 0.285 V                             ; 0.071 V                             ; 2.99e-10 s                 ; 3.3e-10 s                  ; No                        ; Yes                       ;
; Data_BUS_WRITE[22] ; 2.5 V        ; 0 s                 ; 0 s                 ; 2.62 V                       ; 3.18e-09 V                   ; 2.74 V              ; -0.0527 V           ; 0.162 V                              ; 0.083 V                              ; 2.61e-10 s                  ; 2.44e-10 s                  ; Yes                        ; Yes                        ; 2.62 V                      ; 3.18e-09 V                  ; 2.74 V             ; -0.0527 V          ; 0.162 V                             ; 0.083 V                             ; 2.61e-10 s                 ; 2.44e-10 s                 ; Yes                       ; Yes                       ;
; Data_BUS_WRITE[23] ; 2.5 V        ; 0 s                 ; 0 s                 ; 2.62 V                       ; 3.18e-09 V                   ; 2.74 V              ; -0.0527 V           ; 0.162 V                              ; 0.083 V                              ; 2.61e-10 s                  ; 2.44e-10 s                  ; Yes                        ; Yes                        ; 2.62 V                      ; 3.18e-09 V                  ; 2.74 V             ; -0.0527 V          ; 0.162 V                             ; 0.083 V                             ; 2.61e-10 s                 ; 2.44e-10 s                 ; Yes                       ; Yes                       ;
; Data_BUS_WRITE[24] ; 2.5 V        ; 0 s                 ; 0 s                 ; 2.62 V                       ; 3.18e-09 V                   ; 2.74 V              ; -0.0527 V           ; 0.162 V                              ; 0.083 V                              ; 2.61e-10 s                  ; 2.44e-10 s                  ; Yes                        ; Yes                        ; 2.62 V                      ; 3.18e-09 V                  ; 2.74 V             ; -0.0527 V          ; 0.162 V                             ; 0.083 V                             ; 2.61e-10 s                 ; 2.44e-10 s                 ; Yes                       ; Yes                       ;
; Data_BUS_WRITE[25] ; 2.5 V        ; 0 s                 ; 0 s                 ; 2.62 V                       ; 3.18e-09 V                   ; 2.74 V              ; -0.0527 V           ; 0.162 V                              ; 0.083 V                              ; 2.61e-10 s                  ; 2.44e-10 s                  ; Yes                        ; Yes                        ; 2.62 V                      ; 3.18e-09 V                  ; 2.74 V             ; -0.0527 V          ; 0.162 V                             ; 0.083 V                             ; 2.61e-10 s                 ; 2.44e-10 s                 ; Yes                       ; Yes                       ;
; Data_BUS_WRITE[26] ; 2.5 V        ; 0 s                 ; 0 s                 ; 2.62 V                       ; 2.24e-09 V                   ; 2.74 V              ; -0.0529 V           ; 0.285 V                              ; 0.071 V                              ; 2.99e-10 s                  ; 3.3e-10 s                   ; No                         ; Yes                        ; 2.62 V                      ; 2.24e-09 V                  ; 2.74 V             ; -0.0529 V          ; 0.285 V                             ; 0.071 V                             ; 2.99e-10 s                 ; 3.3e-10 s                  ; No                        ; Yes                       ;
; Data_BUS_WRITE[27] ; 2.5 V        ; 0 s                 ; 0 s                 ; 2.62 V                       ; 3.18e-09 V                   ; 2.74 V              ; -0.0527 V           ; 0.162 V                              ; 0.083 V                              ; 2.61e-10 s                  ; 2.44e-10 s                  ; Yes                        ; Yes                        ; 2.62 V                      ; 3.18e-09 V                  ; 2.74 V             ; -0.0527 V          ; 0.162 V                             ; 0.083 V                             ; 2.61e-10 s                 ; 2.44e-10 s                 ; Yes                       ; Yes                       ;
; Data_BUS_WRITE[28] ; 2.5 V        ; 0 s                 ; 0 s                 ; 2.62 V                       ; 3.18e-09 V                   ; 2.74 V              ; -0.0527 V           ; 0.162 V                              ; 0.083 V                              ; 2.61e-10 s                  ; 2.44e-10 s                  ; Yes                        ; Yes                        ; 2.62 V                      ; 3.18e-09 V                  ; 2.74 V             ; -0.0527 V          ; 0.162 V                             ; 0.083 V                             ; 2.61e-10 s                 ; 2.44e-10 s                 ; Yes                       ; Yes                       ;
; Data_BUS_WRITE[29] ; 2.5 V        ; 0 s                 ; 0 s                 ; 2.62 V                       ; 3.18e-09 V                   ; 2.74 V              ; -0.0527 V           ; 0.162 V                              ; 0.083 V                              ; 2.61e-10 s                  ; 2.44e-10 s                  ; Yes                        ; Yes                        ; 2.62 V                      ; 3.18e-09 V                  ; 2.74 V             ; -0.0527 V          ; 0.162 V                             ; 0.083 V                             ; 2.61e-10 s                 ; 2.44e-10 s                 ; Yes                       ; Yes                       ;
; Data_BUS_WRITE[30] ; 2.5 V        ; 0 s                 ; 0 s                 ; 2.62 V                       ; 2.24e-09 V                   ; 2.74 V              ; -0.0529 V           ; 0.285 V                              ; 0.071 V                              ; 2.99e-10 s                  ; 3.3e-10 s                   ; No                         ; Yes                        ; 2.62 V                      ; 2.24e-09 V                  ; 2.74 V             ; -0.0529 V          ; 0.285 V                             ; 0.071 V                             ; 2.99e-10 s                 ; 3.3e-10 s                  ; No                        ; Yes                       ;
; Data_BUS_WRITE[31] ; 2.5 V        ; 0 s                 ; 0 s                 ; 2.62 V                       ; 3.18e-09 V                   ; 2.74 V              ; -0.0527 V           ; 0.162 V                              ; 0.083 V                              ; 2.61e-10 s                  ; 2.44e-10 s                  ; Yes                        ; Yes                        ; 2.62 V                      ; 3.18e-09 V                  ; 2.74 V             ; -0.0527 V          ; 0.162 V                             ; 0.083 V                             ; 2.61e-10 s                 ; 2.44e-10 s                 ; Yes                       ; Yes                       ;
; ADDR_Prog[0]       ; 2.5 V        ; 0 s                 ; 0 s                 ; 2.62 V                       ; 2.24e-09 V                   ; 2.74 V              ; -0.0529 V           ; 0.285 V                              ; 0.071 V                              ; 2.99e-10 s                  ; 3.3e-10 s                   ; No                         ; Yes                        ; 2.62 V                      ; 2.24e-09 V                  ; 2.74 V             ; -0.0529 V          ; 0.285 V                             ; 0.071 V                             ; 2.99e-10 s                 ; 3.3e-10 s                  ; No                        ; Yes                       ;
; ADDR_Prog[1]       ; 2.5 V        ; 0 s                 ; 0 s                 ; 2.62 V                       ; 3.18e-09 V                   ; 2.74 V              ; -0.0527 V           ; 0.162 V                              ; 0.083 V                              ; 2.61e-10 s                  ; 2.44e-10 s                  ; Yes                        ; Yes                        ; 2.62 V                      ; 3.18e-09 V                  ; 2.74 V             ; -0.0527 V          ; 0.162 V                             ; 0.083 V                             ; 2.61e-10 s                 ; 2.44e-10 s                 ; Yes                       ; Yes                       ;
; ADDR_Prog[2]       ; 2.5 V        ; 0 s                 ; 0 s                 ; 2.62 V                       ; 3.18e-09 V                   ; 2.74 V              ; -0.0527 V           ; 0.162 V                              ; 0.083 V                              ; 2.61e-10 s                  ; 2.44e-10 s                  ; Yes                        ; Yes                        ; 2.62 V                      ; 3.18e-09 V                  ; 2.74 V             ; -0.0527 V          ; 0.162 V                             ; 0.083 V                             ; 2.61e-10 s                 ; 2.44e-10 s                 ; Yes                       ; Yes                       ;
; ADDR_Prog[3]       ; 2.5 V        ; 0 s                 ; 0 s                 ; 2.62 V                       ; 2.24e-09 V                   ; 2.74 V              ; -0.0529 V           ; 0.285 V                              ; 0.071 V                              ; 2.99e-10 s                  ; 3.3e-10 s                   ; No                         ; Yes                        ; 2.62 V                      ; 2.24e-09 V                  ; 2.74 V             ; -0.0529 V          ; 0.285 V                             ; 0.071 V                             ; 2.99e-10 s                 ; 3.3e-10 s                  ; No                        ; Yes                       ;
; ADDR_Prog[4]       ; 2.5 V        ; 0 s                 ; 0 s                 ; 2.62 V                       ; 3.18e-09 V                   ; 2.74 V              ; -0.0527 V           ; 0.162 V                              ; 0.083 V                              ; 2.61e-10 s                  ; 2.44e-10 s                  ; Yes                        ; Yes                        ; 2.62 V                      ; 3.18e-09 V                  ; 2.74 V             ; -0.0527 V          ; 0.162 V                             ; 0.083 V                             ; 2.61e-10 s                 ; 2.44e-10 s                 ; Yes                       ; Yes                       ;
; ADDR_Prog[5]       ; 2.5 V        ; 0 s                 ; 0 s                 ; 2.62 V                       ; 2.24e-09 V                   ; 2.74 V              ; -0.0529 V           ; 0.285 V                              ; 0.071 V                              ; 2.99e-10 s                  ; 3.3e-10 s                   ; No                         ; Yes                        ; 2.62 V                      ; 2.24e-09 V                  ; 2.74 V             ; -0.0529 V          ; 0.285 V                             ; 0.071 V                             ; 2.99e-10 s                 ; 3.3e-10 s                  ; No                        ; Yes                       ;
; ADDR_Prog[6]       ; 2.5 V        ; 0 s                 ; 0 s                 ; 2.62 V                       ; 2.24e-09 V                   ; 2.74 V              ; -0.0529 V           ; 0.285 V                              ; 0.071 V                              ; 2.99e-10 s                  ; 3.3e-10 s                   ; No                         ; Yes                        ; 2.62 V                      ; 2.24e-09 V                  ; 2.74 V             ; -0.0529 V          ; 0.285 V                             ; 0.071 V                             ; 2.99e-10 s                 ; 3.3e-10 s                  ; No                        ; Yes                       ;
; ADDR_Prog[7]       ; 2.5 V        ; 0 s                 ; 0 s                 ; 2.62 V                       ; 2.24e-09 V                   ; 2.74 V              ; -0.0529 V           ; 0.285 V                              ; 0.071 V                              ; 2.99e-10 s                  ; 3.3e-10 s                   ; No                         ; Yes                        ; 2.62 V                      ; 2.24e-09 V                  ; 2.74 V             ; -0.0529 V          ; 0.285 V                             ; 0.071 V                             ; 2.99e-10 s                 ; 3.3e-10 s                  ; No                        ; Yes                       ;
; ADDR_Prog[8]       ; 2.5 V        ; 0 s                 ; 0 s                 ; 2.62 V                       ; 2.24e-09 V                   ; 2.74 V              ; -0.0529 V           ; 0.285 V                              ; 0.071 V                              ; 2.99e-10 s                  ; 3.3e-10 s                   ; No                         ; Yes                        ; 2.62 V                      ; 2.24e-09 V                  ; 2.74 V             ; -0.0529 V          ; 0.285 V                             ; 0.071 V                             ; 2.99e-10 s                 ; 3.3e-10 s                  ; No                        ; Yes                       ;
; ADDR_Prog[9]       ; 2.5 V        ; 0 s                 ; 0 s                 ; 2.62 V                       ; 2.24e-09 V                   ; 2.74 V              ; -0.0529 V           ; 0.285 V                              ; 0.071 V                              ; 2.99e-10 s                  ; 3.3e-10 s                   ; No                         ; Yes                        ; 2.62 V                      ; 2.24e-09 V                  ; 2.74 V             ; -0.0529 V          ; 0.285 V                             ; 0.071 V                             ; 2.99e-10 s                 ; 3.3e-10 s                  ; No                        ; Yes                       ;
; ADDR_Prog[10]      ; 2.5 V        ; 0 s                 ; 0 s                 ; 2.62 V                       ; 2.24e-09 V                   ; 2.74 V              ; -0.0529 V           ; 0.285 V                              ; 0.071 V                              ; 2.99e-10 s                  ; 3.3e-10 s                   ; No                         ; Yes                        ; 2.62 V                      ; 2.24e-09 V                  ; 2.74 V             ; -0.0529 V          ; 0.285 V                             ; 0.071 V                             ; 2.99e-10 s                 ; 3.3e-10 s                  ; No                        ; Yes                       ;
; ADDR_Prog[11]      ; 2.5 V        ; 0 s                 ; 0 s                 ; 2.62 V                       ; 2.24e-09 V                   ; 2.65 V              ; -0.0149 V           ; 0.207 V                              ; 0.176 V                              ; 2.15e-09 s                  ; 2.03e-09 s                  ; No                         ; Yes                        ; 2.62 V                      ; 2.24e-09 V                  ; 2.65 V             ; -0.0149 V          ; 0.207 V                             ; 0.176 V                             ; 2.15e-09 s                 ; 2.03e-09 s                 ; No                        ; Yes                       ;
; ADDR_Prog[12]      ; 2.5 V        ; 0 s                 ; 0 s                 ; 2.62 V                       ; 2.24e-09 V                   ; 2.74 V              ; -0.0529 V           ; 0.285 V                              ; 0.071 V                              ; 2.99e-10 s                  ; 3.3e-10 s                   ; No                         ; Yes                        ; 2.62 V                      ; 2.24e-09 V                  ; 2.74 V             ; -0.0529 V          ; 0.285 V                             ; 0.071 V                             ; 2.99e-10 s                 ; 3.3e-10 s                  ; No                        ; Yes                       ;
; ADDR_Prog[13]      ; 2.5 V        ; 0 s                 ; 0 s                 ; 2.62 V                       ; 3.18e-09 V                   ; 2.74 V              ; -0.0527 V           ; 0.162 V                              ; 0.083 V                              ; 2.61e-10 s                  ; 2.44e-10 s                  ; Yes                        ; Yes                        ; 2.62 V                      ; 3.18e-09 V                  ; 2.74 V             ; -0.0527 V          ; 0.162 V                             ; 0.083 V                             ; 2.61e-10 s                 ; 2.44e-10 s                 ; Yes                       ; Yes                       ;
; ADDR_Prog[14]      ; 2.5 V        ; 0 s                 ; 0 s                 ; 2.62 V                       ; 3.18e-09 V                   ; 2.74 V              ; -0.0527 V           ; 0.162 V                              ; 0.083 V                              ; 2.61e-10 s                  ; 2.44e-10 s                  ; Yes                        ; Yes                        ; 2.62 V                      ; 3.18e-09 V                  ; 2.74 V             ; -0.0527 V          ; 0.162 V                             ; 0.083 V                             ; 2.61e-10 s                 ; 2.44e-10 s                 ; Yes                       ; Yes                       ;
; ADDR_Prog[15]      ; 2.5 V        ; 0 s                 ; 0 s                 ; 2.62 V                       ; 3.18e-09 V                   ; 2.74 V              ; -0.0527 V           ; 0.162 V                              ; 0.083 V                              ; 2.61e-10 s                  ; 2.44e-10 s                  ; Yes                        ; Yes                        ; 2.62 V                      ; 3.18e-09 V                  ; 2.74 V             ; -0.0527 V          ; 0.162 V                             ; 0.083 V                             ; 2.61e-10 s                 ; 2.44e-10 s                 ; Yes                       ; Yes                       ;
; ADDR_Prog[16]      ; 2.5 V        ; 0 s                 ; 0 s                 ; 2.62 V                       ; 2.24e-09 V                   ; 2.74 V              ; -0.0529 V           ; 0.285 V                              ; 0.071 V                              ; 2.99e-10 s                  ; 3.3e-10 s                   ; No                         ; Yes                        ; 2.62 V                      ; 2.24e-09 V                  ; 2.74 V             ; -0.0529 V          ; 0.285 V                             ; 0.071 V                             ; 2.99e-10 s                 ; 3.3e-10 s                  ; No                        ; Yes                       ;
; ADDR_Prog[17]      ; 2.5 V        ; 0 s                 ; 0 s                 ; 2.62 V                       ; 2.24e-09 V                   ; 2.74 V              ; -0.0529 V           ; 0.285 V                              ; 0.071 V                              ; 2.99e-10 s                  ; 3.3e-10 s                   ; No                         ; Yes                        ; 2.62 V                      ; 2.24e-09 V                  ; 2.74 V             ; -0.0529 V          ; 0.285 V                             ; 0.071 V                             ; 2.99e-10 s                 ; 3.3e-10 s                  ; No                        ; Yes                       ;
; ADDR_Prog[18]      ; 2.5 V        ; 0 s                 ; 0 s                 ; 2.62 V                       ; 2.24e-09 V                   ; 2.74 V              ; -0.0529 V           ; 0.285 V                              ; 0.071 V                              ; 2.99e-10 s                  ; 3.3e-10 s                   ; No                         ; Yes                        ; 2.62 V                      ; 2.24e-09 V                  ; 2.74 V             ; -0.0529 V          ; 0.285 V                             ; 0.071 V                             ; 2.99e-10 s                 ; 3.3e-10 s                  ; No                        ; Yes                       ;
; ADDR_Prog[19]      ; 2.5 V        ; 0 s                 ; 0 s                 ; 2.62 V                       ; 2.24e-09 V                   ; 2.74 V              ; -0.0529 V           ; 0.285 V                              ; 0.071 V                              ; 2.99e-10 s                  ; 3.3e-10 s                   ; No                         ; Yes                        ; 2.62 V                      ; 2.24e-09 V                  ; 2.74 V             ; -0.0529 V          ; 0.285 V                             ; 0.071 V                             ; 2.99e-10 s                 ; 3.3e-10 s                  ; No                        ; Yes                       ;
; ADDR_Prog[20]      ; 2.5 V        ; 0 s                 ; 0 s                 ; 2.62 V                       ; 2.24e-09 V                   ; 2.74 V              ; -0.0529 V           ; 0.285 V                              ; 0.071 V                              ; 2.99e-10 s                  ; 3.3e-10 s                   ; No                         ; Yes                        ; 2.62 V                      ; 2.24e-09 V                  ; 2.74 V             ; -0.0529 V          ; 0.285 V                             ; 0.071 V                             ; 2.99e-10 s                 ; 3.3e-10 s                  ; No                        ; Yes                       ;
; ADDR_Prog[21]      ; 2.5 V        ; 0 s                 ; 0 s                 ; 2.62 V                       ; 2.24e-09 V                   ; 2.74 V              ; -0.0529 V           ; 0.285 V                              ; 0.071 V                              ; 2.99e-10 s                  ; 3.3e-10 s                   ; No                         ; Yes                        ; 2.62 V                      ; 2.24e-09 V                  ; 2.74 V             ; -0.0529 V          ; 0.285 V                             ; 0.071 V                             ; 2.99e-10 s                 ; 3.3e-10 s                  ; No                        ; Yes                       ;
; ADDR_Prog[22]      ; 2.5 V        ; 0 s                 ; 0 s                 ; 2.62 V                       ; 2.24e-09 V                   ; 2.74 V              ; -0.0529 V           ; 0.285 V                              ; 0.071 V                              ; 2.99e-10 s                  ; 3.3e-10 s                   ; No                         ; Yes                        ; 2.62 V                      ; 2.24e-09 V                  ; 2.74 V             ; -0.0529 V          ; 0.285 V                             ; 0.071 V                             ; 2.99e-10 s                 ; 3.3e-10 s                  ; No                        ; Yes                       ;
; ADDR_Prog[23]      ; 2.5 V        ; 0 s                 ; 0 s                 ; 2.62 V                       ; 2.24e-09 V                   ; 2.74 V              ; -0.0529 V           ; 0.285 V                              ; 0.071 V                              ; 2.99e-10 s                  ; 3.3e-10 s                   ; No                         ; Yes                        ; 2.62 V                      ; 2.24e-09 V                  ; 2.74 V             ; -0.0529 V          ; 0.285 V                             ; 0.071 V                             ; 2.99e-10 s                 ; 3.3e-10 s                  ; No                        ; Yes                       ;
; ADDR_Prog[24]      ; 2.5 V        ; 0 s                 ; 0 s                 ; 2.62 V                       ; 3.18e-09 V                   ; 2.74 V              ; -0.0527 V           ; 0.162 V                              ; 0.083 V                              ; 2.61e-10 s                  ; 2.44e-10 s                  ; Yes                        ; Yes                        ; 2.62 V                      ; 3.18e-09 V                  ; 2.74 V             ; -0.0527 V          ; 0.162 V                             ; 0.083 V                             ; 2.61e-10 s                 ; 2.44e-10 s                 ; Yes                       ; Yes                       ;
; ADDR_Prog[25]      ; 2.5 V        ; 0 s                 ; 0 s                 ; 2.62 V                       ; 3.18e-09 V                   ; 2.74 V              ; -0.0527 V           ; 0.162 V                              ; 0.083 V                              ; 2.61e-10 s                  ; 2.44e-10 s                  ; Yes                        ; Yes                        ; 2.62 V                      ; 3.18e-09 V                  ; 2.74 V             ; -0.0527 V          ; 0.162 V                             ; 0.083 V                             ; 2.61e-10 s                 ; 2.44e-10 s                 ; Yes                       ; Yes                       ;
; ADDR_Prog[26]      ; 2.5 V        ; 0 s                 ; 0 s                 ; 2.62 V                       ; 2.24e-09 V                   ; 2.74 V              ; -0.0529 V           ; 0.285 V                              ; 0.071 V                              ; 2.99e-10 s                  ; 3.3e-10 s                   ; No                         ; Yes                        ; 2.62 V                      ; 2.24e-09 V                  ; 2.74 V             ; -0.0529 V          ; 0.285 V                             ; 0.071 V                             ; 2.99e-10 s                 ; 3.3e-10 s                  ; No                        ; Yes                       ;
; ADDR_Prog[27]      ; 2.5 V        ; 0 s                 ; 0 s                 ; 2.62 V                       ; 2.24e-09 V                   ; 2.74 V              ; -0.0529 V           ; 0.285 V                              ; 0.071 V                              ; 2.99e-10 s                  ; 3.3e-10 s                   ; No                         ; Yes                        ; 2.62 V                      ; 2.24e-09 V                  ; 2.74 V             ; -0.0529 V          ; 0.285 V                             ; 0.071 V                             ; 2.99e-10 s                 ; 3.3e-10 s                  ; No                        ; Yes                       ;
; ADDR_Prog[28]      ; 2.5 V        ; 0 s                 ; 0 s                 ; 2.62 V                       ; 3.18e-09 V                   ; 2.74 V              ; -0.0527 V           ; 0.162 V                              ; 0.083 V                              ; 2.61e-10 s                  ; 2.44e-10 s                  ; Yes                        ; Yes                        ; 2.62 V                      ; 3.18e-09 V                  ; 2.74 V             ; -0.0527 V          ; 0.162 V                             ; 0.083 V                             ; 2.61e-10 s                 ; 2.44e-10 s                 ; Yes                       ; Yes                       ;
; ADDR_Prog[29]      ; 2.5 V        ; 0 s                 ; 0 s                 ; 2.62 V                       ; 2.24e-09 V                   ; 2.74 V              ; -0.0529 V           ; 0.285 V                              ; 0.071 V                              ; 2.99e-10 s                  ; 3.3e-10 s                   ; No                         ; Yes                        ; 2.62 V                      ; 2.24e-09 V                  ; 2.74 V             ; -0.0529 V          ; 0.285 V                             ; 0.071 V                             ; 2.99e-10 s                 ; 3.3e-10 s                  ; No                        ; Yes                       ;
; ADDR_Prog[30]      ; 2.5 V        ; 0 s                 ; 0 s                 ; 2.62 V                       ; 2.24e-09 V                   ; 2.74 V              ; -0.0529 V           ; 0.285 V                              ; 0.071 V                              ; 2.99e-10 s                  ; 3.3e-10 s                   ; No                         ; Yes                        ; 2.62 V                      ; 2.24e-09 V                  ; 2.74 V             ; -0.0529 V          ; 0.285 V                             ; 0.071 V                             ; 2.99e-10 s                 ; 3.3e-10 s                  ; No                        ; Yes                       ;
; ADDR_Prog[31]      ; 2.5 V        ; 0 s                 ; 0 s                 ; 2.62 V                       ; 2.24e-09 V                   ; 2.74 V              ; -0.0529 V           ; 0.285 V                              ; 0.071 V                              ; 2.99e-10 s                  ; 3.3e-10 s                   ; No                         ; Yes                        ; 2.62 V                      ; 2.24e-09 V                  ; 2.74 V             ; -0.0529 V          ; 0.285 V                             ; 0.071 V                             ; 2.99e-10 s                 ; 3.3e-10 s                  ; No                        ; Yes                       ;
; CS                 ; 2.5 V        ; 0 s                 ; 0 s                 ; 2.62 V                       ; 3.18e-09 V                   ; 2.74 V              ; -0.0527 V           ; 0.162 V                              ; 0.083 V                              ; 2.61e-10 s                  ; 2.44e-10 s                  ; Yes                        ; Yes                        ; 2.62 V                      ; 3.18e-09 V                  ; 2.74 V             ; -0.0527 V          ; 0.162 V                             ; 0.083 V                             ; 2.61e-10 s                 ; 2.44e-10 s                 ; Yes                       ; Yes                       ;
; WE                 ; 2.5 V        ; 0 s                 ; 0 s                 ; 2.62 V                       ; 3.18e-09 V                   ; 2.74 V              ; -0.0527 V           ; 0.162 V                              ; 0.083 V                              ; 2.61e-10 s                  ; 2.44e-10 s                  ; Yes                        ; Yes                        ; 2.62 V                      ; 3.18e-09 V                  ; 2.74 V             ; -0.0527 V          ; 0.162 V                             ; 0.083 V                             ; 2.61e-10 s                 ; 2.44e-10 s                 ; Yes                       ; Yes                       ;
; CS_P               ; 2.5 V        ; 0 s                 ; 0 s                 ; 2.62 V                       ; 2.24e-09 V                   ; 2.74 V              ; -0.0529 V           ; 0.285 V                              ; 0.071 V                              ; 2.99e-10 s                  ; 3.3e-10 s                   ; No                         ; Yes                        ; 2.62 V                      ; 2.24e-09 V                  ; 2.74 V             ; -0.0529 V          ; 0.285 V                             ; 0.071 V                             ; 2.99e-10 s                 ; 3.3e-10 s                  ; No                        ; Yes                       ;
; ~ALTERA_NCEO~      ; 2.5 V        ; 0 s                 ; 0 s                 ; 2.63 V                       ; 2.09e-09 V                   ; 3.33 V              ; -0.207 V            ; 0.732 V                              ; 0.246 V                              ; 7.99e-11 s                  ; 1.55e-10 s                  ; No                         ; Yes                        ; 2.63 V                      ; 2.09e-09 V                  ; 3.33 V             ; -0.207 V           ; 0.732 V                             ; 0.246 V                             ; 7.99e-11 s                 ; 1.55e-10 s                 ; No                        ; Yes                       ;
; ~ALTERA_DCLK~      ; 2.5 V        ; 0 s                 ; 0 s                 ; 2.62 V                       ; 2.44e-09 V                   ; 2.77 V              ; -0.0664 V           ; 0.17 V                               ; 0.079 V                              ; 2.61e-10 s                  ; 2.04e-10 s                  ; No                         ; Yes                        ; 2.62 V                      ; 2.44e-09 V                  ; 2.77 V             ; -0.0664 V          ; 0.17 V                              ; 0.079 V                             ; 2.61e-10 s                 ; 2.04e-10 s                 ; No                        ; Yes                       ;
+--------------------+--------------+---------------------+---------------------+------------------------------+------------------------------+---------------------+---------------------+--------------------------------------+--------------------------------------+-----------------------------+-----------------------------+----------------------------+----------------------------+-----------------------------+-----------------------------+--------------------+--------------------+-------------------------------------+-------------------------------------+----------------------------+----------------------------+---------------------------+---------------------------+


+-----------------------------------------------------------------------------------------------------------------------------------------------+
; Setup Transfers                                                                                                                               ;
+-------------------------------------------------+-------------------------------------------------+----------+----------+----------+----------+
; From Clock                                      ; To Clock                                        ; RR Paths ; FR Paths ; RF Paths ; FF Paths ;
+-------------------------------------------------+-------------------------------------------------+----------+----------+----------+----------+
; pll|altpll_component|auto_generated|pll1|clk[0] ; pll|altpll_component|auto_generated|pll1|clk[0] ; 2249159  ; 0        ; 0        ; 0        ;
; pll|altpll_component|auto_generated|pll1|clk[1] ; pll|altpll_component|auto_generated|pll1|clk[0] ; 371      ; 0        ; 0        ; 0        ;
; pll|altpll_component|auto_generated|pll1|clk[0] ; pll|altpll_component|auto_generated|pll1|clk[1] ; 241      ; 0        ; 0        ; 0        ;
; pll|altpll_component|auto_generated|pll1|clk[1] ; pll|altpll_component|auto_generated|pll1|clk[1] ; 410      ; 0        ; 0        ; 0        ;
+-------------------------------------------------+-------------------------------------------------+----------+----------+----------+----------+
Entries labeled "false path" only account for clock-to-clock false paths and not path-based false paths. As a result, actual path counts may be lower than reported.


+-----------------------------------------------------------------------------------------------------------------------------------------------+
; Hold Transfers                                                                                                                                ;
+-------------------------------------------------+-------------------------------------------------+----------+----------+----------+----------+
; From Clock                                      ; To Clock                                        ; RR Paths ; FR Paths ; RF Paths ; FF Paths ;
+-------------------------------------------------+-------------------------------------------------+----------+----------+----------+----------+
; pll|altpll_component|auto_generated|pll1|clk[0] ; pll|altpll_component|auto_generated|pll1|clk[0] ; 2249159  ; 0        ; 0        ; 0        ;
; pll|altpll_component|auto_generated|pll1|clk[1] ; pll|altpll_component|auto_generated|pll1|clk[0] ; 371      ; 0        ; 0        ; 0        ;
; pll|altpll_component|auto_generated|pll1|clk[0] ; pll|altpll_component|auto_generated|pll1|clk[1] ; 241      ; 0        ; 0        ; 0        ;
; pll|altpll_component|auto_generated|pll1|clk[1] ; pll|altpll_component|auto_generated|pll1|clk[1] ; 410      ; 0        ; 0        ; 0        ;
+-------------------------------------------------+-------------------------------------------------+----------+----------+----------+----------+
Entries labeled "false path" only account for clock-to-clock false paths and not path-based false paths. As a result, actual path counts may be lower than reported.


+-----------------------------------------------------------------------------------------------------------------------------------------------+
; Recovery Transfers                                                                                                                            ;
+-------------------------------------------------+-------------------------------------------------+----------+----------+----------+----------+
; From Clock                                      ; To Clock                                        ; RR Paths ; FR Paths ; RF Paths ; FF Paths ;
+-------------------------------------------------+-------------------------------------------------+----------+----------+----------+----------+
; pll|altpll_component|auto_generated|pll1|clk[0] ; pll|altpll_component|auto_generated|pll1|clk[0] ; 14       ; 0        ; 0        ; 0        ;
+-------------------------------------------------+-------------------------------------------------+----------+----------+----------+----------+
Entries labeled "false path" only account for clock-to-clock false paths and not path-based false paths. As a result, actual path counts may be lower than reported.


+-----------------------------------------------------------------------------------------------------------------------------------------------+
; Removal Transfers                                                                                                                             ;
+-------------------------------------------------+-------------------------------------------------+----------+----------+----------+----------+
; From Clock                                      ; To Clock                                        ; RR Paths ; FR Paths ; RF Paths ; FF Paths ;
+-------------------------------------------------+-------------------------------------------------+----------+----------+----------+----------+
; pll|altpll_component|auto_generated|pll1|clk[0] ; pll|altpll_component|auto_generated|pll1|clk[0] ; 14       ; 0        ; 0        ; 0        ;
+-------------------------------------------------+-------------------------------------------------+----------+----------+----------+----------+
Entries labeled "false path" only account for clock-to-clock false paths and not path-based false paths. As a result, actual path counts may be lower than reported.


---------------
; Report TCCS ;
---------------
No dedicated SERDES Transmitter circuitry present in device or used in design


---------------
; Report RSKM ;
---------------
No non-DPA dedicated SERDES Receiver circuitry present in device or used in design


+------------------------------------------------+
; Unconstrained Paths Summary                    ;
+---------------------------------+-------+------+
; Property                        ; Setup ; Hold ;
+---------------------------------+-------+------+
; Illegal Clocks                  ; 0     ; 0    ;
; Unconstrained Clocks            ; 0     ; 0    ;
; Unconstrained Input Ports       ; 60    ; 60   ;
; Unconstrained Input Port Paths  ; 1749  ; 1749 ;
; Unconstrained Output Ports      ; 99    ; 99   ;
; Unconstrained Output Port Paths ; 1731  ; 1731 ;
+---------------------------------+-------+------+


+-----------------------------------------------------------------------------------------------------------------------------+
; Clock Status Summary                                                                                                        ;
+-------------------------------------------------+-------------------------------------------------+-----------+-------------+
; Target                                          ; Clock                                           ; Type      ; Status      ;
+-------------------------------------------------+-------------------------------------------------+-----------+-------------+
; CLK                                             ; CLK                                             ; Base      ; Constrained ;
; pll|altpll_component|auto_generated|pll1|clk[0] ; pll|altpll_component|auto_generated|pll1|clk[0] ; Generated ; Constrained ;
; pll|altpll_component|auto_generated|pll1|clk[1] ; pll|altpll_component|auto_generated|pll1|clk[1] ; Generated ; Constrained ;
+-------------------------------------------------+-------------------------------------------------+-----------+-------------+


+----------------------------------------------------------------------------------------------------------+
; Unconstrained Input Ports                                                                                ;
+-------------------+--------------------------------------------------------------------------------------+
; Input Port        ; Comment                                                                              ;
+-------------------+--------------------------------------------------------------------------------------+
; Data_BUS_READ[0]  ; No input delay, min/max delays, false-path exceptions, or max skew assignments found ;
; Data_BUS_READ[1]  ; No input delay, min/max delays, false-path exceptions, or max skew assignments found ;
; Data_BUS_READ[2]  ; No input delay, min/max delays, false-path exceptions, or max skew assignments found ;
; Data_BUS_READ[3]  ; No input delay, min/max delays, false-path exceptions, or max skew assignments found ;
; Data_BUS_READ[4]  ; No input delay, min/max delays, false-path exceptions, or max skew assignments found ;
; Data_BUS_READ[5]  ; No input delay, min/max delays, false-path exceptions, or max skew assignments found ;
; Data_BUS_READ[6]  ; No input delay, min/max delays, false-path exceptions, or max skew assignments found ;
; Data_BUS_READ[7]  ; No input delay, min/max delays, false-path exceptions, or max skew assignments found ;
; Data_BUS_READ[8]  ; No input delay, min/max delays, false-path exceptions, or max skew assignments found ;
; Data_BUS_READ[9]  ; No input delay, min/max delays, false-path exceptions, or max skew assignments found ;
; Data_BUS_READ[10] ; No input delay, min/max delays, false-path exceptions, or max skew assignments found ;
; Data_BUS_READ[11] ; No input delay, min/max delays, false-path exceptions, or max skew assignments found ;
; Data_BUS_READ[12] ; No input delay, min/max delays, false-path exceptions, or max skew assignments found ;
; Data_BUS_READ[13] ; No input delay, min/max delays, false-path exceptions, or max skew assignments found ;
; Data_BUS_READ[14] ; No input delay, min/max delays, false-path exceptions, or max skew assignments found ;
; Data_BUS_READ[15] ; No input delay, min/max delays, false-path exceptions, or max skew assignments found ;
; Data_BUS_READ[16] ; No input delay, min/max delays, false-path exceptions, or max skew assignments found ;
; Data_BUS_READ[17] ; No input delay, min/max delays, false-path exceptions, or max skew assignments found ;
; Data_BUS_READ[18] ; No input delay, min/max delays, false-path exceptions, or max skew assignments found ;
; Data_BUS_READ[19] ; No input delay, min/max delays, false-path exceptions, or max skew assignments found ;
; Data_BUS_READ[20] ; No input delay, min/max delays, false-path exceptions, or max skew assignments found ;
; Data_BUS_READ[21] ; No input delay, min/max delays, false-path exceptions, or max skew assignments found ;
; Data_BUS_READ[22] ; No input delay, min/max delays, false-path exceptions, or max skew assignments found ;
; Data_BUS_READ[23] ; No input delay, min/max delays, false-path exceptions, or max skew assignments found ;
; Data_BUS_READ[24] ; No input delay, min/max delays, false-path exceptions, or max skew assignments found ;
; Data_BUS_READ[25] ; No input delay, min/max delays, false-path exceptions, or max skew assignments found ;
; Data_BUS_READ[26] ; No input delay, min/max delays, false-path exceptions, or max skew assignments found ;
; Data_BUS_READ[27] ; No input delay, min/max delays, false-path exceptions, or max skew assignments found ;
; Data_BUS_READ[28] ; No input delay, min/max delays, false-path exceptions, or max skew assignments found ;
; Data_BUS_READ[29] ; No input delay, min/max delays, false-path exceptions, or max skew assignments found ;
; Data_BUS_READ[30] ; No input delay, min/max delays, false-path exceptions, or max skew assignments found ;
; Data_BUS_READ[31] ; No input delay, min/max delays, false-path exceptions, or max skew assignments found ;
; Prog_BUS_READ[0]  ; No input delay, min/max delays, false-path exceptions, or max skew assignments found ;
; Prog_BUS_READ[1]  ; No input delay, min/max delays, false-path exceptions, or max skew assignments found ;
; Prog_BUS_READ[2]  ; No input delay, min/max delays, false-path exceptions, or max skew assignments found ;
; Prog_BUS_READ[3]  ; No input delay, min/max delays, false-path exceptions, or max skew assignments found ;
; Prog_BUS_READ[4]  ; No input delay, min/max delays, false-path exceptions, or max skew assignments found ;
; Prog_BUS_READ[5]  ; No input delay, min/max delays, false-path exceptions, or max skew assignments found ;
; Prog_BUS_READ[11] ; No input delay, min/max delays, false-path exceptions, or max skew assignments found ;
; Prog_BUS_READ[12] ; No input delay, min/max delays, false-path exceptions, or max skew assignments found ;
; Prog_BUS_READ[13] ; No input delay, min/max delays, false-path exceptions, or max skew assignments found ;
; Prog_BUS_READ[14] ; No input delay, min/max delays, false-path exceptions, or max skew assignments found ;
; Prog_BUS_READ[15] ; No input delay, min/max delays, false-path exceptions, or max skew assignments found ;
; Prog_BUS_READ[16] ; No input delay, min/max delays, false-path exceptions, or max skew assignments found ;
; Prog_BUS_READ[17] ; No input delay, min/max delays, false-path exceptions, or max skew assignments found ;
; Prog_BUS_READ[18] ; No input delay, min/max delays, false-path exceptions, or max skew assignments found ;
; Prog_BUS_READ[19] ; No input delay, min/max delays, false-path exceptions, or max skew assignments found ;
; Prog_BUS_READ[20] ; No input delay, min/max delays, false-path exceptions, or max skew assignments found ;
; Prog_BUS_READ[21] ; No input delay, min/max delays, false-path exceptions, or max skew assignments found ;
; Prog_BUS_READ[22] ; No input delay, min/max delays, false-path exceptions, or max skew assignments found ;
; Prog_BUS_READ[23] ; No input delay, min/max delays, false-path exceptions, or max skew assignments found ;
; Prog_BUS_READ[24] ; No input delay, min/max delays, false-path exceptions, or max skew assignments found ;
; Prog_BUS_READ[25] ; No input delay, min/max delays, false-path exceptions, or max skew assignments found ;
; Prog_BUS_READ[26] ; No input delay, min/max delays, false-path exceptions, or max skew assignments found ;
; Prog_BUS_READ[27] ; No input delay, min/max delays, false-path exceptions, or max skew assignments found ;
; Prog_BUS_READ[28] ; No input delay, min/max delays, false-path exceptions, or max skew assignments found ;
; Prog_BUS_READ[29] ; No input delay, min/max delays, false-path exceptions, or max skew assignments found ;
; Prog_BUS_READ[30] ; No input delay, min/max delays, false-path exceptions, or max skew assignments found ;
; Prog_BUS_READ[31] ; No input delay, min/max delays, false-path exceptions, or max skew assignments found ;
; Reset             ; No input delay, min/max delays, false-path exceptions, or max skew assignments found ;
+-------------------+--------------------------------------------------------------------------------------+


+------------------------------------------------------------------------------------------------------------+
; Unconstrained Output Ports                                                                                 ;
+--------------------+---------------------------------------------------------------------------------------+
; Output Port        ; Comment                                                                               ;
+--------------------+---------------------------------------------------------------------------------------+
; ADDR[0]            ; No output delay, min/max delays, false-path exceptions, or max skew assignments found ;
; ADDR[1]            ; No output delay, min/max delays, false-path exceptions, or max skew assignments found ;
; ADDR[2]            ; No output delay, min/max delays, false-path exceptions, or max skew assignments found ;
; ADDR[3]            ; No output delay, min/max delays, false-path exceptions, or max skew assignments found ;
; ADDR[4]            ; No output delay, min/max delays, false-path exceptions, or max skew assignments found ;
; ADDR[5]            ; No output delay, min/max delays, false-path exceptions, or max skew assignments found ;
; ADDR[6]            ; No output delay, min/max delays, false-path exceptions, or max skew assignments found ;
; ADDR[7]            ; No output delay, min/max delays, false-path exceptions, or max skew assignments found ;
; ADDR[8]            ; No output delay, min/max delays, false-path exceptions, or max skew assignments found ;
; ADDR[9]            ; No output delay, min/max delays, false-path exceptions, or max skew assignments found ;
; ADDR[10]           ; No output delay, min/max delays, false-path exceptions, or max skew assignments found ;
; ADDR[11]           ; No output delay, min/max delays, false-path exceptions, or max skew assignments found ;
; ADDR[12]           ; No output delay, min/max delays, false-path exceptions, or max skew assignments found ;
; ADDR[13]           ; No output delay, min/max delays, false-path exceptions, or max skew assignments found ;
; ADDR[14]           ; No output delay, min/max delays, false-path exceptions, or max skew assignments found ;
; ADDR[15]           ; No output delay, min/max delays, false-path exceptions, or max skew assignments found ;
; ADDR[16]           ; No output delay, min/max delays, false-path exceptions, or max skew assignments found ;
; ADDR[17]           ; No output delay, min/max delays, false-path exceptions, or max skew assignments found ;
; ADDR[18]           ; No output delay, min/max delays, false-path exceptions, or max skew assignments found ;
; ADDR[19]           ; No output delay, min/max delays, false-path exceptions, or max skew assignments found ;
; ADDR[20]           ; No output delay, min/max delays, false-path exceptions, or max skew assignments found ;
; ADDR[21]           ; No output delay, min/max delays, false-path exceptions, or max skew assignments found ;
; ADDR[22]           ; No output delay, min/max delays, false-path exceptions, or max skew assignments found ;
; ADDR[23]           ; No output delay, min/max delays, false-path exceptions, or max skew assignments found ;
; ADDR[24]           ; No output delay, min/max delays, false-path exceptions, or max skew assignments found ;
; ADDR[25]           ; No output delay, min/max delays, false-path exceptions, or max skew assignments found ;
; ADDR[26]           ; No output delay, min/max delays, false-path exceptions, or max skew assignments found ;
; ADDR[27]           ; No output delay, min/max delays, false-path exceptions, or max skew assignments found ;
; ADDR[28]           ; No output delay, min/max delays, false-path exceptions, or max skew assignments found ;
; ADDR[29]           ; No output delay, min/max delays, false-path exceptions, or max skew assignments found ;
; ADDR[30]           ; No output delay, min/max delays, false-path exceptions, or max skew assignments found ;
; ADDR[31]           ; No output delay, min/max delays, false-path exceptions, or max skew assignments found ;
; ADDR_Prog[0]       ; No output delay, min/max delays, false-path exceptions, or max skew assignments found ;
; ADDR_Prog[1]       ; No output delay, min/max delays, false-path exceptions, or max skew assignments found ;
; ADDR_Prog[2]       ; No output delay, min/max delays, false-path exceptions, or max skew assignments found ;
; ADDR_Prog[3]       ; No output delay, min/max delays, false-path exceptions, or max skew assignments found ;
; ADDR_Prog[4]       ; No output delay, min/max delays, false-path exceptions, or max skew assignments found ;
; ADDR_Prog[5]       ; No output delay, min/max delays, false-path exceptions, or max skew assignments found ;
; ADDR_Prog[6]       ; No output delay, min/max delays, false-path exceptions, or max skew assignments found ;
; ADDR_Prog[7]       ; No output delay, min/max delays, false-path exceptions, or max skew assignments found ;
; ADDR_Prog[8]       ; No output delay, min/max delays, false-path exceptions, or max skew assignments found ;
; ADDR_Prog[9]       ; No output delay, min/max delays, false-path exceptions, or max skew assignments found ;
; ADDR_Prog[10]      ; No output delay, min/max delays, false-path exceptions, or max skew assignments found ;
; ADDR_Prog[11]      ; No output delay, min/max delays, false-path exceptions, or max skew assignments found ;
; ADDR_Prog[12]      ; No output delay, min/max delays, false-path exceptions, or max skew assignments found ;
; ADDR_Prog[13]      ; No output delay, min/max delays, false-path exceptions, or max skew assignments found ;
; ADDR_Prog[14]      ; No output delay, min/max delays, false-path exceptions, or max skew assignments found ;
; ADDR_Prog[15]      ; No output delay, min/max delays, false-path exceptions, or max skew assignments found ;
; ADDR_Prog[16]      ; No output delay, min/max delays, false-path exceptions, or max skew assignments found ;
; ADDR_Prog[17]      ; No output delay, min/max delays, false-path exceptions, or max skew assignments found ;
; ADDR_Prog[18]      ; No output delay, min/max delays, false-path exceptions, or max skew assignments found ;
; ADDR_Prog[19]      ; No output delay, min/max delays, false-path exceptions, or max skew assignments found ;
; ADDR_Prog[20]      ; No output delay, min/max delays, false-path exceptions, or max skew assignments found ;
; ADDR_Prog[21]      ; No output delay, min/max delays, false-path exceptions, or max skew assignments found ;
; ADDR_Prog[22]      ; No output delay, min/max delays, false-path exceptions, or max skew assignments found ;
; ADDR_Prog[23]      ; No output delay, min/max delays, false-path exceptions, or max skew assignments found ;
; ADDR_Prog[24]      ; No output delay, min/max delays, false-path exceptions, or max skew assignments found ;
; ADDR_Prog[25]      ; No output delay, min/max delays, false-path exceptions, or max skew assignments found ;
; ADDR_Prog[26]      ; No output delay, min/max delays, false-path exceptions, or max skew assignments found ;
; ADDR_Prog[27]      ; No output delay, min/max delays, false-path exceptions, or max skew assignments found ;
; ADDR_Prog[28]      ; No output delay, min/max delays, false-path exceptions, or max skew assignments found ;
; ADDR_Prog[29]      ; No output delay, min/max delays, false-path exceptions, or max skew assignments found ;
; ADDR_Prog[30]      ; No output delay, min/max delays, false-path exceptions, or max skew assignments found ;
; ADDR_Prog[31]      ; No output delay, min/max delays, false-path exceptions, or max skew assignments found ;
; CS                 ; No output delay, min/max delays, false-path exceptions, or max skew assignments found ;
; CS_P               ; No output delay, min/max delays, false-path exceptions, or max skew assignments found ;
; Data_BUS_WRITE[0]  ; No output delay, min/max delays, false-path exceptions, or max skew assignments found ;
; Data_BUS_WRITE[1]  ; No output delay, min/max delays, false-path exceptions, or max skew assignments found ;
; Data_BUS_WRITE[2]  ; No output delay, min/max delays, false-path exceptions, or max skew assignments found ;
; Data_BUS_WRITE[3]  ; No output delay, min/max delays, false-path exceptions, or max skew assignments found ;
; Data_BUS_WRITE[4]  ; No output delay, min/max delays, false-path exceptions, or max skew assignments found ;
; Data_BUS_WRITE[5]  ; No output delay, min/max delays, false-path exceptions, or max skew assignments found ;
; Data_BUS_WRITE[6]  ; No output delay, min/max delays, false-path exceptions, or max skew assignments found ;
; Data_BUS_WRITE[7]  ; No output delay, min/max delays, false-path exceptions, or max skew assignments found ;
; Data_BUS_WRITE[8]  ; No output delay, min/max delays, false-path exceptions, or max skew assignments found ;
; Data_BUS_WRITE[9]  ; No output delay, min/max delays, false-path exceptions, or max skew assignments found ;
; Data_BUS_WRITE[10] ; No output delay, min/max delays, false-path exceptions, or max skew assignments found ;
; Data_BUS_WRITE[11] ; No output delay, min/max delays, false-path exceptions, or max skew assignments found ;
; Data_BUS_WRITE[12] ; No output delay, min/max delays, false-path exceptions, or max skew assignments found ;
; Data_BUS_WRITE[13] ; No output delay, min/max delays, false-path exceptions, or max skew assignments found ;
; Data_BUS_WRITE[14] ; No output delay, min/max delays, false-path exceptions, or max skew assignments found ;
; Data_BUS_WRITE[15] ; No output delay, min/max delays, false-path exceptions, or max skew assignments found ;
; Data_BUS_WRITE[16] ; No output delay, min/max delays, false-path exceptions, or max skew assignments found ;
; Data_BUS_WRITE[17] ; No output delay, min/max delays, false-path exceptions, or max skew assignments found ;
; Data_BUS_WRITE[18] ; No output delay, min/max delays, false-path exceptions, or max skew assignments found ;
; Data_BUS_WRITE[19] ; No output delay, min/max delays, false-path exceptions, or max skew assignments found ;
; Data_BUS_WRITE[20] ; No output delay, min/max delays, false-path exceptions, or max skew assignments found ;
; Data_BUS_WRITE[21] ; No output delay, min/max delays, false-path exceptions, or max skew assignments found ;
; Data_BUS_WRITE[22] ; No output delay, min/max delays, false-path exceptions, or max skew assignments found ;
; Data_BUS_WRITE[23] ; No output delay, min/max delays, false-path exceptions, or max skew assignments found ;
; Data_BUS_WRITE[24] ; No output delay, min/max delays, false-path exceptions, or max skew assignments found ;
; Data_BUS_WRITE[25] ; No output delay, min/max delays, false-path exceptions, or max skew assignments found ;
; Data_BUS_WRITE[26] ; No output delay, min/max delays, false-path exceptions, or max skew assignments found ;
; Data_BUS_WRITE[27] ; No output delay, min/max delays, false-path exceptions, or max skew assignments found ;
; Data_BUS_WRITE[28] ; No output delay, min/max delays, false-path exceptions, or max skew assignments found ;
; Data_BUS_WRITE[29] ; No output delay, min/max delays, false-path exceptions, or max skew assignments found ;
; Data_BUS_WRITE[30] ; No output delay, min/max delays, false-path exceptions, or max skew assignments found ;
; Data_BUS_WRITE[31] ; No output delay, min/max delays, false-path exceptions, or max skew assignments found ;
; WE                 ; No output delay, min/max delays, false-path exceptions, or max skew assignments found ;
+--------------------+---------------------------------------------------------------------------------------+


+----------------------------------------------------------------------------------------------------------+
; Unconstrained Input Ports                                                                                ;
+-------------------+--------------------------------------------------------------------------------------+
; Input Port        ; Comment                                                                              ;
+-------------------+--------------------------------------------------------------------------------------+
; Data_BUS_READ[0]  ; No input delay, min/max delays, false-path exceptions, or max skew assignments found ;
; Data_BUS_READ[1]  ; No input delay, min/max delays, false-path exceptions, or max skew assignments found ;
; Data_BUS_READ[2]  ; No input delay, min/max delays, false-path exceptions, or max skew assignments found ;
; Data_BUS_READ[3]  ; No input delay, min/max delays, false-path exceptions, or max skew assignments found ;
; Data_BUS_READ[4]  ; No input delay, min/max delays, false-path exceptions, or max skew assignments found ;
; Data_BUS_READ[5]  ; No input delay, min/max delays, false-path exceptions, or max skew assignments found ;
; Data_BUS_READ[6]  ; No input delay, min/max delays, false-path exceptions, or max skew assignments found ;
; Data_BUS_READ[7]  ; No input delay, min/max delays, false-path exceptions, or max skew assignments found ;
; Data_BUS_READ[8]  ; No input delay, min/max delays, false-path exceptions, or max skew assignments found ;
; Data_BUS_READ[9]  ; No input delay, min/max delays, false-path exceptions, or max skew assignments found ;
; Data_BUS_READ[10] ; No input delay, min/max delays, false-path exceptions, or max skew assignments found ;
; Data_BUS_READ[11] ; No input delay, min/max delays, false-path exceptions, or max skew assignments found ;
; Data_BUS_READ[12] ; No input delay, min/max delays, false-path exceptions, or max skew assignments found ;
; Data_BUS_READ[13] ; No input delay, min/max delays, false-path exceptions, or max skew assignments found ;
; Data_BUS_READ[14] ; No input delay, min/max delays, false-path exceptions, or max skew assignments found ;
; Data_BUS_READ[15] ; No input delay, min/max delays, false-path exceptions, or max skew assignments found ;
; Data_BUS_READ[16] ; No input delay, min/max delays, false-path exceptions, or max skew assignments found ;
; Data_BUS_READ[17] ; No input delay, min/max delays, false-path exceptions, or max skew assignments found ;
; Data_BUS_READ[18] ; No input delay, min/max delays, false-path exceptions, or max skew assignments found ;
; Data_BUS_READ[19] ; No input delay, min/max delays, false-path exceptions, or max skew assignments found ;
; Data_BUS_READ[20] ; No input delay, min/max delays, false-path exceptions, or max skew assignments found ;
; Data_BUS_READ[21] ; No input delay, min/max delays, false-path exceptions, or max skew assignments found ;
; Data_BUS_READ[22] ; No input delay, min/max delays, false-path exceptions, or max skew assignments found ;
; Data_BUS_READ[23] ; No input delay, min/max delays, false-path exceptions, or max skew assignments found ;
; Data_BUS_READ[24] ; No input delay, min/max delays, false-path exceptions, or max skew assignments found ;
; Data_BUS_READ[25] ; No input delay, min/max delays, false-path exceptions, or max skew assignments found ;
; Data_BUS_READ[26] ; No input delay, min/max delays, false-path exceptions, or max skew assignments found ;
; Data_BUS_READ[27] ; No input delay, min/max delays, false-path exceptions, or max skew assignments found ;
; Data_BUS_READ[28] ; No input delay, min/max delays, false-path exceptions, or max skew assignments found ;
; Data_BUS_READ[29] ; No input delay, min/max delays, false-path exceptions, or max skew assignments found ;
; Data_BUS_READ[30] ; No input delay, min/max delays, false-path exceptions, or max skew assignments found ;
; Data_BUS_READ[31] ; No input delay, min/max delays, false-path exceptions, or max skew assignments found ;
; Prog_BUS_READ[0]  ; No input delay, min/max delays, false-path exceptions, or max skew assignments found ;
; Prog_BUS_READ[1]  ; No input delay, min/max delays, false-path exceptions, or max skew assignments found ;
; Prog_BUS_READ[2]  ; No input delay, min/max delays, false-path exceptions, or max skew assignments found ;
; Prog_BUS_READ[3]  ; No input delay, min/max delays, false-path exceptions, or max skew assignments found ;
; Prog_BUS_READ[4]  ; No input delay, min/max delays, false-path exceptions, or max skew assignments found ;
; Prog_BUS_READ[5]  ; No input delay, min/max delays, false-path exceptions, or max skew assignments found ;
; Prog_BUS_READ[11] ; No input delay, min/max delays, false-path exceptions, or max skew assignments found ;
; Prog_BUS_READ[12] ; No input delay, min/max delays, false-path exceptions, or max skew assignments found ;
; Prog_BUS_READ[13] ; No input delay, min/max delays, false-path exceptions, or max skew assignments found ;
; Prog_BUS_READ[14] ; No input delay, min/max delays, false-path exceptions, or max skew assignments found ;
; Prog_BUS_READ[15] ; No input delay, min/max delays, false-path exceptions, or max skew assignments found ;
; Prog_BUS_READ[16] ; No input delay, min/max delays, false-path exceptions, or max skew assignments found ;
; Prog_BUS_READ[17] ; No input delay, min/max delays, false-path exceptions, or max skew assignments found ;
; Prog_BUS_READ[18] ; No input delay, min/max delays, false-path exceptions, or max skew assignments found ;
; Prog_BUS_READ[19] ; No input delay, min/max delays, false-path exceptions, or max skew assignments found ;
; Prog_BUS_READ[20] ; No input delay, min/max delays, false-path exceptions, or max skew assignments found ;
; Prog_BUS_READ[21] ; No input delay, min/max delays, false-path exceptions, or max skew assignments found ;
; Prog_BUS_READ[22] ; No input delay, min/max delays, false-path exceptions, or max skew assignments found ;
; Prog_BUS_READ[23] ; No input delay, min/max delays, false-path exceptions, or max skew assignments found ;
; Prog_BUS_READ[24] ; No input delay, min/max delays, false-path exceptions, or max skew assignments found ;
; Prog_BUS_READ[25] ; No input delay, min/max delays, false-path exceptions, or max skew assignments found ;
; Prog_BUS_READ[26] ; No input delay, min/max delays, false-path exceptions, or max skew assignments found ;
; Prog_BUS_READ[27] ; No input delay, min/max delays, false-path exceptions, or max skew assignments found ;
; Prog_BUS_READ[28] ; No input delay, min/max delays, false-path exceptions, or max skew assignments found ;
; Prog_BUS_READ[29] ; No input delay, min/max delays, false-path exceptions, or max skew assignments found ;
; Prog_BUS_READ[30] ; No input delay, min/max delays, false-path exceptions, or max skew assignments found ;
; Prog_BUS_READ[31] ; No input delay, min/max delays, false-path exceptions, or max skew assignments found ;
; Reset             ; No input delay, min/max delays, false-path exceptions, or max skew assignments found ;
+-------------------+--------------------------------------------------------------------------------------+


+------------------------------------------------------------------------------------------------------------+
; Unconstrained Output Ports                                                                                 ;
+--------------------+---------------------------------------------------------------------------------------+
; Output Port        ; Comment                                                                               ;
+--------------------+---------------------------------------------------------------------------------------+
; ADDR[0]            ; No output delay, min/max delays, false-path exceptions, or max skew assignments found ;
; ADDR[1]            ; No output delay, min/max delays, false-path exceptions, or max skew assignments found ;
; ADDR[2]            ; No output delay, min/max delays, false-path exceptions, or max skew assignments found ;
; ADDR[3]            ; No output delay, min/max delays, false-path exceptions, or max skew assignments found ;
; ADDR[4]            ; No output delay, min/max delays, false-path exceptions, or max skew assignments found ;
; ADDR[5]            ; No output delay, min/max delays, false-path exceptions, or max skew assignments found ;
; ADDR[6]            ; No output delay, min/max delays, false-path exceptions, or max skew assignments found ;
; ADDR[7]            ; No output delay, min/max delays, false-path exceptions, or max skew assignments found ;
; ADDR[8]            ; No output delay, min/max delays, false-path exceptions, or max skew assignments found ;
; ADDR[9]            ; No output delay, min/max delays, false-path exceptions, or max skew assignments found ;
; ADDR[10]           ; No output delay, min/max delays, false-path exceptions, or max skew assignments found ;
; ADDR[11]           ; No output delay, min/max delays, false-path exceptions, or max skew assignments found ;
; ADDR[12]           ; No output delay, min/max delays, false-path exceptions, or max skew assignments found ;
; ADDR[13]           ; No output delay, min/max delays, false-path exceptions, or max skew assignments found ;
; ADDR[14]           ; No output delay, min/max delays, false-path exceptions, or max skew assignments found ;
; ADDR[15]           ; No output delay, min/max delays, false-path exceptions, or max skew assignments found ;
; ADDR[16]           ; No output delay, min/max delays, false-path exceptions, or max skew assignments found ;
; ADDR[17]           ; No output delay, min/max delays, false-path exceptions, or max skew assignments found ;
; ADDR[18]           ; No output delay, min/max delays, false-path exceptions, or max skew assignments found ;
; ADDR[19]           ; No output delay, min/max delays, false-path exceptions, or max skew assignments found ;
; ADDR[20]           ; No output delay, min/max delays, false-path exceptions, or max skew assignments found ;
; ADDR[21]           ; No output delay, min/max delays, false-path exceptions, or max skew assignments found ;
; ADDR[22]           ; No output delay, min/max delays, false-path exceptions, or max skew assignments found ;
; ADDR[23]           ; No output delay, min/max delays, false-path exceptions, or max skew assignments found ;
; ADDR[24]           ; No output delay, min/max delays, false-path exceptions, or max skew assignments found ;
; ADDR[25]           ; No output delay, min/max delays, false-path exceptions, or max skew assignments found ;
; ADDR[26]           ; No output delay, min/max delays, false-path exceptions, or max skew assignments found ;
; ADDR[27]           ; No output delay, min/max delays, false-path exceptions, or max skew assignments found ;
; ADDR[28]           ; No output delay, min/max delays, false-path exceptions, or max skew assignments found ;
; ADDR[29]           ; No output delay, min/max delays, false-path exceptions, or max skew assignments found ;
; ADDR[30]           ; No output delay, min/max delays, false-path exceptions, or max skew assignments found ;
; ADDR[31]           ; No output delay, min/max delays, false-path exceptions, or max skew assignments found ;
; ADDR_Prog[0]       ; No output delay, min/max delays, false-path exceptions, or max skew assignments found ;
; ADDR_Prog[1]       ; No output delay, min/max delays, false-path exceptions, or max skew assignments found ;
; ADDR_Prog[2]       ; No output delay, min/max delays, false-path exceptions, or max skew assignments found ;
; ADDR_Prog[3]       ; No output delay, min/max delays, false-path exceptions, or max skew assignments found ;
; ADDR_Prog[4]       ; No output delay, min/max delays, false-path exceptions, or max skew assignments found ;
; ADDR_Prog[5]       ; No output delay, min/max delays, false-path exceptions, or max skew assignments found ;
; ADDR_Prog[6]       ; No output delay, min/max delays, false-path exceptions, or max skew assignments found ;
; ADDR_Prog[7]       ; No output delay, min/max delays, false-path exceptions, or max skew assignments found ;
; ADDR_Prog[8]       ; No output delay, min/max delays, false-path exceptions, or max skew assignments found ;
; ADDR_Prog[9]       ; No output delay, min/max delays, false-path exceptions, or max skew assignments found ;
; ADDR_Prog[10]      ; No output delay, min/max delays, false-path exceptions, or max skew assignments found ;
; ADDR_Prog[11]      ; No output delay, min/max delays, false-path exceptions, or max skew assignments found ;
; ADDR_Prog[12]      ; No output delay, min/max delays, false-path exceptions, or max skew assignments found ;
; ADDR_Prog[13]      ; No output delay, min/max delays, false-path exceptions, or max skew assignments found ;
; ADDR_Prog[14]      ; No output delay, min/max delays, false-path exceptions, or max skew assignments found ;
; ADDR_Prog[15]      ; No output delay, min/max delays, false-path exceptions, or max skew assignments found ;
; ADDR_Prog[16]      ; No output delay, min/max delays, false-path exceptions, or max skew assignments found ;
; ADDR_Prog[17]      ; No output delay, min/max delays, false-path exceptions, or max skew assignments found ;
; ADDR_Prog[18]      ; No output delay, min/max delays, false-path exceptions, or max skew assignments found ;
; ADDR_Prog[19]      ; No output delay, min/max delays, false-path exceptions, or max skew assignments found ;
; ADDR_Prog[20]      ; No output delay, min/max delays, false-path exceptions, or max skew assignments found ;
; ADDR_Prog[21]      ; No output delay, min/max delays, false-path exceptions, or max skew assignments found ;
; ADDR_Prog[22]      ; No output delay, min/max delays, false-path exceptions, or max skew assignments found ;
; ADDR_Prog[23]      ; No output delay, min/max delays, false-path exceptions, or max skew assignments found ;
; ADDR_Prog[24]      ; No output delay, min/max delays, false-path exceptions, or max skew assignments found ;
; ADDR_Prog[25]      ; No output delay, min/max delays, false-path exceptions, or max skew assignments found ;
; ADDR_Prog[26]      ; No output delay, min/max delays, false-path exceptions, or max skew assignments found ;
; ADDR_Prog[27]      ; No output delay, min/max delays, false-path exceptions, or max skew assignments found ;
; ADDR_Prog[28]      ; No output delay, min/max delays, false-path exceptions, or max skew assignments found ;
; ADDR_Prog[29]      ; No output delay, min/max delays, false-path exceptions, or max skew assignments found ;
; ADDR_Prog[30]      ; No output delay, min/max delays, false-path exceptions, or max skew assignments found ;
; ADDR_Prog[31]      ; No output delay, min/max delays, false-path exceptions, or max skew assignments found ;
; CS                 ; No output delay, min/max delays, false-path exceptions, or max skew assignments found ;
; CS_P               ; No output delay, min/max delays, false-path exceptions, or max skew assignments found ;
; Data_BUS_WRITE[0]  ; No output delay, min/max delays, false-path exceptions, or max skew assignments found ;
; Data_BUS_WRITE[1]  ; No output delay, min/max delays, false-path exceptions, or max skew assignments found ;
; Data_BUS_WRITE[2]  ; No output delay, min/max delays, false-path exceptions, or max skew assignments found ;
; Data_BUS_WRITE[3]  ; No output delay, min/max delays, false-path exceptions, or max skew assignments found ;
; Data_BUS_WRITE[4]  ; No output delay, min/max delays, false-path exceptions, or max skew assignments found ;
; Data_BUS_WRITE[5]  ; No output delay, min/max delays, false-path exceptions, or max skew assignments found ;
; Data_BUS_WRITE[6]  ; No output delay, min/max delays, false-path exceptions, or max skew assignments found ;
; Data_BUS_WRITE[7]  ; No output delay, min/max delays, false-path exceptions, or max skew assignments found ;
; Data_BUS_WRITE[8]  ; No output delay, min/max delays, false-path exceptions, or max skew assignments found ;
; Data_BUS_WRITE[9]  ; No output delay, min/max delays, false-path exceptions, or max skew assignments found ;
; Data_BUS_WRITE[10] ; No output delay, min/max delays, false-path exceptions, or max skew assignments found ;
; Data_BUS_WRITE[11] ; No output delay, min/max delays, false-path exceptions, or max skew assignments found ;
; Data_BUS_WRITE[12] ; No output delay, min/max delays, false-path exceptions, or max skew assignments found ;
; Data_BUS_WRITE[13] ; No output delay, min/max delays, false-path exceptions, or max skew assignments found ;
; Data_BUS_WRITE[14] ; No output delay, min/max delays, false-path exceptions, or max skew assignments found ;
; Data_BUS_WRITE[15] ; No output delay, min/max delays, false-path exceptions, or max skew assignments found ;
; Data_BUS_WRITE[16] ; No output delay, min/max delays, false-path exceptions, or max skew assignments found ;
; Data_BUS_WRITE[17] ; No output delay, min/max delays, false-path exceptions, or max skew assignments found ;
; Data_BUS_WRITE[18] ; No output delay, min/max delays, false-path exceptions, or max skew assignments found ;
; Data_BUS_WRITE[19] ; No output delay, min/max delays, false-path exceptions, or max skew assignments found ;
; Data_BUS_WRITE[20] ; No output delay, min/max delays, false-path exceptions, or max skew assignments found ;
; Data_BUS_WRITE[21] ; No output delay, min/max delays, false-path exceptions, or max skew assignments found ;
; Data_BUS_WRITE[22] ; No output delay, min/max delays, false-path exceptions, or max skew assignments found ;
; Data_BUS_WRITE[23] ; No output delay, min/max delays, false-path exceptions, or max skew assignments found ;
; Data_BUS_WRITE[24] ; No output delay, min/max delays, false-path exceptions, or max skew assignments found ;
; Data_BUS_WRITE[25] ; No output delay, min/max delays, false-path exceptions, or max skew assignments found ;
; Data_BUS_WRITE[26] ; No output delay, min/max delays, false-path exceptions, or max skew assignments found ;
; Data_BUS_WRITE[27] ; No output delay, min/max delays, false-path exceptions, or max skew assignments found ;
; Data_BUS_WRITE[28] ; No output delay, min/max delays, false-path exceptions, or max skew assignments found ;
; Data_BUS_WRITE[29] ; No output delay, min/max delays, false-path exceptions, or max skew assignments found ;
; Data_BUS_WRITE[30] ; No output delay, min/max delays, false-path exceptions, or max skew assignments found ;
; Data_BUS_WRITE[31] ; No output delay, min/max delays, false-path exceptions, or max skew assignments found ;
; WE                 ; No output delay, min/max delays, false-path exceptions, or max skew assignments found ;
+--------------------+---------------------------------------------------------------------------------------+


+--------------------------+
; Timing Analyzer Messages ;
+--------------------------+
Info: *******************************************************************
Info: Running Quartus Prime Timing Analyzer
    Info: Version 18.1.0 Build 625 09/12/2018 SJ Lite Edition
    Info: Processing started: Mon Jun 30 11:12:51 2025
Info: Command: quartus_sta cpu -c cpu
Info: qsta_default_script.tcl version: #1
Warning (18236): Number of processors has not been specified which may cause overloading on shared machines.  Set the global assignment NUM_PARALLEL_PROCESSORS in your QSF to an appropriate value for best performance.
Info (20030): Parallel compilation is enabled and will use 4 of the 4 processors detected
Info (21077): Low junction temperature is -40 degrees C
Info (21077): High junction temperature is 100 degrees C
Critical Warning (332012): Synopsys Design Constraints File file not found: 'cpu.sdc'. A Synopsys Design Constraints File is required by the Timing Analyzer to get proper timing constraints. Without it, the Compiler will not properly optimize the design.
Info (332142): No user constrained generated clocks found in the design. Calling "derive_pll_clocks -create_base_clocks"
Info (332110): Deriving PLL clocks
    Info (332110): create_clock -period 10.000 -waveform {0.000 5.000} -name CLK CLK
    Info (332110): create_generated_clock -source {pll|altpll_component|auto_generated|pll1|inclk[0]} -divide_by 1250 -duty_cycle 50.00 -name {pll|altpll_component|auto_generated|pll1|clk[0]} {pll|altpll_component|auto_generated|pll1|clk[0]}
    Info (332110): create_generated_clock -source {pll|altpll_component|auto_generated|pll1|inclk[0]} -divide_by 2500 -multiply_by 3 -duty_cycle 50.00 -name {pll|altpll_component|auto_generated|pll1|clk[1]} {pll|altpll_component|auto_generated|pll1|clk[1]}
Info (332142): No user constrained base clocks found in the design. Calling "derive_clocks -period 1.0"
Info (332096): The command derive_clocks did not find any clocks to derive.  No clocks were created or changed.
Info (332143): No user constrained clock uncertainty found in the design. Calling "derive_clock_uncertainty"
Info (332123): Deriving Clock Uncertainty. Please refer to report_sdc in the Timing Analyzer to see clock uncertainties.
Info: Found TIMING_ANALYZER_REPORT_SCRIPT_INCLUDE_DEFAULT_ANALYSIS = ON
Info: Analyzing Slow 1200mV 100C Model
Info (332146): Worst-case setup slack is 4158.793
    Info (332119):     Slack       End Point TNS Clock 
    Info (332119): ========= =================== =====================
    Info (332119):  4158.793               0.000 pll|altpll_component|auto_generated|pll1|clk[0] 
    Info (332119):  4160.679               0.000 pll|altpll_component|auto_generated|pll1|clk[1] 
Info (332146): Worst-case hold slack is 0.397
    Info (332119):     Slack       End Point TNS Clock 
    Info (332119): ========= =================== =====================
    Info (332119):     0.397               0.000 pll|altpll_component|auto_generated|pll1|clk[1] 
    Info (332119):     0.550               0.000 pll|altpll_component|auto_generated|pll1|clk[0] 
Info (332146): Worst-case recovery slack is 12495.190
    Info (332119):     Slack       End Point TNS Clock 
    Info (332119): ========= =================== =====================
    Info (332119): 12495.190               0.000 pll|altpll_component|auto_generated|pll1|clk[0] 
Info (332146): Worst-case removal slack is 2.048
    Info (332119):     Slack       End Point TNS Clock 
    Info (332119): ========= =================== =====================
    Info (332119):     2.048               0.000 pll|altpll_component|auto_generated|pll1|clk[0] 
Info (332146): Worst-case minimum pulse width slack is 4.891
    Info (332119):     Slack       End Point TNS Clock 
    Info (332119): ========= =================== =====================
    Info (332119):     4.891               0.000 CLK 
    Info (332119):  4166.287               0.000 pll|altpll_component|auto_generated|pll1|clk[1] 
    Info (332119):  6249.619               0.000 pll|altpll_component|auto_generated|pll1|clk[0] 
Info: Analyzing Slow 1200mV -40C Model
Info (334003): Started post-fitting delay annotation
Info (334004): Delay annotation completed successfully
Info (332123): Deriving Clock Uncertainty. Please refer to report_sdc in the Timing Analyzer to see clock uncertainties.
Info (332146): Worst-case setup slack is 4159.521
    Info (332119):     Slack       End Point TNS Clock 
    Info (332119): ========= =================== =====================
    Info (332119):  4159.521               0.000 pll|altpll_component|auto_generated|pll1|clk[0] 
    Info (332119):  4161.298               0.000 pll|altpll_component|auto_generated|pll1|clk[1] 
Info (332146): Worst-case hold slack is 0.327
    Info (332119):     Slack       End Point TNS Clock 
    Info (332119): ========= =================== =====================
    Info (332119):     0.327               0.000 pll|altpll_component|auto_generated|pll1|clk[1] 
    Info (332119):     0.488               0.000 pll|altpll_component|auto_generated|pll1|clk[0] 
Info (332146): Worst-case recovery slack is 12495.728
    Info (332119):     Slack       End Point TNS Clock 
    Info (332119): ========= =================== =====================
    Info (332119): 12495.728               0.000 pll|altpll_component|auto_generated|pll1|clk[0] 
Info (332146): Worst-case removal slack is 1.799
    Info (332119):     Slack       End Point TNS Clock 
    Info (332119): ========= =================== =====================
    Info (332119):     1.799               0.000 pll|altpll_component|auto_generated|pll1|clk[0] 
Info (332146): Worst-case minimum pulse width slack is 4.908
    Info (332119):     Slack       End Point TNS Clock 
    Info (332119): ========= =================== =====================
    Info (332119):     4.908               0.000 CLK 
    Info (332119):  4166.296               0.000 pll|altpll_component|auto_generated|pll1|clk[1] 
    Info (332119):  6249.629               0.000 pll|altpll_component|auto_generated|pll1|clk[0] 
Info: Analyzing Fast 1200mV -40C Model
Info (332123): Deriving Clock Uncertainty. Please refer to report_sdc in the Timing Analyzer to see clock uncertainties.
Info (332146): Worst-case setup slack is 4162.841
    Info (332119):     Slack       End Point TNS Clock 
    Info (332119): ========= =================== =====================
    Info (332119):  4162.841               0.000 pll|altpll_component|auto_generated|pll1|clk[0] 
    Info (332119):  4163.759               0.000 pll|altpll_component|auto_generated|pll1|clk[1] 
Info (332146): Worst-case hold slack is 0.168
    Info (332119):     Slack       End Point TNS Clock 
    Info (332119): ========= =================== =====================
    Info (332119):     0.168               0.000 pll|altpll_component|auto_generated|pll1|clk[1] 
    Info (332119):     0.231               0.000 pll|altpll_component|auto_generated|pll1|clk[0] 
Info (332146): Worst-case recovery slack is 12497.493
    Info (332119):     Slack       End Point TNS Clock 
    Info (332119): ========= =================== =====================
    Info (332119): 12497.493               0.000 pll|altpll_component|auto_generated|pll1|clk[0] 
Info (332146): Worst-case removal slack is 0.929
    Info (332119):     Slack       End Point TNS Clock 
    Info (332119): ========= =================== =====================
    Info (332119):     0.929               0.000 pll|altpll_component|auto_generated|pll1|clk[0] 
Info (332146): Worst-case minimum pulse width slack is 4.626
    Info (332119):     Slack       End Point TNS Clock 
    Info (332119): ========= =================== =====================
    Info (332119):     4.626               0.000 CLK 
    Info (332119):  4166.402               0.000 pll|altpll_component|auto_generated|pll1|clk[1] 
    Info (332119):  6249.735               0.000 pll|altpll_component|auto_generated|pll1|clk[0] 
Info (332102): Design is not fully constrained for setup requirements
Info (332102): Design is not fully constrained for hold requirements
Info: Quartus Prime Timing Analyzer was successful. 0 errors, 2 warnings
    Info: Peak virtual memory: 4979 megabytes
    Info: Processing ended: Mon Jun 30 11:13:00 2025
    Info: Elapsed time: 00:00:09
    Info: Total CPU time (on all processors): 00:00:10


